"author","canonicalUrl","country","fullText","fullTextChars","guid","imageUrl","language","publishedAt","query","resolved","scrapedAt","source","sourceDomain","sourceName","summary","title","url"
,"https://thehindu.com/news/cities/chennai/two-killed-three-injured-as-stray-cattle-trigger-vehicle-crash-near-guduvanchery/article70420144.ece",,"Two motorcyclists died and three women were seriously injured in a collision of more than two vehicles caused by stray cattle near Guduvanchery on Friday night.
The accident occurred on the Mannivakkam–Adhanur Road, linking the Vandalur–Walajabad Road and the Guduvanchery–Madambakkam Road. Police said a private company van, travelling at high speed, struck two cows that suddenly crossed the road near Adhanur. The van veered out of control and crashed into a goods auto rickshaw and two motorcycles.
One of the deceased was Rajkumar, 52, of Adhanur, was an Assistant Engineer with the Tamil Nadu Electricity Board in Adyar. He was returning home after picking up his daughter from Guduvanchery when the van, coming from the opposite direction, hit their motorcycle. Rajkumar died instantly, while his daughter is undergoing treatment for serious injuries at a private hospital in Potheri.
The other victim was Venkatesan, 58, of Madambakkam, who was riding with his wife Savitha, 48. Venkatesan died on the spot, while Savitha sustained serious injuries and has been admitted to a private hospital. Another woman, Mythili, who was walking along the road, was also hit by the van and is being treated in the intensive care unit at the Tambaram Government Hospital. The cows also died due to the accident.
Published - December 21, 2025 12:53 am IST","1349","CBMi3gFBVV95cUxOb0lNUC1PYWZZdG5rNTJOLVhBT0dyczBqTnhKNVlicklVQzVlRDNCY1BGY0RzUF9PMGRabE9pYWF0YlRFdGdEMkJsRHRPb01sVnBuak1KZHBldExKdGhvVHdJYXUxYzN3SUhPMlJXRUJ4YVpTck9VSmpGY1BXaHNneVJiNWNoUEdiNVR4c1J0c2wtclZEZTdobWhJdkVJZE01NF9waDBIa1FjeEVBZVk2cjNXRjVzdHY2SVRHaUhlN25uTFdyWlF4ZVZTRzJQZlE1cEZaME9Nbm1GdGNOU1HSAeQBQVVfeXFMTmxoZ0VqSjgxX2hYMDh1bWJPY2w2ZjRlVzhLYklnSHNkeW1TaU9DT1hJaDk5S0hyNVI5bUVJczM5OF9EMGdjc0NIQkdGVVkzN2d4cEg2b3duaVZoU3JERFFfd0h1Mmc4TUlGZHhBc3RfbDV2TFZFRzVLZjVYOE05NVBFUmdOYjk5UXg1Q0pqSFU1MGxpR1RIX19wbWNuQVljSExUckhHRjBTVlpkb0FKRTdCWTljMWtzUWI0V1RCTWpsTEpIOXZsbWQzeklHRHV4TXlTOWRGT3ZBYU9raHVqbEJVMlRN","",,"2025-12-21T08:00:00+00:00","""two killed"" accident ""Tamil Nadu"" after:2024-12-31 before:2026-01-01","true","2026-09-24T18:50:35.343646+00:00","google-news","thehindu.com","The Hindu","Two killed, three injured as stray cattle trigger vehicle crash near Guduvanchery The Hindu","Two killed, three injured as stray cattle trigger vehicle crash near Guduvanchery - The Hindu","https://www.thehindu.com/news/cities/chennai/two-killed-three-injured-as-stray-cattle-trigger-vehicle-crash-near-guduvanchery/article70420144.ece"
,"https://newindianexpress.com/states/tamil-nadu/2025/May/31/two-killed-one-injured-in-accident-near-tamil-nadus-panagudi",,"TIRUNELVELI: Two persons, including the driver of a car, were killed and another injured in an accident after the four-wheeler hit a median and crashed into a mini truck and a goods vehicle near Panakudi around 1.30 pm on Friday.
Sources said the car driver -- Raju Lal Bright (55), headed to Tirunelveli from Nagercoil -- lost control of his vehicle near Panakudi and hit a median, resulting in the four-wheeler veering off to the opposite lane and crashing into the mini truck and the goods vehicle.
While Raju died on the spot, the driver of the mini truck -- whose identity has not been ascertained yet -- was rushed to the Government Hospital in Asaripallam, where he later died, not responding to treatment, said sources. Meanwhile, the driver of the goods vehicle, Ramkumar (36), suffered grievous injuries and has been receiving treatment at a hospital. Panakudi police registered a case and initiated a probe.","918","CBMiwAFBVV95cUxOUHNVUlBHS0xSU3lKcGZ4eElPQnRKNmx3bVVnMW5GcDF6LVhCaDl0Y09PR0F4Q3liZldIY2hZVHBVdGZaVGZEOWtTZnZHbGhVb2JTSGQxMS1OeDNzR0g0RUR0UVpiakEyZ2JUaHB4cFVHeGhEU2dRYk9xcUNTRHNlYmhlZ0RKRkZaVHEtU0Z3WGVMd0E0RWpjUUYtcmxmVk5LXzlIQlJOWHY3bEFfZnJBOTRtWlRXZTBjbkF0ekxBRlLSAc4BQVVfeXFMTTNUWk5DbXI0RnFFbDFYeGt6TkhVYXZLVldNNUFMWGtfVE5INm1xWFd0eHhIOUxmTWc0cXJGQ2ROYWk5MEFiS1M2Slg0cjB3T2hTR3M1SDBKRDJ1OHZzZmo2OUlaWjZ1aDhEUnZ3LVZxYldWUEdFc29nNHlsckNDRjJFMWdPU1dwUEd0LUppSFNxUzdmTWFzWUhRWlhoT3V5TUVYWXk3emRwWDc5NF9ZNFFjRWprdmdQaTNJSTFyeHU1dTFNbnlWMWtZalQ3dnc","",,"2025-05-31T07:00:00+00:00","""two killed"" accident ""Tamil Nadu"" after:2024-12-31 before:2026-01-01","true","2026-09-24T18:50:35.343722+00:00","google-news","newindianexpress.com","The New Indian Express","Two killed, one injured in accident near Tamil Nadu's Panagudi The New Indian Express","Two killed, one injured in accident near Tamil Nadu's Panagudi - The New Indian Express","https://www.newindianexpress.com/states/tamil-nadu/2025/May/31/two-killed-one-injured-in-accident-near-tamil-nadus-panagudi"
,"https://dtnext.in/news/tamilnadu/tamil-nadu-two-killed-in-accident-in-virudhunagar-834094",,"MADURAI: Two people were killed in an accident when a van rammed into a two-wheeler in Virudhunagar's Rajapalayam on Sunday.
The accident occurred at Kovai Nachiyarpuram post on the Rajapalayam-Sankarankoil road.
The deceased were identified as Veeralakshmi (50), wife of Vairamuthu, Murambu in Rajapalayam and her grandson Kamalesh (10).
A van hit the rear end of the bike driven by Vairamuthu, after the driver lost control of the van. Both the victims succumbed to injuries on the spot, sources said.
Vehicular traffic was affected for some time until the accident site was cleared. Rajapalayam South police inspected the site and held enquiries.
Based on a complaint, a case has been registered against Mayaperumal (31), the van driver, sources said.","754","CBMimAFBVV95cUxQT1EySm8tdFRXX2ZaZmxVb3phZVRCdUp4ckJQZzgyTklnNkY5OFZtWm1qaklHSXotS3k5UXVoWHpIeG1EWDJ2TDkwS1VNNl9PdzRUOF92bzRJZVg5dEp0dGVLdGF4UlFNZVp6NUEwRVI3RGg1bG9RNGhrZ0FHdkFrT1B5clBIODBMSTVNOThmSXpZSlVvRDlRVtIBpgFBVV95cUxOT3VVSDdyTjBLeXpsTjliSWJUeHg5MHlBMGs3dVlBZnJEaHcxLTA4THl3MDR2NkRxVjF4R21MZzYyY2NWZFZJUFg0dllMVUVhY1Vwb2FJeVFZVEU5TTNTSUdXSlZ0UDB4MGxib09aaXUyT2plTU9qNEJ3RzQzMzgzNU5LS1hLQ0czOWRiTHp1dkhsdjdIMUI1UFdEMkpGcVFLbWU5aFNR","",,"2025-05-18T07:00:00+00:00","""two killed"" accident ""Tamil Nadu"" after:2024-12-31 before:2026-01-01","true","2026-09-24T18:50:35.343776+00:00","google-news","dtnext.in","DT Next","Tamil Nadu: Two killed in accident in Virudhunagar DT Next","Tamil Nadu: Two killed in accident in Virudhunagar - DT Next","https://www.dtnext.in/news/tamilnadu/tamil-nadu-two-killed-in-accident-in-virudhunagar-834094"
,"https://thehindu.com/news/cities/Coimbatore/two-killed-in-accidents-in-salem-and-namakkal/article70384271.ece",,"Two persons were killed in separate accidents in Salem and Namakkal districts on Thursday (December 11, 2025).
The deceased was identified as S. Muthukrishnan (29), a resident of Nallur Kandampalayam near Tiruchengode in Namakkal district, a private bank employee.
On Wednesday night around 11 p.m., Muthukrishnan and his friend Sivanandam (29), a resident of Rasipuram, were heading to Rasipuram on a two-wheeler and Muthukrishnan rode the vehicle. When they reached near Elachipalayam police station, the two-wheeler collided with a lorry that was parked on the roadside.
In the accident, the duo sustained grievous injuries and Muthukrishnan died on the spot. Sivanandam was admitted to a private hospital in Salem and his condition is said to be critical. The Elachipalayam police registered a case and are investigating further.
Likewise, Gowtham (33), a resident of Chennai, who was a photographer, came to Tiruppur to attend a wedding, along with his friends on Wednesday (December 10, 2025). They were heading back to Chennai by car and in the early hours of Thursday, while they reached the Magudanchavadi flyover on the Salem-Coimbatore National Highway, the car collided with a lorry that went in front of the car. In the accident, Gowtham died on the spot and four persons sustained injuries and were admitted to a private hospital in the locality. The Magudanchavadi police registered a case.
Published - December 11, 2025 07:38 pm IST","1448","CBMiswFBVV95cUxQTklvSU11M3VqZ04zQWMxckEtNER2LUIxWWFJUWVnUFUzMnZfWGVMZnVudTE4bHNlbmVwQjRFczdHVUxiQzlzUzNJUjNHSm1Mc3NUM2FSLTNMMUhRQ2ZSVTIxOWY3a2xWTkVJSWZkQ2QzeUZudHRjUlJsX1oyWmt5ZWNNbEFwcFRIRnNNWkp0MjZGTGV4MmppWndlaGk0M2taX3NaS0JHbEtIbHNCenNQeFRLTdIBugFBVV95cUxNY1g3TVNNRU1sY0hIWlBiZFNHdWRsSEx3MHlTeUlwZmxYejNidTJTMmtGdFE5ZkVZcUQ2RFVySVBFNzh1bGhRUU96Zi15VkRDWEtXcVlmQ3BtUm5sZkRTSG9OdjBzcGYtbWsxWGFiRm1JOVlSdDJtY1VhR1YwSTY4blZWOGgwX3RNRVJQYjd5ZS1kenllekVSUFgtUXI5aEpLbExKZ2lZdmxremlqSER1VVRLYXMzMVY0THc","",,"2025-12-11T08:00:00+00:00","""two killed"" accident ""Tamil Nadu"" after:2024-12-31 before:2026-01-01","true","2026-09-24T18:50:35.343824+00:00","google-news","thehindu.com","The Hindu","Two killed in accidents in Salem and Namakkal The Hindu","Two killed in accidents in Salem and Namakkal - The Hindu","https://www.thehindu.com/news/cities/Coimbatore/two-killed-in-accidents-in-salem-and-namakkal/article70384271.ece"
,"https://thehindu.com/news/national/tamil-nadu/two-killed-in-road-accident-near-arani/article69199187.ece",,"Two agricultural labourers were killed after a Karnataka State Road Transport Corporation bus (KSRTC) collided with the two-wheeler in which they were travelling at Ariyapadi village near Arani on Sunday.
Police said the deceased had been identified as C. Gopi, 35, and S. Ganesh, 38. They belong to Kilnagar village near Arani. Initial inquiry revealed that N. Santhosh, 48, the driver of the KSRTC bus, lost control of the vehicle and hit the two-wheeler. Both died on the spot. The bus, which had around 40 devotees mostly women, was returning from Melmaruvathur Adhiparasakthi temple to Bengaluru.
Passersby and other motorists alerted Arani taluk police, who rushed to the spot. As residents gathered against rash driving, the bus driver fled the spot. Bodies of the deceased were shifted to Government Medical College and Hospital in Tiruvannamalai town for post-mortem. A case was registered. Special teams have been formed to nab the bus driver.
Published - February 09, 2025 06:51 pm IST","996","CBMirAFBVV95cUxPOW4wZEtTSUlxOThDY1JrR3ZBd0VSZGYyXzdPeGRST3hQNjRHN0FodDJrU0ZZZFdWaWtNR2lrSU1TU05CSU1uZ1NUZzZtRi1XbnF1RTl1NGNlSGVTaTdYSmVfY3BMLUswUnNvRWNsZ2w2OWFqWnZPR0x5TS1IdXFHcUZDYjRRSFFWSWctMlVvcEg3WTVuVEMwLWFVNWZqdHRFN09YVTl5SlFjVjFu0gGzAUFVX3lxTE15SlViTW5PZUlKNmVGNDhlbWpHX1Z2cmFtVVB4WG1mcUhfRkU2TEk0d2dqc2dHcXpqaWRrSzN2NGswZVNIQ1NlZm54STl5S042Vk1IWGgzMktFeExfaUs3Q2dpRFJ0V0M1V1N4eHJidTRYUkZPbGFrR1c1UFdiSXdrNWktOEdseUg5N25EZDFIeVNfRDhYbEhyc1FrbWtwOEZwQnR2SW0yamxKSnIzemJvSnFz","",,"2025-02-09T08:00:00+00:00","""two killed"" accident ""Tamil Nadu"" after:2024-12-31 before:2026-01-01","true","2026-09-24T18:50:35.343866+00:00","google-news","thehindu.com","The Hindu","Two killed in road accident near Arani The Hindu","Two killed in road accident near Arani - The Hindu","https://www.thehindu.com/news/national/tamil-nadu/two-killed-in-road-accident-near-arani/article69199187.ece"
,"https://thehindu.com/news/national/karnataka/two-killed-as-bus-from-sangli-to-tamil-nadu-overturns-in-haveri-district-of-karnataka/article69950440.ece",,"Two persons, including a girl, were killed on the spot when a private bus overturned near Motebennur in Haveri district of Karnataka on August 19.
The deceased have been identified as Arnavi (11) and 20-year-old Yash. Six others suffered grievous injuries, and have been admitted to a hospital.
The bus was heading from Sangli in Maharashtra towards Tamil Nadu with 36 passengers.
According to the police, the driver lost control while trying avoid hitting a car, which suddenly came in front of the bus. The bus hit the road divider and overturned.
The police and fire brigade personnel managed to pull out the passengers from the bus through the emergency exit. Injured passengers were rushed to Haveri district hospital.
Byadgi police have registered a case.
Published - August 19, 2025 12:18 pm IST","802","CBMi6gFBVV95cUxOWnBmUHVWeTRUanRpUE1GWnJSRENKVnNKRGZiWGh3TWt4R213WkdPb1p0b3RaRWYxenRlTjFMamRKdE1mRk96NFlXci0zdnFGTWpCWUZTTTE2MUUtUnZYdG5reFdxWVFBQlNCVzdjZmUza1ZNMF9SaGVOM1VqdGw0akhzWUxRYjdRTG0zX25Mc1l6ZW0wRlhndDZKSGZkV0xOYWFETDJrNWR2N0JNV0hzUDNYWnllTmFnbnBIYkdiLUFob3VvNFE0SUpNSHAzYnBCX1RTS1I4MU5vU3ZieFVVdnU3MUpRQng5bVHSAfABQVVfeXFMTnAxZTVSSUZQYTRVVXVZamRPMU1ZV0ZDRmhpUW03c2ZBdGFsd3NfbGVCVUVraWdHNmdQMXJfemFQRE5ZdkpwS3RHOFF5NDZTOG1LX0lxc1F6TGhRNmNmVENtS04zRm50c3JyXzVta0dhX0liMUU2WC0wZk1mLWFHOHg5aXNkekIyV25oLS01Yk53b0kyQWZOVjBEZ004eDhLVFYwTmhFeS04Zjk2QXZrM05qdm5vVkFVVjZ0Tkd2dmZXb3VaZFZwVm1ObE5oOHpqMko1ZVhnQzRTWGtmRXpjSFBoQWZ6SEhtYzI0VmRwWEFM","",,"2025-08-19T07:00:00+00:00","""two killed"" accident ""Tamil Nadu"" after:2024-12-31 before:2026-01-01","true","2026-09-24T18:50:35.343910+00:00","google-news","thehindu.com","The Hindu","Two killed as bus from Sangli overturns in Karnataka The Hindu","Two killed as bus from Sangli overturns in Karnataka - The Hindu","https://www.thehindu.com/news/national/karnataka/two-killed-as-bus-from-sangli-to-tamil-nadu-overturns-in-haveri-district-of-karnataka/article69950440.ece"
,"https://thehindu.com/news/national/karnataka/two-killed-in-separate-road-accidents-in-bengaluru/article70422807.ece",,"Two men died in separate road accidents in the city since Saturday night.
In the first incident, a 31-year-old software engineer was killed after losing control of his speeding motorcycle and skidding on Hulimavu Lake Road in the early hours of Sunday. The accident occurred near the Kodandarama Swami Temple.
The deceased has been identified as Muniswami, a resident of Kammanahalli and a native of Dharmapuri district in Tamil Nadu.
According to the police, around 1.30 a.m., Muniswami was returning home after meeting a friend when he lost control of his bike, fell off, and suffered severe injuries. Passers-by rushed him to a nearby hospital, where doctors declared him brought dead. The Hulimavu Traffic Police have registered a case.
In another incident, a 32-year-old man died after a two-wheeler he was riding hit a road hump and he was thrown off the vehicle. The accident took place near the Sulikunte bus stop on Sarjapura Main Road on Saturday night.
The deceased has been identified as Gopi Mohan, an audiologist from Vellore district in Tamil Nadu. Police said Mohan had come to Bengaluru for work and had been staying at Thayyakannahalli for the past two days. He had rented a two-wheeler for commuting.
Around 9.30 p.m., while returning after finishing work, Mohan was reportedly riding at a high speed and failed to notice a road hump near the Sulikunte bus stop, causing him to lose balance and fall. He was rushed to a nearby hospital, where he later succumbed to his injuries. The Whitefield Traffic Police have registered a case.
Published - December 21, 2025 07:25 pm IST","1594","CBMiuwFBVV95cUxNTEt5VHNTbnNsa0ZxVGpocFVTSXJoSTZja0RIODFLTW1zOWRvSU9xeXFtVHA2M2tBODI3VERiM1l5MUIwZnRfSlRMb2RTX0F2Uk5pWHdIWXVsSGZVWjR4ZFViZFpqWjdVOUZSSmp3bmgxajc3SUxOcUprZ2pyTmRtMHRxSDR2b25kdVc3M2RXa1pKcERHRWlleTg2M3ROV2EyekxOQVd2ZUZBMTdSX3Mtd21Oc2xIUHVQVXlJ0gHCAUFVX3lxTE1JWjdBRW1vdU1JZTBvRWlRajNoX3hGOHRnZXFJM3RRTW1RTmN2MW0xRjFpTHBOM0d2UnFCbmU2OEk0TFBIdUZNRWV3SkFiNjRLdy03YkdwaEI0TkdCUjViQm5tdG5lRlF1V0huS3FaT2NhbWxFQTQ3UVhCenBrZzIyUnpvSzRVdkJvT0IzYVZ0dkFGOTVmQm5lMEpPOV9MTThaalJPMVphZWM2Mzc0VGxFeEhDbXZDRTM3Um5yTUNJOVFR","",,"2025-12-21T08:00:00+00:00","""two killed"" accident ""Tamil Nadu"" after:2024-12-31 before:2026-01-01","true","2026-09-24T18:50:35.343950+00:00","google-news","thehindu.com","The Hindu","Two killed in separate road accidents in Bengaluru The Hindu","Two killed in separate road accidents in Bengaluru - The Hindu","https://www.thehindu.com/news/national/karnataka/two-killed-in-separate-road-accidents-in-bengaluru/article70422807.ece"
,"https://thehindu.com/news/national/tamil-nadu/woman-killed-five-injured-in-road-accident-in-tiruvannamalai/article69668740.ece",,"A 55-year-old woman was killed in a collision between a two-wheeler and an SUV at Arasur village near Vandavasi on Chetpet Koot Road on Saturday.
The deceased was identified as B. Jothi, 55, from Arani town. According to initial investigations, Jothi and her husband, S. Balu, 58, a farmer, were riding a two-wheeler back home after attending a funeral near Vandavasi when their vehicle was hit by an SUV driven by S. Karthik, 34, from Chennai, who lost control of the vehicle.
Police said Karthik was returning to Chennai along with three of his family members when the accident occurred. In the impact, Balu and Jothi were thrown out of the vehicle. Jothi died on the spot while others including Balu and Karthik were injured.
Other motorists and passersby rescued the injured persons. They also alerted Ponnur police, who rushed to the spot. Injured persons were admitted at Government Taluk Hospital in Vandavasi before they were referred to Government Medical College Hospital in Chengalpattu where the condition of them is stable. A case was registered. A probe is under way.
Published - June 07, 2025 08:45 pm IST","1120","CBMiygFBVV95cUxOYjFvX2ZhczZUVlNRajl6dUVPVDUzVHJ3QllDRTFxY0xueVQwMUY5TFVvMXJBeVZCWHdCT3lxbVFCM3FKd09iR0NKMG52eWstbjBMVkdaNW03V0xfQlU2TlMycGJIMkJLVVg4TC12dXNlSDRTN2VLQjI2cmNWRFcxTV9ST2p2RHRzSXpJMWdSLWIxNTNPaFlvRWVlNTNTNVlYT0FZZ2Y2c0gwM2RQMk9rOTRCYzhvRkVsQVJSQXQzWVczS1FVang5Wjd30gHQAUFVX3lxTE5FZFYzQ2dyT1QwLXpkMFduQmd5c2gyel9HRmstY0ZWYjNzUi1NaFdETFBUckdTUkR1WVp2bTlPU3Q3UVVsWUxTNk1wYnczOC02cV9MRVppaTFvWUNobnI4TXF1aWZHb3J3U2tmN3BiRjMyVUFpRnJvN2taanhTaWIxWENvV296MnpuM1VUazZUc3NvN2JiSzVKVjJCcFdMQ2JHdmx6aG80RVQ0VWV6UkdobVpYei1QbzgwT3p0b3pFVVBoRkVsUlRqTFJqMzgzZFo","",,"2025-06-07T07:00:00+00:00","""two killed"" accident ""Tamil Nadu"" after:2024-12-31 before:2026-01-01","true","2026-09-24T18:50:35.343992+00:00","google-news","thehindu.com","The Hindu","Woman killed, five injured in road accident in Tiruvannamalai The Hindu","Woman killed, five injured in road accident in Tiruvannamalai - The Hindu","https://www.thehindu.com/news/national/tamil-nadu/woman-killed-five-injured-in-road-accident-in-tiruvannamalai/article69668740.ece"
,"https://thehindu.com/news/cities/Madurai/two-killed-in-road-accident-near-vedasandur/article69851645.ece",,"Two persons were killed in a road accident near Vedasandur in Dindigul district on Thursday after a lorry rammed into a van from behind. The van was carrying farmers from Theni district.
According to the police, on the occasion of Aadi Amavasai, around 20 farmers from Poosari Kavundanpatti in Theni district were on their way to Natrayan Swamy temple in Vellakovil in Erode district in a van.
The van was near Ayyarmadam on the Dindigul-Karur Highway when van driver Ranjith Kumar attempted to stop the vehicle in front of a bakery for tea and snacks. A lorry coming from behind rammed into the van. The van driver Ranjith Kumar and a farmer Vasagar were killed in the accident.
The injured farmers were rushed to the Vedasandur Government Hospital for treatment and were later admitted to the Dindigul Government Medical College Hospital for further treatment. The Vedansadur police have registered a case and are investigating.
Published - July 24, 2025 09:04 pm IST","969","CBMirAFBVV95cUxQN1g0VmoxQ1pIMmZ3OXh5S2Z3RlQ4X21wdlpaZ0lXVHhQV25COG5xYnoxNlZNV3JfLW12VnRGekROREcxbzJVNDVXRkhMUFM1ZF9xOFNpcmlNRkpYbVIxSDRpV0FtUm5heTBPaTdTQmhubUNhcmNaZHlQb2FuUEZzRWotTVNaLUVkMWh6bm9KSzJHZVVhZ3lXSTQ3ZzFpS2lRQWVjZjAtS3h3YTc20gGzAUFVX3lxTE5mTFRGYms4Y0Q5Z0pRRWxhUkhpYWtrVWVwYkFmR2lfaDVoeU9wOVR3RVhkWnZCY2I2WWVObnZudjBPWWZyZ0d3QWhzMTJGNVB0SjFEaXByQnFzUV9TZnlMN2ZIenU2NmNaWG9jZHVzdUF2QVlONDBDdkpVTHdqQW5PUjBIeWxicnlPWXA5ZHh3VURsVkhSLUNtTDVGSzBwM0c3ZkdBekV2TjdiSUdKdHAycUln","",,"2025-07-24T07:00:00+00:00","""two killed"" accident ""Tamil Nadu"" after:2024-12-31 before:2026-01-01","true","2026-09-24T18:50:35.344054+00:00","google-news","thehindu.com","The Hindu","Two killed in road accident near Vedasandur The Hindu","Two killed in road accident near Vedasandur - The Hindu","https://www.thehindu.com/news/cities/Madurai/two-killed-in-road-accident-near-vedasandur/article69851645.ece"
,"https://thehindu.com/news/national/tamil-nadu/two-killed-after-lorry-overturns-near-gudiyatham/article70443232.ece",,"A 45-year-old woman was among two persons who were killed in a road accident after a poultry feed-laden lorry overturned on a hilly road at Sainagunda village near Gudiyatham town in Vellore on the Tamil Nadu - Andhra Pradesh border on Saturday.
Police said the deceased were identified as K. Devi, a dairy farmer in Sainagunda village near Gudiyatham, and Mohammed Inayatullah, 56, a lorry driver from Andhra Pradesh.
Initial inquiry revealed that Inayatullah loaded around 15 tonnes of poultry feed from a farm in Palamaner village near Chittoor in A.P onto the lorry to go to the poultry farm in Thirukovilur town. He was driving on a steep hill road in the remote Sainagunda village when he saw cowherd Devi, who was taking her cows for grazing.
Police said that as he tried to steer the wheels away from the cows, he lost control of the vehicle that then overturned on the carriageway. Lorry driver Inayatullah and Devi was killed on the spot.
Immediately, other motorists and passersby alerted Gudiyatham Taluk police, who rushed to the spot. They sent the bodies to Government Taluk Hospital in Gudiyatham for postmortem. The mangled lorry was removed from the carriageway to restore traffic movement on the route. A case was registered. A probe is under way.
Published - December 27, 2025 07:18 pm IST","1309","CBMiugFBVV95cUxQZjZMOGtUeWdaMWszeDlaUHNaUnNiYVZCSHNQMWZ4UWxpSDh2eWdKUDdHcGQwTlhwTzNXbUZqRzAxTGxrQlpvc1FTOVItVmNaWGtwdzE0X1FNNG5nV1lfMFVMSjZlM3RTZGoxSGFnZTJhY2NqSTlWaEVpcUphY3V3YnFDcFZvSzlvVkl0Mm5jWHpmVnBUclU2SkNpeDRVZy12OFo3Qm1TazNBMXNrLTVzSWpyR3JSYVNDVnfSAcABQVVfeXFMUGlUWTgtSUdKLUpkUTExdHhFM3g0Q0RHNHFJZS1jMWwwZkt0ZGUtTFBRTWZhVXJ3V3B1eVhKb212UWFPeXdQWldxUksxaW1pbGJabnhTYmlFeTE4WFBMLXpyaFM4a1psbm50dGVoTDZyMXYzT2ZNMkZWN3dNcUJ4YVNCbXoxTEt2Q3hMODRVM2VoZTRRUU9pZkdhYmkyUG9DbnViemhQTDVBajNYQno2NnpzelJ6alIxdXlTakxqYTkt","",,"2025-12-27T08:00:00+00:00","""two killed"" accident ""Tamil Nadu"" after:2024-12-31 before:2026-01-01","true","2026-09-24T18:50:35.344141+00:00","google-news","thehindu.com","The Hindu","Two killed after lorry overturns near Gudiyatham The Hindu","Two killed after lorry overturns near Gudiyatham - The Hindu","https://www.thehindu.com/news/national/tamil-nadu/two-killed-after-lorry-overturns-near-gudiyatham/article70443232.ece"
,"https://thehindu.com/news/cities/Visakhapatnam/two-killed-one-injured-invizianagaram-road-accident/article70023438.ece",,"Two persons were killed and one sustained severe injuries when a car collided with a two-wheeler at Sirikipalem under the Jami police station limits in Vizianagaram district on Sunday. The two persons who died on the spot were identified as B. Sagar (24) and G. Suresh (28). The third person, identified as Surya Prakash, was rushed to hospital in a critical condition. All the three were reportedly travelling on the same bike when the accident occurred.
According to reports, the car reportedly rammed into the bike on which the three persons were travelling. The driver of the car who hit them is yet to be taken into custody. Further details about the incident are awaited.
Published - September 07, 2025 11:26 pm IST","721","CBMivwFBVV95cUxOOGxPeV9yZHVLbFpSXzZlU0VNQVA0cm1jbURldkZ1cEMzbWVqcVQ5elBsQ2xtZzA2Z0pWV2ZvM3VZcFZIckc0QXk5VC0yX05La2xfUWoxX0lkcnlDdks0MHdIcXVFTjI1SmctT3N2MXJOV09nRzBCdjkxN01VZjJyWmptUU5fdDJ6S2R0MUEwYzIteHBtOG1QMjM2MDVodjFXRGZ2b3ZIV1lWSDhPaVR2WWtoRElETkN5dGFnS0Rqd9IBxgFBVV95cUxOZElGRlRQa0dmdTJVN3F3c0VwLTVoTVN2ZnRTNDBDMFlEZlpuaGpieXJsNXFiaVBhckFDVExYV2lSdERfd3pyRFRrMlFxMkxEZ0ZaUnZ3U0NtdGlnLS1PSm1ZZWdycFdELXNnZ1JFYlRVekFSdE96enpYSTg4a25oMGRwRDhlYzFpbHg2OE1qN3hXR2JUZklEU2lfSnp6eHdLcDFXT2Q1WUs3MW1fMDNXLXc3dEhZVWg1Ykg3d1JmTVR3SGhFN0E","",,"2025-09-07T07:00:00+00:00","""two killed"" accident ""Tamil Nadu"" after:2024-12-31 before:2026-01-01","true","2026-09-24T18:50:35.344182+00:00","google-news","thehindu.com","The Hindu","Two killed, one injured inVizianagaram road accident The Hindu","Two killed, one injured inVizianagaram road accident - The Hindu","https://www.thehindu.com/news/cities/Visakhapatnam/two-killed-one-injured-invizianagaram-road-accident/article70023438.ece"
,"https://thehindu.com/news/national/tamil-nadu/three-car-passengers-killed-in-accident-in-tiruvannamalai/article70436853.ece",,"Three people, including two women, were killed after the car they were travelling in collided with a Tamil Nadu State Transport Corporation (TNSTC) bus near Vettavalam village on the Chittoor-Cuddalore Highway, close to Tiruvannamalai town.
Police identified the deceased as S. Kalaivanan (60), B. Pounnu Ammal (70), Kanagavalli (36), and V. Govindaraj (42), all relatives from Vengaikaal village under Tiruvannamalai Corporation limits.
Initial inquiries revealed that the group was taking Pounnu Ammal, who had been unwell, to a hospital in Villupuram for treatment. The driver, Kalaivanan, reportedly lost control of the car and hit the oncoming government bus, which was travelling from Villupuram to Bengaluru with approximately 35 passengers.
Kanagavalli died at the scene. The three other car occupants were injured but were rescued by motorists and passersby and admitted to the Government Medical College Hospital in Tiruvannamalai. Pounnu Ammal and Kalaivanan later succumbed to their injuries. All bus passengers and crew escaped unhurt. The bus driver fled the scene and remains at large.
The Vettavalam police have registered a case. The bodies have been sent for postmortem, and the mangled car was towed away to restore traffic. An investigation is underway.
Published - December 25, 2025 06:09 pm IST","1316","CBMixgFBVV95cUxObjBJNDdwX1FPWi13SFpmQTBEcjhtQ19kY2pZNFBJRVJUdlhFVjJERHFrMTBMMWc1TU5jSWY5amFOQWp3WldURlAyZnFIYVluTDVZcVNoTlhfRmJGaGZPQUkzekNieDV3NW84SkVQRllKNG1sUnFxeXdiZXdKMHNWSEdRbElLOUNod3AxQ1IyWjY2aTFUUTlqT014LUZDXzJRNzFSdXM3aGFvM0hxaHB2SlIzeUNUNFVEd2RqREFSdHZBWTVGZWfSAcwBQVVfeXFMTjlmRnIyNFo1VW1KSFRJamNqOXFTVWhGVnpOaW5fTWtEVHA2QXN5cUhManl2Qy1DUHVQUnlwdHNRUTlicHZFdldvM3NKNzFjcVJtSmdiR1ZPV1gxRjRPSE5hc0JxNTl5eTRYVmVZVW5QVXlNUjJINjY1MHpSZ3VtVXFoMzZydHdybHBJaUNfWE55T25WekJqSENsSVV0U2ZYUWZIMGNrSjA1dlphWE51b2pXd1poX0dlWlRzYUdJSmV5b3NOd2tNZXNpTDNw","",,"2025-12-25T08:00:00+00:00","""two killed"" accident ""Tamil Nadu"" after:2024-12-31 before:2026-01-01","true","2026-09-24T18:50:35.344223+00:00","google-news","thehindu.com","The Hindu","Three car passengers killed in accident in Tiruvannamalai The Hindu","Three car passengers killed in accident in Tiruvannamalai - The Hindu","https://www.thehindu.com/news/national/tamil-nadu/three-car-passengers-killed-in-accident-in-tiruvannamalai/article70436853.ece"
,"https://thehindu.com/news/cities/Tiruchirapalli/four-killed-over-15-injured-in-road-accident-on-karur-salem-highway/article69586351.ece",,"Five persons, including two children, were killed and 27 others were injured in a major road accident near Chinna Vadugapatti on Namakkal–Karur National Highway on Saturday.
The accident occurred around 5.30 a.m. when a private omni bus, travelling from Bengaluru to Nagercoil, rammed a tractor. The impact pushed the bus to the opposite lane, where it collided with a maxicab.
Four passengers of the maxicab were killed on the spot. They were identified as Sasikumar, 52; Arun Thiruppathi, 45, and his son Kamatchi Ashwin, 10, from Kovilpatti in Thoothukudi district; and Elil Dhasana, 12, of Virudhunagar district. Hemavarshini, 20, also from Virudhunagar, died of injuries at the Karur Government Medical College Hospital later in the day.
Personnel from the Tamil Nadu Fire and Rescue Services and the police rushed to the spot and carried out rescue operations. The injured were admitted to the Karur Government Medical College Hospital and nearby private hospitals.
Solatium announced
In a statement, Chief Minister M.K. Stalin condoled the death of the victims and announced a solatium of ₹3 lakh to their families from the Chief Minister’s Public Relief Fund. He also announced a compensation of ₹1 lakh each to those with severe injuries and ₹50,000 each for those with minor ones.
He added that he had instructed officials to ensure special care and treatment to the injured persons.
Published - May 17, 2025 11:29 am IST","1431","CBMi1gFBVV95cUxNWFlHc254RzBZTU9IdjBJeHpnb1BCdk13RmRRejJuXzc0cWg3TFpwNzF5YVdpdldQM0d2MnlzRTdxSG10Ql9LMWduakl6YWFqY19CNzFmcFdSZW5yb29yQkhiaHgzOTBNd24zU3lXZ3FrY25DMTdzakxRYmZKRjR5MHJvZlVRN2k3eExFWGJreW5kZ0k2OG1VNzI0NHVWTFAzdl91THpVZVZLcE9fQzBNcUdyeEI5S0lPakxqWmk2clVBbllOQ0ZyeHluZzRPY2I4bmdpeFVB0gHcAUFVX3lxTFBRdExXS0EwN05NNDZUelBGRmxnYzBpLUFFZmVqaDZsNzVxSWtUV0w1cEJoUE5QZEQ1S0NhVmQzTG9EVW9OaWRRNXptajk0UXhmaU5wTUJmanlTUTlDVGJpVkg4TFpfeEt6Y0pjVkFHQl8tQlRFdmtIMk8xQmNUMjFiLXA3cEs2SWFST1VCM0dRVk1Cd05pQVlmWDl6clBteWxwS3p4RzhHUE9iMEUwbnpPYkhhUmg3aG1Ia1hXSmVMRlRCSXRrUXJyQzdMcURNYlRCVjZTTTVwUkFjZGI","",,"2025-05-17T07:00:00+00:00","""two killed"" accident ""Tamil Nadu"" after:2024-12-31 before:2026-01-01","true","2026-09-24T18:50:35.344276+00:00","google-news","thehindu.com","The Hindu","Five persons dead, 27 injured in vehicle collision on on Namakkal–Karur National Highway The Hindu","Five persons dead, 27 injured in vehicle collision on on Namakkal–Karur National Highway - The Hindu","https://www.thehindu.com/news/cities/Tiruchirapalli/four-killed-over-15-injured-in-road-accident-on-karur-salem-highway/article69586351.ece"
,"https://thehindu.com/news/cities/Madurai/two-killed-in-road-accident-on-tiruchi-madurai-highway-near-kottampatti/article70452124.ece",,"Two persons were fatally knocked down by a speeding car while they were riding a bike on the Tiruchi-Madurai highway near Kottampatti on Monday (December 29, 2025) night.
The police identified the deceased as P. Annadurai, 45, of Chokkampatti, and his friend P. Suresh, 40. Another friend of Annadurai, M. Babu, 31, who was also on the bike, sustained bleeding injuries.
The police said that A. Victor Arokiaraj of Pandian Nagar had driven his car in a rash and negligent manner before hitting the bike. All three persons fell off the bike and were critically injured.
They were rushed to a government hospital in Melur, where the doctor declared Annadurai and Suresh ‘brought dead’. The Melur police are investigating the case.
Published - December 30, 2025 02:45 pm IST","771","CBMi0gFBVV95cUxOVmR3ekEzR0llREs5djJvQm1JZWFYcFN1RzYyQnpTemtMVEVScF9RRHplY0lqQUVsYkF3YkxoaUM3a1RUVGRMZXpFd2d4VGtQaWY5dVh2M2RPMVlQQzNSVW5xTzhpWmYzNFEwVXZLVS1nYnVlVUlFZWl4QjZnbUFaWG1xQUN1SDFtT3REN09FNkdfYV9mLXBXb1VmTnZXTTR1SXpYS3JZVkFXZmh3eHY3WkptUEpBNHZFMzkybDNTc1FqMXRIYk9MbDNLY0RZVDNreGfSAdgBQVVfeXFMTVlkWV9VQlk3MWQ3OVBFc1UzMjNwWkZQWlloSkpMQ0JBeGR1dDVXYlhId1VUQWV5V0tyVUlaanE2RGlVdnplWWMxNkR4c2pkUzk2SENrclNlWVhiQU11MzA2M0FfRUxhVHJweHBtMkJYYlp3MEFKbVpBX3ZtbTA4TU16MzVGc2lEdmRLdE5zcC11MlBDazZzdU1LZzRBcU12RTktbkI4enc4ek10cnpCT2xhY01hUTdScUNOZkhuZFFqVF9IZXBrTWN0cHkwX2pCdGpPc0RkTnRw","",,"2025-12-30T08:00:00+00:00","""two killed"" accident ""Tamil Nadu"" after:2024-12-31 before:2026-01-01","true","2026-09-24T18:50:35.344320+00:00","google-news","thehindu.com","The Hindu","Two killed in road accident on Tiruchi-Madurai highway near Kottampatti The Hindu","Two killed in road accident on Tiruchi-Madurai highway near Kottampatti - The Hindu","https://www.thehindu.com/news/cities/Madurai/two-killed-in-road-accident-on-tiruchi-madurai-highway-near-kottampatti/article70452124.ece"
,"https://thehindu.com/news/cities/Coimbatore/two-killed-three-injured-in-accident-in-dharmapuri/article70070226.ece",,"Two persons were killed and three sustained grievous injuries in an accident on Friday.
Ponrasu (45), a resident of Sathirapatti in Dindigul district, is presently staying in Bengaluru. To attend a condolence, he, along with family members, went to Dindigul district and on Thursday night headed to Bengaluru in a car. Karthick (40), a resident of Pollachi in Coimbatore district, drove the car. In the early hours of Friday, while they reached a toll gate near Palacode, the car collided with a truck that was parked on the roadside.
In the accident, Karthick and Ponrasu’s daughter, Tharanisha (17), sustained grievous injuries and died on the spot. Ponrasu, his wife Chitra (40), and son Pavin Mithran (16) sustained grievous injuries and were admitted to Dharmapuri Medical College Hospital. The Palacode police registered a case and are investigating further.
Published - September 19, 2025 07:37 pm IST","908","CBMiugFBVV95cUxNemtMTC1jT1VFWGZDZy04UlRmbURQaEw5NnZoYWtQSE1WQS1VZ2NmcHpCajExbm5BX0hYN2dkMkdMM3FwV2U1ZUdqOUt6RGhzYXR3WGl1bjRYRHJaWEZYUkFxcGw1TXZ6SzNfN1FNdVM2V2kzV2M0RnJWM0E3SUluN1NROGhxVHFrWEJmRGtfWklVX3h2b1UxM3l0N3Bzc3hENDhuLTd4RGROLXZjZVExaHZWcHNrN0xVWVHSAcABQVVfeXFMTUp6U3RXQW5yMW42WVlLRnlILTRoVkdLOVlZWndnaWRJTlFXWGpGTXExa042MVllSklKNzh6VE1VNUpqYzBkbW1feUxpZUFNWVVmeXJZcU01ZjZlS1U0MzR0LWxWRzRFSFpzX0dnWGFkcXBsQlk3dlk0SE5hQkNROF9IaFhNSVRaNXdpNWxEbUE2ZmJMaWxhbmJKLUs4ZFRWeEZNUl9jVlRwSlNKNW1xQ2NfejVsUDhuNWRXNmtJR1I4","",,"2025-09-19T07:00:00+00:00","""two killed"" accident ""Tamil Nadu"" after:2024-12-31 before:2026-01-01","true","2026-09-24T18:50:35.344362+00:00","google-news","thehindu.com","The Hindu","Two killed, three injured in accident in Dharmapuri The Hindu","Two killed, three injured in accident in Dharmapuri - The Hindu","https://www.thehindu.com/news/cities/Coimbatore/two-killed-three-injured-in-accident-in-dharmapuri/article70070226.ece"
,"https://thehindu.com/news/national/tamil-nadu/two-killed-21-injured-as-bus-overturns-in-tiruppur/article69186940.ece",,"Two college students died on the spot and 21 persons suffered injuries when the private bus they were travelling in overturned near Chengapalli in Tiruppur district on Thursday (February 6, 2025) morning.
The driver of the bus bound for Erode from Tiruppur reportedly lost control of the wheel while attempting to overtake a lorry.
The deceased college students were identified as Periyasamy (19) and Harikrishnan (19). Five of the injured passengers admitted to the Government Medical College Hospital in Perundurai sustained severe damage to their limbs.
The Uthukuli police have registered a case and further investigation is underway.
Later in the day, Chief Minister M.K. Stalin expressed condolences and announced ₹3 lakh each to the families of the deceased from the Chief Ministers Public Relief Fund. Passengers undergoing treatment with severe injuries will be given ₹1 lakh each and those with lesser injuries will get ₹50,000 each, a press release said.
Published - February 06, 2025 03:09 pm IST","1008","CBMivAFBVV95cUxPbzA2c3hnNHlMb3dCRjRxZjZacS1JUl9yOHl4ZkgtOHYtbkU5WDRKbVIxT2cxTTVKRS1vUnVNcXJLNE5pVjdSRXNLalZyT1d0YUtBV2VUTzBuVW9PWVl0OHNwRHFQVXRRMnRETmhkaFBFa1QxOEFkdmx3N0tNcDBpaVVpSnhvbEJieUdJTGNqUldNeUFBUHhReTFkeVZIa2hzdzdrSlBOZUJLcW56ek1ieDhoSDZYNXVyRWxkX9IBwwFBVV95cUxOS2NYYXVaQjFVSENkQktaMGo0S0JJcThOczBpcnhkWFQyMmw1Y3o0VnFZeEVGX2ZScGNPUnFrSzZSTnFWanBSNnJTdUI4S3FtcEx3X3lVN1JORkh2N191aXRNbDE5M1M2ZGlpNGZfTzJLWEZvQ0VaV19MbmZpS1ZzS180cVdhNkc0Q2JuMmpDQk9FcU1RbUw4VVBOR24yQTEyNEVhZlUyUG44MHAza0VZU2pnWDFwVVRQX1lsM1MxVzY0bUk","",,"2025-02-06T08:00:00+00:00","""two killed"" accident ""Tamil Nadu"" after:2024-12-31 before:2026-01-01","true","2026-09-24T18:50:35.344404+00:00","google-news","thehindu.com","The Hindu","Two killed, 21 injured as bus overturns in Tiruppur The Hindu","Two killed, 21 injured as bus overturns in Tiruppur - The Hindu","https://www.thehindu.com/news/national/tamil-nadu/two-killed-21-injured-as-bus-overturns-in-tiruppur/article69186940.ece"
,"https://thehindu.com/news/national/kerala/two-killed-three-injured-in-collision-between-jeep-parcel-truck-in-keralas-kottayam/article69426054.ece",,"Two persons were killed and three others sustained injuries when a four-wheeler collided head-on with a truck on the MC Road near Kottayam in Kerala in the early hours on Tuesday.
The deceased were identified as Sanoosh (42) of Thodupuzha and Kanayya (40), an inter-State migrant worker from Bihar. The accident took place around 2:30 a.m. near the Nattakom Polytechnic College when the four-wheeler, driven by Sanoosh, lost control and hit the truck proceeding from the opposite direction.
Three persons, identified as Iftikar Khan (29) of Bihar, Shalamon Albanos (44) of Trichy in Tamil Nadu, and Murigesan (41) of Thenkasi, have sustained grievous injuries and have been admitted to the Medical College Hospital here.
The police said the accident took place when the vehicle lost control on a curve on the road and hit the truck, coming from Bengaluru.
The front portion of the four-wheeler was completely damaged in the impact of the collision and the victims were extricated from the mangled remains of the vehicle by cutting it open.
Following the accident, traffic along the MC Road was disrupted for about two and a half hours.
Published - April 08, 2025 12:38 pm IST","1175","CBMi4wFBVV95cUxOUkt6SU1Ucjl4czBvdXI0VnVZeVNackJ2MFlnVy1hRjU3UHVoWTc0THZ1WVgzMjAwS1F4VGNQWTBaZnJva1ZTc0R1VXZMdXZFMl9oWFZGVlRsQU8zMUhuOVR4c0xCb1JfdzcwNHV0MF9DdmtiQ3RfTGZfQzZwZk8tMW96Z1h4N2loMDlTdno0NEdabzQ2RkplamZvLUw3cDNMUTR1eFVHMi0wbzZYYmxEYi1pa1FMM1c2UjZuTnB4ei0tWWlILWJwN2xVdV9WSldDQ3BaOFZ2T0p2WlNyc0lFM0NURdIB6gFBVV95cUxOcFozOUpOUmJvblpJZWRBVzRVLTlWOG9MeUhKTVJYb2FYMXhRTTlvWWx0bS01OVJSX2xJY2JmODJyQ1k5clJyVkRaM2JUT0ZRcmNyZDR2THhlaHBpSmJGcjdQYTRMRGJLZXd0eEE0ZUFLOTdPUjJINVpQMFRzVWpsZkYyaUduVkJTQmJxVTJOY1JIYnJnLVZIc1Rac2RaVmhRVzBGUXJWblJ3LUdQN2pIY01fTDRsQU1UQnZlMHVRTGtmSy1HZ3ctVVU0Sjd0Vy1aWkk0MUhxLUhoaGNHU2h6a2k3elpCQjZKN1E","",,"2025-04-08T07:00:00+00:00","""two killed"" accident ""Tamil Nadu"" after:2024-12-31 before:2026-01-01","true","2026-09-24T18:50:35.344452+00:00","google-news","thehindu.com","The Hindu","Two killed, three injured in collision between four-wheeler and truck in Kerala’s Kottayam The Hindu","Two killed, three injured in collision between four-wheeler and truck in Kerala’s Kottayam - The Hindu","https://www.thehindu.com/news/national/kerala/two-killed-three-injured-in-collision-between-jeep-parcel-truck-in-keralas-kottayam/article69426054.ece"
,"https://thehindu.com/news/national/tamil-nadu/two-brothers-dead-three-injured-in-a-road-accident-near-gudiyatham/article69787925.ece",,"A 21-year-old college student and his brother were killed while three others were injured after a car they were travelling hit a roadside motor pumpset room on Pernambut Main Road at Kondamalli village near Gudiyatham town in Vellore on Tuesday. Police said the deceased were identified as S. Leni (21) and his brother S. Philip (20). They are natives of Bengaluru and were studying graduation at a private college there. Initial inquiry revealed that along with their friends K. Sudeep (18), B. David Jackson (20) and N. Sharon (21), Leni was driving his car with Philip sitting next to him. They were proceeding to CMC in Vellore from Bengaluru to meet their friend when Leni suddenly lost control of the vehicle and hit a roadside motor pumpset room. The incident happened around 12.30 p.m. In the impact, two brothers died on the spot and others were injured. Immediately, other motorists and residents rescued injured persons from mangled vehicles. They also informed Pernambut police, who inspected the spot. Injured persons were shifted to Government Taluk Hospital in Pernambut town. Bodies were sent to Government Medical College Hospital in Vellore. A case was registered. A probe is underway.
Published - July 09, 2025 12:21 am IST","1242","CBMi0gFBVV95cUxOaUZ4WHE5cGJpeXpDV3BXZEJfNlc1NmJmUV9PZGN5aDdjdElKeDJobWNqaVpEa25rWDVLbTdzU1pWWW5ZSUc2S3lhbmlibGNlTmNFQkFIMnZ4RGt5T19zQ1pSN3Qta19NTTNXNk1DbkRvQ190aTZidW8tRHFEVzNEQWQzNXVkdWtHMTVCd3ZGZ3BLOC16eDJwSlZQTVJ4OVhUd0lrRUZXeHFjQUlFOE5LZi1xT0lqRWt1REI4NWhGdV9aVTNDanVuV2RCRy1YTVViOFHSAdgBQVVfeXFMTmlwcHFSdlc1YnV1LWdLRGc4Z2JQVGZoRlRRN2FGSWlMMVRxTlRvcFdLM2xBU0lxWlgtdkk0REVBaEloVzIwa1dVcGRrYVdkNDg4WFpZNGpGR3M2czFwTE9CYUxkMVNNdVZBa3NoMU9naFRqTUhKZXlDUWJkRFJvYkNNUlQ0QUVZYkxMS1dpd0VCQVNrQXpZZEFJSXBnV2pDUkk4WW9OSVNkeEJfWDF3clcwaGI5R3BtMzlraGNsbFlYUU5SVVVHSF9SSVY3cEVsZHVOY0lBYUFf","",,"2025-07-09T07:00:00+00:00","""two killed"" accident ""Tamil Nadu"" after:2024-12-31 before:2026-01-01","true","2026-09-24T18:50:35.344495+00:00","google-news","thehindu.com","The Hindu","Two brothers dead; three injured in a road accident near Gudiyatham The Hindu","Two brothers dead; three injured in a road accident near Gudiyatham - The Hindu","https://www.thehindu.com/news/national/tamil-nadu/two-brothers-dead-three-injured-in-a-road-accident-near-gudiyatham/article69787925.ece"
,"https://thehindu.com/news/cities/Madurai/two-women-killed-in-accident-in-tirunelveli/article69972582.ece",,"Two women were killed after a car lost control and rammed a two-wheeler near KTC Nagar on the Tirunelveli-Thoothukudi highway on Sunday.
Police said, Suresh of Tirunelveli was travelling with his wife Varuna, 45, and daughters to Thoothukudi, when the car’s front tyre burst. The vehicle which lost control, hit the two-wheeler of J. Malar, from Krishnarajapuram, causing her to fall and die on the spot. Varuna, who was thrown out of the car in the impact also died at the spot.
Upon receiving information, police rushed to the scene and rescued Suresh and his daughters with the help of Fire and Rescue Service personnel. The trio sustained severe injuries and they were admitted to Tirunelveli Government Medical College and Hospital (TGMCH) for further treatment.
The bodies of the deceased were sent for post mortem examination at TGMCH.
An accident case has been registered at Tirunelveli Traffic Investigation Wing. Further investigations are on.
Published - August 24, 2025 10:10 pm IST","994","CBMirAFBVV95cUxPRnlOV0JJNU9FQmJpc3N3MWpiMnVNV1Nlem9tdll1YWIyeGtrNm5xampMQXpZYm91SklxcUFid3JSQkE4SlQtRktmeW1FTkNXOVpKU3JWTkdRRy1RVlg3VHBzLUlWV19ILVRRMnFsS3p3cEM5aDZQSE9LSlZVYUE1NGN0LUhTZjVGbl9ua1RXcS0wQk1HRjItTWNQZEFaak5hOUM2a2RIdl9ETDNR0gGzAUFVX3lxTE1nOXowNnc0TjFMdzhveGtmTFNYSkJtREFER2szcVlTeExMSzFHblhhdTJ2UmhZemZFZHlfMGxUYTZ2MExSSFE2YURkbEdUUnVHMjZmSXBVNTQ5N3lYMjlLdXZDdHlFQzhFVGlUazRwbmVCMW45MFAtcG5HZmtoWFV1RV9Wb2llUUxvbzlhTjhnMkhwZG1lMC1pUTRHMF9VQUhVRkNIY3lLRUFZRjVMQks2TzBr","",,"2025-08-24T07:00:00+00:00","""two killed"" accident ""Tamil Nadu"" after:2024-12-31 before:2026-01-01","true","2026-09-24T18:50:35.344534+00:00","google-news","thehindu.com","The Hindu","Two women killed in accident in Tirunelveli The Hindu","Two women killed in accident in Tirunelveli - The Hindu","https://www.thehindu.com/news/cities/Madurai/two-women-killed-in-accident-in-tirunelveli/article69972582.ece"
,"https://newindianexpress.com/states/tamil-nadu/2025/Feb/07/speeding-private-bus-capsizes-on-salem-kochi-national-highway-two-killed-30-injured",,"COIMBATORE: Two college students died and over 30 people were injured after a private bus overturned on the Salem - Kochi National Highway (NH) near Chengappalli in Tiruppur district on Thursday morning. Police said the bus driver was speeding to meet his trip schedule. The deceased were identified as C Periyasamy (19) of Virumandampalayam and S Hari Krishnan (19) of Sundakkampalayam.
Chief Minister MK Stalin issued a statement expressing condolence over the death of the two students. He also said that special care would be provided for the injured. He granted solatium of Rs 3 lakh each, to the families of the deceased, Rs 1 lakh each to those who suffered major injuries and Rs 50,000 each for those with minor injuries.
According to police, the bus departed from the Tiruppur New Bus stand at 7.55 am with 80 passengers and reached Chengappalli around 8.30 am where more people got in. Because he was running late, the driver Madasamy floored the pedal and reached Pallagoundenpalayam, which is six kilometres away, at 8.35 am.
“At Samrajpalayam near Pallagoundenpalayam, the driver tried to overtake a goods truck but lost control over the vehicle and veered off down a slope on the road. When he tried to get back on to the road, the bus overturned,” a police officer said.
In the impact, Periyasamy and Hari Krishnan, who were pursuing first-year B.Com and BSc computer science respectively, died on the spot. Around 35 people suffered injuries.
Uthukuli police rushed to the spot and took the injured to nearby private hospitals and the Perundurai Government Hospital. Later, a few passengers were referred to private hospitals in Tiruppur and Coimbatore districts.
District Superintendent of Police Yadav Girish Ashok visited the spot where the accident took place. Uthukuli police have registered a case. Due to the accident, traffic was disrupted for two kilometres on the highway.
Minister S Muthusamy visited the injured passengers in Perundurai GH. He said action would be taken to prevent private buses from carrying more passengers than the prescribed limit and not to operate in a rash manner.","2116","CBMi3wFBVV95cUxPR3pJR29JN0VoX05qLXZEMEQ1aTNFZHR1dDVJRHpPb0wtTHZqb051QlpESkZtS1ljUDBTV0g3SFlZZ2hqVG9KY0xldVJicVNBT1M5ZGhJXzd6bVdyaGNnLXhvRWRsdVdzNUVzU0lCMlFrd3ZXMFpqbzBtLVlUZzMxTnhkRGNkNEw0OWxVUFhRSWw0VnJQN2JLaXZSNG1zQ0hQbVA2NTl3a1F6RmUxUjJwMVhZMmNSRUd4Uno2Y2xvWlJBX3BPakY5RVMwWDFXQktWalFMUlhqemxWNUR0V2dz0gHsAUFVX3lxTE9hNGwtalgwUUFXN1VtYXR6OWIwRWRTZ3ZlVWpXRmVGSWp2ek9HTUZoOUtSSzNzVFRvSm53a1dFZjlETjlZc051cHhLMWxmdzhrdm9RX0gyaVlhNUVQVlA1VU1ZWm9PdTdJc2NKV01DekxnMUgxSFpBcVZYNzFnRVVUeWg4RHd4Um9QQ2kzc0IwR1UtcUtCSkFWbTUxZ3cyaW0yY252TXdGUUl6TXd0b2lUbW93elRXSWVxVjFZYy1zMXJVNUxEVThwbDdFMUtEZDJmZF9qRGlleHFod01UUW1yWDJ2UjdpMDBzZmRO","",,"2025-02-07T08:00:00+00:00","""two killed"" accident ""Tamil Nadu"" after:2024-12-31 before:2026-01-01","true","2026-09-24T18:50:35.344579+00:00","google-news","newindianexpress.com","The New Indian Express","Speeding private bus capsizes on Salem - Kochi National Highway; two killed, 30 injured The New Indian Express","Speeding private bus capsizes on Salem - Kochi National Highway; two killed, 30 injured - The New Indian Express","https://www.newindianexpress.com/states/tamil-nadu/2025/Feb/07/speeding-private-bus-capsizes-on-salem-kochi-national-highway-two-killed-30-injured"
,"https://newindianexpress.com/states/tamil-nadu/2025/May/04/two-killed-four-injured-as-car-hits-pole-on-chennai-krishnagiri-national-highway",,"KRISHNAGIRI: Two persons were killed and four others injured after a road accident near Bargur in Krishnagiri district. The victims were headed to Hogenakkal from Ranipet by car when it hit a power pole in the centre media early on Saturday.
The deceased were identified as A Sekar (44) and J Jana (22) of Kaveripakkam in Ranipet district, while the injured were identified as R Balakrishnan (52) of Tiruvannamalai district and L Lokesh (22), V Thivakaran (24) and V Kanniyappan (70) from Ranipet district.
According to the Bargur police, seven persons from Ranipet were heading to Hogenakkal in Dharmapuri district early on Saturday. When the car neared Chinna Bargur, driver Lokesh allegedly lost control of the vehicle and hit an electricity pole in the centre medianSekar and Jana were thrown out of the car on impact and died on the spot, on the Chennai-Krishnagiri national highway.
The Bargur police reached the spot and sent the bodies of the deceased, and the injured persons to the Government Krishnagiri Medical College Hospital. Lokesh received injuries to his head, while the others were injured on the hands and legs. All victims were daily wage labourers.
Another occupant of the car, M Kumaravel (36) of Kaveripakkam in Ranipet district was unhurt, and he lodged a complaint at the Bargur police station. A probe is under way.","1342","CBMi2wFBVV95cUxQZGpMS1AxT3RfQ0hZd3packwwSUhvaGFnLUNrOGxpY0kwU1dDMkpQREQ3VmdERFFWRklUbmxfX0loODRDLU1hVC14X3cwSEs0TE5neEhsTVpPd0hncE5XX0JMTlpJT3NzY0x1WC0yMDFDdFgwUjNaWkcwclZaZ0xVS2x4X0VPeEM0ZmdpNXhxd0x2YXk4UTV6a09OQy1DWjl1T0c2bFdBamtkV1ZpSEZ0a0NYUUotSEZORHRGV1JvZDl3RE9fS09RdGJ1WWdYWHhaNkRIMXJWTHZQSmvSAegBQVVfeXFMTkFUem1mTk5wbHcyMURsTG55dHlhWmxRZXlYQk1rUGJoZHQ3OE1CbTZhTXNrTW95eTFRLVNRSWJmdGNGQVAwTE4yTmRTamRVQ0dwaWFEbjlzYkgtajBsdXZhTkV4elZvNWIxb0cyVExsZ3pIRXpualhpVDBSc1FZdVhBdG8zaTI0N2RuUkNTLTI3bmh5MEQ3UTd5b29ablRLWXhQdy0wUEJJdi1PZkhoWFU1UWxiTmVrYjQ3S01oN2o1R0U5MDlRUWtlTEE0S1ZnTjZLNFRJVGV6eU5SQXI3YjRxeERXWDJ6aA","",,"2025-05-04T07:00:00+00:00","""two killed"" accident ""Tamil Nadu"" after:2024-12-31 before:2026-01-01","true","2026-09-24T18:50:35.344622+00:00","google-news","newindianexpress.com","The New Indian Express","Two killed, four injured as car hits pole on Chennai-Krishnagiri national highway The New Indian Express","Two killed, four injured as car hits pole on Chennai-Krishnagiri national highway - The New Indian Express","https://www.newindianexpress.com/states/tamil-nadu/2025/May/04/two-killed-four-injured-as-car-hits-pole-on-chennai-krishnagiri-national-highway"
,"https://newindianexpress.com/states/tamil-nadu/2025/Oct/17/two-killed-three-injured-in-lorry-car-collision-in-kumbakonam",,"THANJAVUR: A couple were killed and three, including two family members were injured when the car they were traveling in was hit by a lorry head-on near Kumbakonam on Friday morning.
The deceased were identified as P Subramani (60) and his wife Kalavathi (56) of Pollachi in Coimbatore district.
According to sources, they were proceeding from Kumbakonam to Mayiladuthurai when the accident occurred at Narasingampettai village. The couple's son Rakesh, daughter-in-law Rajeswari and driver of the car A Asthar Ali were also injured and admitted to Kumbakonam Government Hospital.
Tiruneelakudi police registered a case.","620","CBMiwgFBVV95cUxPSUV0bkZ0ODhmNjJJWjB4ckplT2dmeldhMzN0VFlQQnpLV2dmclh4cnlVQTdsYlphb2dQX3F0RjRHZEFNblR1YVJLSzlrTXlkSnptMVlEWG9Ea1hKNXluSDdzbDlrT2lJYTdWMmNaZXFHMnV3UkE3U21zZlBiQjBSVW1VcXZhaDZxdExSLUxPc2owZHd1WGFvcUtOcExkQWl3UGdtNzNkNlVnVUdiVnhYdTVjTHAwN2M4X0lYOFdqTXFKQdIBzwFBVV95cUxQV3BxUnFDNms3OVVVcWZPNDdmc1N1U3ZOamdEMGszQkVVb3diMXFrcXlhR3BxRG14dVZKb2RvM2JjSDVKS1drdjFsei0yY1BMNjJQM21TU3pUNEtRS3hyeDBTeHMtbHpvUk9aWlJMdVpRRU5hTDdPc05LcV9LR19jcHhmWFBEX0trbDY4QWJaekF1RU03UzhNOXZxVU51YTlhZGQ5ejVieUFtT29nWDZKbEw0OVVCbGdTMWFqdnZXODVzUWFsc0VPM3lRVnhtLUU","",,"2025-10-17T07:00:00+00:00","""two killed"" accident ""Tamil Nadu"" after:2024-12-31 before:2026-01-01","true","2026-09-24T18:50:35.344664+00:00","google-news","newindianexpress.com","The New Indian Express","Two killed, three injured in lorry-car collision in Kumbakonam The New Indian Express","Two killed, three injured in lorry-car collision in Kumbakonam - The New Indian Express","https://www.newindianexpress.com/states/tamil-nadu/2025/Oct/17/two-killed-three-injured-in-lorry-car-collision-in-kumbakonam"
,"https://indiatoday.in/cities/chennai/story/tamil-nadu-chennai-crash-two-killed-speeding-motorbikes-collide-closed-royapettah-bridge-2814447-2025-11-06",,"Two killed, one injured in motorbike crash on closed bridge in Chennai's Royapettah
Two men died and another was injured after two speeding motorbikes collided on a closed bridge in Chennai's Royapettah. One bike hit a commuter riding from the opposite side. Police are investigating how the riders entered the closed bridge.
Two men died and another was seriously injured after two speeding motorcycles collided on a closed traffic bridge in Chennai’s Royapettah on Wednesday.
Police said 19-year-old Suhail and his friend Joel were reportedly racing and speeding on the closed bridge when their bikes collided. The impact caused one of the motorcycles to hit 49-year-old Kumaran, who was riding from the opposite direction on his two-wheeler.
Commuters who noticed smoke rising from the bridge alerted authorities. Suhail and Kumaran succumbed to their injuries at the spot, while Joel was rushed to hospital with severe injuries, police said.
The bridge was reportedly closed for traffic at the time of the incident. Police have initiated an investigation into the crash and the circumstances leading to the bikes being on the closed stretch.
In another incident from May this year, a high-speed collision on Teynampet’s Narasimha Road killed 24-year-old Alagesan, a bike mechanic who was riding without a helmet.
As Alagesan was passing through on Narasimha Road, another speeding motorbike coming from the opposite direction collided with his vehicle, throwing him to the ground. He sustained a severe head injury and died on the spot.
The other rider, identified as 36-year-old Saravanan, survived the crash as he was wearing a helmet.","1641","CBMi6gFBVV95cUxQVk1YbUZnN1RBc00wZFlXT1haSUtvbWVZTUZodHJuRGtSLWFRazRFWnNYckVGNG1YVWtzejcwdmdkVTZRa2hNbTBKcm5JcjYxa0g5NWw5azN6ckVNYTJtOG1LY3pNTGZoeFE2X0FUeFdvWlVoMlFhOUd4b1hqeHNMTFFwT2E1TlM5blhlUG1Wekt3dUhldjNZRW9odWl5aTYwVWRiX1JXWVZsdmhnOUtJdXE0cVdseGc5V3ROLUVLSU1nT1JTNm5OUjNCMTZteGVGei1iOWRscWpwVllzNTR1M0JKS2ZfTGVKdmfSAe8BQVVfeXFMUHB3MHVlYUQ2T3I0R3ZlejRNRGJoUFBNU2VWSi1ENk8xVzZhTHdCNGdGQkhKTk1IVHZQeWZ2Si0zWm9Fb1k4bUNCUld3UzBhYXdzWVhOMEx3QV9Vc1llRGdFd0N5ak9Ic2JyMU5Yc2xIVldwcS1yWm9wUkNVS3V3RDRGQjEwQzZxOTFlZ3dQelNhWERrei1aM0NVRzl3ZHlJdlNMV2RjN1NRa0hMZlBiT2c0b292c1YxdlRmRmk2TTRZYU1UNXRXODh1MEJZSjNFbW4xLWhKYXI3RGZleVBiQXloS05oSjg1U25namVoQjg","",,"2025-11-06T08:00:00+00:00","""two killed"" accident ""Tamil Nadu"" after:2024-12-31 before:2026-01-01","true","2026-09-24T18:50:35.344706+00:00","google-news","indiatoday.in","India Today","Two killed, one injured in motorbike crash on closed bridge in Chennai's Royapettah India Today","Two killed, one injured in motorbike crash on closed bridge in Chennai's Royapettah - India Today","https://www.indiatoday.in/cities/chennai/story/tamil-nadu-chennai-crash-two-killed-speeding-motorbikes-collide-closed-royapettah-bridge-2814447-2025-11-06"
,"https://deccanchronicle.com/southern-states/tamil-nadu/two-students-killed-as-train-rams-school-van-in-cuddalore-1890114",,"Three Students Killed as Train Hits School Van in Cuddalore
Preliminary inquiry by the railways revealed that while the gatekeeper proceeded to close the gate, the van driver insisted on allowing the vehicle to cross the gate, which should not have been permitted
Chennai: Three students including two siblings were killed and another student and the driver were injured when their school van was hit by a train at a manned level cross in Alapakkam village in Cuddalore district, about 190 km from Chennai, on Tuesday. The Southern Railway suspended the gate keeper even as contradictory reports emerged on the cause of the accident.
The van was attempting to cross the railway gate near Semmankuppam when No. 56813 Villupuram–Mayiladuthurai passenger, traveling towards Chidambaram, struck it. The impact was catastrophic, leaving the van in a mangled state and scattering students’ books and personal belongings across the tracks.
Local residents rushed to the scene of the accident, which took place at 7.45 am, and took the injured to Cuddalore government hospital before the fire and rescue teams arrived. While Sarumathi, 16, and Nimilesh, 12, were killed instantly, Sarumathi’s brother Chezhiyan, 15, succumbed to his injuries at Jipmer hospital in Puducherry.
Cuddalore superintendent of police S. Jeyakumar visited the spot and said the accident occurred due to the negligence of gatekeeper Pankaj Sharma. The police later arrested him.
Van driver Shankar said the railway gate was open at the time of the accident. Local residents and eyewitnesses corroborated Shankar’s statement and alleged the accident was a result of the gatekeeper's negligence, contending he was “sleeping and not closing the railway gate”.
“We took the usual route,” Vishvesh, an injured student now under treatment, said. “The railway gate was open, and there was no signal. We couldn't hear the train until it was too late.”
The Southern Railway, however, contended that gate at the level crossing gate was closed at the time and the keeper opened it at the insistence of the driver who wanted to avoid delay in reaching school. The gatekeeper permitted the crossing in violation of safety protocol and was hence suspended, it said, adding that steps have been initiated to dismiss him from service.
Chief Minister M.K. Stalin announced an ex-gratia of Rs 5 lakh to the families of the deceased students, Rs 1 lakh for those severely injured and Rs 50,000 for those with minor injuries.
Adding to the tragedy, a nearby individual was electrocuted when a live wire fell due to the collision, highlighting the chaotic aftermath of the event.","2625","CBMiwgFBVV95cUxPRmtnQzdZZm4zLVlTUHlIekNxLWpxRzZQS2ZLRWtSd0xiUlVUX2xEc0gzQ0ZpZ1VYT0FWXzJYTkMxaVNRUmdpT1RzR0lnVGFoNXlFQTkwaEtJMmhIUkJmQURKUHA5WEdKeEdScnJDb1hxVzdZMU03Sm1tc1VGdGZ0MzM4cFFBRVU5MW1faDRsZmV5VjV2R2RPMEVkUDRJckVyRG9rTzA3bW8tU3NDWXI1cFdtMVNtai13b3ExeTlDSjMyUdIBxwFBVV95cUxOYkJheW13cjVQT2tOY1JHZVhZSndCbE50b3QyTjFQT1I5ek54eXNIMnhCNWNOVkpGWWdfRzVIaVp1NDIzdzB0T1U4Vlo2SVhEUVdLbjJUQ1drb182Zk03OGE5RjJPNWppWmhhN0tFQk41emUtdjN3czk5M09DcTRfZEVTbk9SWWxmckoySWlkd2N6WGFSVDRmV2MxckRVTE1TdnR4LVVBSGhhLUVhYm9pTjB0SkQ1RTMzeFZWVTV2NFVtbThEVnVj","",,"2025-07-08T07:00:00+00:00","""two killed"" accident ""Tamil Nadu"" after:2024-12-31 before:2026-01-01","true","2026-09-24T18:50:35.344761+00:00","google-news","deccanchronicle.com","Deccan Chronicle","Three Students Killed as Train Hits School Van in Cuddalore Deccan Chronicle","Three Students Killed as Train Hits School Van in Cuddalore - Deccan Chronicle","https://www.deccanchronicle.com/southern-states/tamil-nadu/two-students-killed-as-train-rams-school-van-in-cuddalore-1890114"
,"https://deccanchronicle.com/southern-states/tamil-nadu/two-killed-as-auto-crushed-between-bmtc-buses-in-bengaluru-1864169",,"Two Killed as Auto Crushed Between BMTC Buses in Bengaluru
Two persons, one of them a passenger, were killed on the spot after the vehicle in which they were travelling was crushed after a collision in between two buses to Bangalore Metropolitan Transport Corporation near Sita Circle of Hanumantha Nagar in Bengaluru city. The incident occurred under Banashankari traffic police station limits.
Bengaluru:Two persons, one of them a passenger, were killed on the spot after the vehicle in which they were travelling was crushed after a collision in between two buses to Bangalore Metropolitan Transport Corporation near Sita Circle of Hanumantha Nagar in Bengaluru city. The incident occurred under Banashankari traffic police station limits.
Police identified the deceased as Vijay Kumar (50) , an auto driver and Vishnu Bhatia (70), a passenger. It is said the auto rickshaw was behind a BMTC bus near Sita Circle when another BMTC bus coming from behind collided with it causing the mishap.
The driver of the BMTC bus in the front is said to have applied brakes of his vehicle to avoid collision with another vehicle and the sudden application of brakes resulted in collision. The BMTC bus from behind collided with the auto rickshaw and the vehicle was crushed leading to deaths of the driver and the passenger.
Banashankari traffic police rushed to the spot and registered a case.","1385","CBMiwwFBVV95cUxNNk42U0FpbVRHV1h3VWx0RDRQZU5rUzdnOU5jS3FNeHNuSnNwaG9mbl94TXNZODZpWVRka045MVFrcklDWFRhLWszYU5PakZuYmlGY3RwR0NMRkVSMEszcExQTUN0eTRnSGhnV1FYNXd6X0ZoUjQxRmFMQzc1dEVXejFUU0ZLVU5jQTZhZ2w5bnA5Z0NORjFwV3U2MFN2SkhmVmVxVi1QeXE2QkVNejNyNk12ZG5TRUR6ZzVnS0lFR2t4LTTSAcgBQVVfeXFMTUxranRDakNvV1E4NjJfM0xOcTR2ZTJoVDgzRFJZWjVnMW9qcVF2RTFfQ01uRU1jdW5BR0FGUG13RDlieHE4dWlPX3J4Q0RaVEdacGZwWEhLeU9qZ1ZXMXB0Wi10RXdESGYyVllwYng2OURuLTNvLWJybnRUVUVEeXh4bVhoTnJtMXlzcUt1TDN1eFdXWmNpMTZkcVZOc0w2RzhSSFpmM3ZnblprTVhNVjNySnI3TkFkdXFlMDZyZDd1YkZNbW5HZG8","",,"2025-03-01T08:00:00+00:00","""two killed"" accident ""Tamil Nadu"" after:2024-12-31 before:2026-01-01","true","2026-09-24T18:50:35.344806+00:00","google-news","deccanchronicle.com","Deccan Chronicle","Two Killed as Auto Crushed Between BMTC Buses in Bengaluru Deccan Chronicle","Two Killed as Auto Crushed Between BMTC Buses in Bengaluru - Deccan Chronicle","https://www.deccanchronicle.com/southern-states/tamil-nadu/two-killed-as-auto-crushed-between-bmtc-buses-in-bengaluru-1864169"
,"https://timesofindia.indiatimes.com/city/coimbatore/two-killed-as-mpv-plunges-into-gorge-on-nh-in-krishnagiri/articleshow/123029383.cms",,"Krishnagiri: Two women were killed and five others injured after a multi-purpose vehicle (MPV) they were travelling in hit the parapet wall of a culvert and plunged into a gorge near Kundarapalli here on Thursday.
Police said the accident occurred when a seven-member group from Bengaluru was returning to their houses after visiting temples in Tiruvannamalai and Chidambaram.
""As the MPV approached Kundarapalli around 4.15pm, R Manjunatha, 45, of Bengaluru, who was at the wheel, dozed off and lost control over the vehicle, which then crashed into the parapet wall of a culvert on the Chennai-Krishnagiri-Bengaluru National Highway and plunged into a 15ft deep gorge,"" said P Thangadurai, Krishnagiri district superintendent of police.
Another police officer identified the deceased as V Mamatha, 55, a native of Bedarapalli near Hosur who was residing in Bengaluru, and R Girija, 48, of White Field in Bengaluru.
The remaining five - Manjunatha, M Venkatasamy Reddy, 56, M Ramesh, 60, V Anil, 28, and R Mouliya, 19 – escaped with injuries.
""The injured were rushed to the Krishnagiri Govt Medical College and Hospital. Bodies of the deceased duo were also sent to the same hospital for postmortem. We have registered a case and are inquiring,"" the officer said.","1265","CBMi0AFBVV95cUxOcW13Z1NzdFBnRENSZFdQYkJ1ZWxKdzRhdEs2WDJCQ1EweDh6d2g1VnZOMEwyT2Z4S0tnS0gxREdwMlFFOHZyRkR4RTdsc3k4ck5RWWxJY1pBXzJmcjk2X3ZmcVBhZFQ0SHpGNF9PR2ZPSE41cVFvNEpoandJT1dkSzQ3NHlPMlZDa09kOFFJMkhpX2wtTHdqbWx2NjIzUUlZU1dfSEhPbkNQUGh1NGNITndoQkxMbXYwLWpDZE4tcFFyM2ZJZFV0UldReXE1dWJn0gHWAUFVX3lxTFBDMDRpWnBRZGF1UEFUV2luYXVucFVoNTNXd2c2UGhLR1ItdTRnM0F4QjBjMDRpU1o1UnZHdkgtZFJDMWNrT2hORURfU0JvekFWaHI4dk11RGlnM1h1Sk95X1VfTXBtaWEyd3RidHRBSW9ZS252UmVLNlQ2M2FXUURBSEoxNEM4MjRPNGR4dV9JZlUwNDhUb095blR2Z1ZuVW1BVzFHZTBTLW44TnJaRFBmZmZibXhvWHVFdXlteThCRlYwYkxBemV0NmpSV3hLdjRqLVNiSnc","",,"2025-08-01T07:00:00+00:00","""two killed"" accident ""Tamil Nadu"" after:2024-12-31 before:2026-01-01","true","2026-09-24T18:50:35.344850+00:00","google-news","timesofindia.indiatimes.com","The Times of India","Two killed as MPV plunges into gorge on NH in Krishnagiri The Times of India","Two killed as MPV plunges into gorge on NH in Krishnagiri - The Times of India","https://timesofindia.indiatimes.com/city/coimbatore/two-killed-as-mpv-plunges-into-gorge-on-nh-in-krishnagiri/articleshow/123029383.cms"
,"https://thehindu.com/news/cities/Tiruchirapalli/railways-holds-train-accident-response-drill-in-tiruchi-to-test-preparedness-of-various-agencies/article70197810.ece",,"The Tiruchi Railway Division, in collaboration with the National Disaster Response Force (NDRF), Tamil Nadu Fire and Rescue Services, civil authorities, and other agencies jointly conducted a full-scale mock exercise on train accident and rescue operations on Friday to test the level of preparedness of various agencies in handling real-life emergencies and enhance coordination among them.
An accident-like scenario was created at the Tiruchi Goods Yard as part of the exercise. Two AC three-tier coaches and one general coach were derailed and an alert was sounded. Upon hearing the siren, officials immediately swung into action and reached the site. The NDRF and all other authorities concerned were alerted.
Teams from the railway hospital, Ponmalai, Railway Protection Force, St. John Ambulance, Government Railway Police, and the Bharat Scouts and Guides rushed to the spot. The Principal Chief Safety Officer, Southern Railway, Lalit Kumar Mansukhani, Divisional Railway Manager, Tiruchi, Balak Ram Negi, senior officials from the Southern Railway, and Tiruchi Division besides representatives from the civil authorities and the Tiruchi City Police participated in the exercise.
The rescue teams from the medical, commercial, and mechanical departments worked together to safely evacuate passengers from the derailed coaches. A team of 30 NDRF personnel besides those from the RPF and Government Railway Police demonstrated their expertise by swiftly cutting through the derailed coaches to rescue the trapped passengers.
The Accident Relief Trains comprising a medical relief van equipped with an operation theatre and 10 beds along with other equipment and another consisting of engineering staff and equipment were deployed. A 140-tonne crane was deployed to support the rescue and relief operations.
A total of 31 personnel from the Tamil Nadu Fire and Rescue Services in Tiruchi provided vital support in the rescue operations. The railway medical team set up a temporary medical camp near the ‘accident site’ where first aid and medical care were provided to the “injured” passengers who were quickly shifted to the nearby hospitals.
The exercise served to test the preparedness of all participating teams in handling real-life emergencies. The quick re-railing operation underscored the railway’s ability to restore normalcy in the shortest possible time. The RPF, the Government Railway Police, and the Tiruchi City Police worked in close coordination to maintain order, manage crowds and regulate road traffic during the exercise.
The mock drill provided valuable insights and reinforced the importance of preparedness, coordination, and teamwork among all agencies involved in train accident response, a press release from the Tiruchi Railway Division said.
Published - October 24, 2025 05:46 pm IST","2818","CBMi_AFBVV95cUxNYzNMRTJMNFVEYk9DcXVjWFZxYnZRSVl0WTl0V0JWTGJHeG5kSzg4LVBFWF9nMk9HNmFOMUtvZ3pTeC1IbW14ZXJTczg2a0p4VUtrTXQxalZxY0Z2bE1jNWRxaHVNYlQ0S05abWNoR3JJN3JkZU80QXREUldUQVRSVlE4S1lHQVNyamdHSXRuWUlUS3RNRGE1Q0xpWGNvZ01OaUpfcWhYUFFvLUl6cF9HSFkyOVZNNGJCc3F1SVhGVmNUUDZrTm1mbkFxbFlQaDd5UjBJYnpWREJpT3ZmVEJ3VkdUQUtsUXp6dGF6LXIzRXpWRW15T3MyTWg4THDSAYMCQVVfeXFMTnZDNVlaU3FxQUNGNUVYR09tWFQ5SF9neC15MHVZdDJfUlIwNzE5TmUtRDJsMHRsdk5NVktCeEpRLTAxaWk4dVFhQUdIcWtpam1yc1hxRFBPaHdwajBTMm1oNlVZOGV3MEhYejVZbjhnRUJpVnRpWGQ3QVNWbjlBd2dxU0loX0F3b1hkZWZXTzNoS3RRU3Jrdy1oVndUaW9EZ1JKV05nUGw0QVRDZVhwUlhnR2piOGE0R3VaRW11RUpRUjI2XzZGUDlrWDR4V1RjWjlONWVOSVZlWm1raHUxaEJCR01uYTg4SHVWY2pBQmNQVkJyQ21YMGpXNUZQb2dEZl8yaw","",,"2025-10-24T07:00:00+00:00","""two killed"" accident ""Tamil Nadu"" after:2024-12-31 before:2026-01-01","true","2026-09-24T18:50:35.344896+00:00","google-news","thehindu.com","The Hindu","Railways holds train accident response drill in Tiruchi The Hindu","Railways holds train accident response drill in Tiruchi - The Hindu","https://www.thehindu.com/news/cities/Tiruchirapalli/railways-holds-train-accident-response-drill-in-tiruchi-to-test-preparedness-of-various-agencies/article70197810.ece"
,"https://newindianexpress.com/states/tamil-nadu/2025/Nov/07/two-killed-seven-injured-as-tnstc-bus-rams-into-tanker",,"THOOTHUKUDI: Two people were killed and seven grievously injured when a TNSTC AC bus rammed into a tanker watering plants growing in the centre median on the Thoothukudi - Madurai National Highway (NH) at Sinthalakarai on Thursday.
The deceased were identified as bus driver L Nallusamy (45) of Peraiyoor and S Mahesh (33) of Mumbai. Mahesh’s wife Vinitha, also travelling on the bus, was injured and admitted in hospital.
Sources said that the bus was heading to Tiruchendur from Madurai. While Nallusamy was crushed to death, Mahesh died at Ettayapuram government hospital. Meanwhile, conductor Jeyaraman (47), Karthik (29) of K Sundaresapuram and Stalin (45) of Kanchipuram were admitted to Kovilpatti GH; M Vinitha (30) of Mumbai and Dr Renugadevi were hospitalised at Ettayapuram Government Hospital; Logeswaran (33) of Edapadi and Pandian (34) of Madurai were admitted in Thoothukudi medical college hospital.
Ettayapuram police have registered a case and further investigation is under way.","997","CBMiuAFBVV95cUxQTU5hTTFDcXFKV3dvVjZ6LUkxVE5VemhLMkp4aGpVVUZJVHFnUDBWYUJRWWVvT0FybEh6WVVHT2RPYWN0R0stUU42M0FxcUlMNGVXejQ2MjZHNE0zeGZkT3VLRktSSHBoRnl3a2V6Q0FGRlptaDVjeUJGTnB4dllMU0NlY3pXUzBVTjVCTXRNZjM2ODNra0Y4b0VIX0l4cXdXam9UM3FfVFhpLVNSZE5GRFY1MG5aVzJC0gHGAUFVX3lxTE9lbk84aDNNYWlFWDIzU1hocUt5UHRRa1dsNUkyakFXMWhlWV9LOFdOZmc2dHIyUWRZd0xPWFFPYXU4LTFHNUUxeE03eC1CX28ybFFJa3FNaFdwLW5STFJOM3k5eEZoOHlqY0NFSVdUZGthbVJDQ2xoZVBhYUdubWJUU05ZY3JTWHlGOFpkYXF5NjNIVWE1NE1rVkR5ZFE3U0h6am9FOWJKdERuUnVKVVotd2xrVjRfbmg5djhibVJQV3FXYUtNQQ","",,"2025-11-07T08:00:00+00:00","""two killed"" accident ""Tamil Nadu"" after:2024-12-31 before:2026-01-01","true","2026-09-24T18:50:35.344937+00:00","google-news","newindianexpress.com","The New Indian Express","Two killed, seven injured as TNSTC bus rams into tanker The New Indian Express","Two killed, seven injured as TNSTC bus rams into tanker - The New Indian Express","https://www.newindianexpress.com/states/tamil-nadu/2025/Nov/07/two-killed-seven-injured-as-tnstc-bus-rams-into-tanker"
,"https://thehindu.com/news/cities/bangalore/bengaluru-man-neighbour-killed-three-others-injured-in-fire-triggered-by-gas-cylinder-leak-son-booked-for-negligence/article69521674.ece",,"A 50-year-old man and his neighbour were killed and three others injured in the fire accident sparked by a gas leak on April 28 at the former’s residence in Adakamaranahalli, the police said on Thursday. The Madanayakanahalli police have registered an FIR against an 18-year-old student, son of one of the victims, for allegedly triggering the LPG cylinder leak.
The deceased have been identified as Nagaraju Gowda, 50, father of the accused and Srinivasa, 50, a neighbour who came to rescue. Abhishek Gowda, son of Nagaraju, who also sustained serious burn injuries, has been booked for negligence.
According to the police, Nagaraju, a native of Ballari and working in a private pharma company, was living in the Adakamaranahalli house, a rented accomodation, with his wife and two children for the last two years.
The accident occurred on Monday morning when Abhishek tried to replace the cylinder and the gas got leaked. Nagaraju, as part of his routine, was lighting lamp in front of the god’s portrait and the cylinder caught fire. It spread rapidly as the house was small and engulfed the whole space.
The accused have been charged under Section 287 (negligent conduct with respect to fire or combustible matter) and section 125 (a) (endangering human life or personal safety of others through reckless or negligent actions), based on a complaint by Gangaiah, 58, owner of the house.
Nagaraju’s wife Lakshmi Devi, elder son Basavanagowda, a student, and Shivashankar, 35, son-in-law of the complainant, who rushed to help, also sustained burn injuries. Nagaraju and Srinivas succumbed to their injuries while being treated.
Abhishek and Shivashankar were critical and are being treated at the hospital. Basavanagowda is said to be out of danger. The house was partially damaged in the accident.
The police along with the fire and emergency services personnel rushed to the spot and managed to douse the fire. The police are waiting for Abhishek’s recovery for further procedure.
Published - May 01, 2025 08:48 pm IST","2022","CBMikAJBVV95cUxNMUVYVVIxV1gxZ3g1eUJvcW9YTFBTOFVwb3NOX1pDRmRRT0ZzallJb05mMG9UR3ZDZ2pyaFNRbEl5Y2xrM0ZKRWxNNkxpRE9VS2RfajVrLXczX3FxTTFGMndadW03dW1GTjF6QUtReUUwZXlDcnR2ZU1Wem5zNGE4b1dqV19HNmx5OTRqQkRlMFZISEgySHlVcHVpTFo0VjdubHdxcE9JZE1HdDAxY0dBSG1FbUJyME4xSjdEQ3Q1X3p4RVhicXB4SEF4c0x6NEd6UUppdG5Ib0RuMGxDcFVyZEduTzcwd05qd3lPUmNKdnUtWHpfVWNuSHVPWktFYk5CdkFKR0lUallYelpkZWg1VtIBlwJBVV95cUxOdEJnWEY0ZFZESnQzUVRvVzhBZFpzYk1nc0FORlRvOFdtY1pRSTdxbHVld1c5WFVIV0FLQ21Lay1XOU1fYlpBbjUtLU9XdGNPcXhxOXNtOVpwNFhNUmw4Tng3ekQwRE5RMk5KZG5fUkpaM2kwX1BOX3gwZFJ6bEdWbnNtNWFtUWNYcEt2dlBGR1VLLVFwcEtrc2pUVzZIWXRNOFdYcmJOd2NmQ2hzSEFzaUNIMWlWbXhNRl9UOVVEeThpNGxpbEYtWDlVU3F1cjZ2c1MzMVM5MEF0ZHBnTG15VzNObjBoSVNCcUpIX3dUeHZBNjlUcS1GSjF3QmRiX2pvY2R3QzBvMjFuWHowS0VORzBNYlk0U1U","",,"2025-05-01T07:00:00+00:00","""two killed"" accident ""Tamil Nadu"" after:2024-12-31 before:2026-01-01","true","2026-09-24T18:50:35.344982+00:00","google-news","thehindu.com","The Hindu","Bengaluru: Man, neighbour killed, three others injured in fire triggered by gas cylinder leak, son booked for negligence The Hindu","Bengaluru: Man, neighbour killed, three others injured in fire triggered by gas cylinder leak, son booked for negligence - The Hindu","https://www.thehindu.com/news/cities/bangalore/bengaluru-man-neighbour-killed-three-others-injured-in-fire-triggered-by-gas-cylinder-leak-son-booked-for-negligence/article69521674.ece"
,"https://newindianexpress.com/states/tamil-nadu/2025/Mar/09/four-of-a-family-among-five-killed-in-car-truck-collision-on-nh",,"PUDUKKOTTAI: Four members of a family were among five killed in a head-on collision between a car and a mini truck on the Tiruchy-Karaikudi national highway near Thirumayam in Pudukkottai district on Saturday morning. Two others, one of whom is a child, are being treated at the Pudukkottai Government Medical College Hospital, the police said.
The victims have been identified as Senthamizhselvan (65), his wife Aruna (60), their daughter-in-law Ramya (35), her daughter Magizhini (4), and co-driver of the mini truck Sudhakar (45).
Senthamizhselvan and family were on Saturday heading to Karaikudi from Thanjavur in a car. While crossing an accident-prone stretch of the national highway at Namanasamuthiram around 10 am, Senthamizhselvan, who was at the wheel, suddenly lost control of the car, causing it to collide with the mini truck coming from the opposite direction. In the impact, Senthamizhselvan and Aruna travelling in the car, and Sudhakar travelling in the mini truck died on the spot, the police said.
Emergency responders, including the Namanasamuthiram police and the Thirumayam fire and rescue services personnel, then involved in extricating the accident victims from the wreckage. Ramya, Magizhini and another of Ramya’s daughter aged 10, and mini truck driver Murthy were admitted to the medical college hospital. Ramya and Magizhini, however, died. Magizhini died in a Tiruchy hospital. the police added.The Namanasamuthiram police registered a case.","1473","CBMixAFBVV95cUxOalBlTW5tSW9qQXFiN05wbnU5ZFE5ZlNwY3dzVWN6N2V1X2hfVFNNQVlJVDlWbU9oQnpYS29FWXhDN3hBS0ZXYTVjaVJnYzZKOWN3XzBhTVpqRDVhUnA1bExnR0U1cHJBd3NkbVRXRzhvRjNMb3l2cXZHTTdnaldhZjdub0ZHZkVGSTFuRDhyb1BhNDZaTDBzbUNfSFpVd3g4X3poUllGY1ZLLU1jb2QzQllmaHZDYVVYdlhrYW5DeVlLWW5W0gHSAUFVX3lxTE5fN29iS3pNX3FvOVg4NGUtNDNNV1ZKRk8yM2RhS1QwU19nSTI4cXdlQ3NnZlU5MFZlYTFQUmQyZFZlZVY5WFh4WDhScTgtVmt2OGZITFd3TVBkWENGQXhLdEI1VXY2Ykx0Zmh2dVhEMFRmQXpmNmZFLU1yeUlfS3JIdXctRl9EdWFYa2o3aEVPak1qWTlaM29uVUM4SXJLTGZFdVF4cS1wS3BuS19JbkFCdG42SWVTcldjZ0tHa3ZsTGhQRzZrVFgySzZ0U2sweTFrQQ","",,"2025-03-09T08:00:00+00:00","""two killed"" accident ""Tamil Nadu"" after:2024-12-31 before:2026-01-01","true","2026-09-24T18:50:35.345025+00:00","google-news","newindianexpress.com","The New Indian Express","Four of a family among five killed in car-truck collision on NH The New Indian Express","Four of a family among five killed in car-truck collision on NH - The New Indian Express","https://www.newindianexpress.com/states/tamil-nadu/2025/Mar/09/four-of-a-family-among-five-killed-in-car-truck-collision-on-nh"
,"https://newindianexpress.com/states/tamil-nadu/2025/Oct/13/three-killed-in-tragic-crash-near-newly-opened-gd-naidu-flyover-in-coimbatore",,"COIMBATORE: Three people, including a woman, were killed after a speeding car rammed into a stationary lorry near the newly inaugurated GD Naidu flyover at Goldwins in Coimbatore in the wee hours on Monday.
The incident occurred around 1.30 a.m. near the Goldwins stretch of the flyover, opened to the public by Chief Minister MK Stalin just a few days ago.
The 10.1-kilometre-long elevated corridor connecting Uppilipalayam and Goldwins has been easing traffic congestion on Avinashi Road, reducing travel time from nearly 45 minutes to just 10 minutes.
According to police sources, the car, travelling from Uppilipalayam towards Goldwins, lost control while descending the flyover and crashed into a parked lorry along the roadside at Goldwins.
The impact was so severe that the car got completely mangled, trapping all three occupants inside.
Fire and rescue personnel from Peelamedu and the Coimbatore South emergency response team rushed to the spot and battled for over an hour to extricate the bodies.
The deceased have been identified as Sheikh Husein from Irugur and two others, including a young woman and a man, whose identities are yet to be confirmed.
The bodies were later sent to the ESI Hospital in Singanallur for post-mortem examination. Peelamedu police have registered a case and launched an investigation into the cause of the accident.
Coimbatore City Police Commissioner A Sundaravadivel said, “Prima facie it seems to be mechanical failure of the car. It has been dragged 100 mts after applying the brakes. The lorry was not parked on the road.”
In a separate incident, three cars collided back-to-back in the flyover on Sunday night, bringing the traffic on the flyover to a screeching halt.
Later, the police personnel rushed to the spot and cleared the traffic.
Two back-to-back accidents, nearby and on the GD Naidu flyover, within a few days of its inauguration, have created shock among the public.","1928","CBMi1wFBVV95cUxPa2Z5c1RTLXFGNWdkZXcyOU80cHVWZkhicFVSMDV3YjczclZSS3p3ODduZDRmYzN0UFltXzRJZWNKUHUxYk1TbjhFb3BSVXlLRXlPTlBRRGktUEdaSVllOE1oQlo2SkpvUFNHX2lSUFZ6azV3MmFOdmRKd1dHcTVyeXBFLUNodURvZVdVZ01BNDlTR0kzWkxGZGVIbGU4X2VUN0ZQRlpkVnBhZlhSR3pTVEtPd0xnMmRsb3RYMU51dms1dG84WWFWTGRCc0U0Y2c0cUY5WU13c9IB5AFBVV95cUxQbHU2X1lyVnN1aVB2WmQ2WDVUN0RLcTdRcklCVTdmSGo3U0VXa2ctTUJEMEJGQy16MFRNZmxxSFBfOVZYQ3lBY1htOS1yRzM4U28zR0ZpVnZyLXZqZXRRcm5TSkw5aHlQY3RLcEtwM0JLN1lkOVRZUHlpMnVGLW5IdlZMY3F2dkVCS3dqQ3UtMnZRQjh4S1N3R0ZKSjFPRlc4TEZ4UGtQZTBjdnZWVUdPOGJrSy1TYkJUUFBwNDBFUXJGX29pTFhwVUhqM3pQR29yS0lncUVEX3B2RmJtWlF0TXhSOUE","",,"2025-10-13T07:00:00+00:00","""two killed"" accident ""Tamil Nadu"" after:2024-12-31 before:2026-01-01","true","2026-09-24T18:50:35.345137+00:00","google-news","newindianexpress.com","The New Indian Express","Three killed in tragic crash near newly opened GD Naidu flyover in Coimbatore The New Indian Express","Three killed in tragic crash near newly opened GD Naidu flyover in Coimbatore - The New Indian Express","https://www.newindianexpress.com/states/tamil-nadu/2025/Oct/13/three-killed-in-tragic-crash-near-newly-opened-gd-naidu-flyover-in-coimbatore"
,"https://thehindu.com/news/national/tamil-nadu/17-year-old-killed-in-crocodile-attack-at-sathanur-dam/article70048893.ece",,"A youth was killed in a crocodile attack near the Sathanur dam in Tiruvannamalai district on Sunday.
The deceased was identified as K. Muniswaran, 17, a native of the Sathanur village and son of agricultural workers S. Kannan, 56, and K. Vedamani, 54. Muniswaran was a first-year student at the Government Arts and Science College in Tiruvannamalai town.
Initial inquiry revealed that Muniswaran and his friend K. Sanjay, 17, took cattle to the Pulikulam hillock for grazing. From the hillock, which is located behind the Sathanur dam, the two youths went to the Periyamalai Odai for fishing. The police said that when Muniswaran walked a few metres into the stream, a crocodile came suddenly surfaced and dragged him to the water. The incident happened around 8.30 a.m.
“Regular warnings have been given to residents along the banks of Thenpennai river to not to venture into the water or dam area due to the presence of numerous crocodiles. The river and the dam are their natural habitat and should not be disturbed,” A. Vishwanathan, forest range officer, Crocodile Farm (Sathanur), told The Hindu.
To save his friend, Sanjay pelted stones at the crocodile. However, the crocodile had already severely injured Muniswaran. As Sanjay cried for help, residents rushed to the spot and alerted Sathanur police and forest officials, who inspected the area. The body was sent to the Government Medical College Hospital in Tiruvannamalai town for postmortem.
Sunday’s incident comes after more than a year, when a youth was pulled into the river by a crocodile at Sathanur village.
Published - September 14, 2025 08:51 pm IST","1621","CBMiwgFBVV95cUxPNEVUQ3N6cGdCM1lQRzlOVmUyZndtOVNsUU11bEZHeUJkd0ZFOHhXeWVNME9CTjNpdnBGTDRXbXdwbFpNNkxBWjFZYzluNkJwNEdNS1ktWnFRZFhxQzRaSG5BcWlDTkFxajZHb3hqdFdFOGtxT2ZyOFNBZHAxbWd4VUpZeUhtWGVsakJGMkJTQjd5ckQ5VjU3YU9mODlfSm56aW9XNEZtUjJsSjVEeXpYQXZKUWF6ZEozXzNHaUp6MmxYd9IByAFBVV95cUxPZ3g2VTN2RTlEeTJwazJheks2WlN4TjFkbXZJdEUzejg5NjU5VkFQZnZEbWxITnB3eXFtQmtRQjRCRUFWUUxRZ3NDajRFUWdVcjU2OGliYmVPdTVvWktCeWtyMFBzX2ZUcTd3cEJmN3dxVE9TOU5fdVlsUlR3d3kxd09qYU9aaXhtV2JyRXRaQzNHY2ppM1VWVjF0ZGs3b2VzYjNndVl6UnRjOFJzNFhhRHlNNW1fd3Z1MlFsMFFVNHJ5S0tWZFNyYw","",,"2025-09-14T07:00:00+00:00","""two killed"" accident ""Tamil Nadu"" after:2024-12-31 before:2026-01-01","true","2026-09-24T18:50:35.345178+00:00","google-news","thehindu.com","The Hindu","17-year-old killed in crocodile attack at Sathanur dam The Hindu","17-year-old killed in crocodile attack at Sathanur dam - The Hindu","https://www.thehindu.com/news/national/tamil-nadu/17-year-old-killed-in-crocodile-attack-at-sathanur-dam/article70048893.ece"
,"https://timesofindia.indiatimes.com/city/jaipur/two-killed-1-injured-as-car-hits-truck-in-barmer/articleshow/118670711.cms",,"Jaisalmer: Two people travelling in a car died and a woman accompanying them sustained grievous injuries when the vehicle collided with a truck on National Highway-68 near Mahadev Petrol Pump in Sadar police station area of Barmer district late Saturday night.
The deceased were identified as Wilson Gonsalves (54) from Palghar in Maharashtra and Nikhil Dubey, son of Prem Kumar from UP. The injured woman was identified as Kanchal Soni (22), daughter of Bhupendra Kumar from Narayanpur in Ahmedabad. Police said the Etios car the trio was travelling in en route to Halliburton company's yard from Barmer city rammed into a truck that is said to be at a high speed.
Immediately after learning of the accident, Barmer SP Narendra Singh Meena came to the scene along with a police team and got the wreckage cleared and rescue work started. Passersby assisted police in extricating the three people from their ill-fated car and rushed them to Barmer Hospital by an ambulance.
Sub-inspector Omprakash of Sadar police station said Wilson served as a supervisor with Halliburton and was stationed in Barmer for several years while Nikhil and Kanchal worked in the company's technical division. The company operates within Barmer's oil field sector, he added.","1252","CBMivwFBVV95cUxPVF9Sakx0c2V3dG1tQ1lXcXRMM2xhdjVlT21SQWJxOFdobjlyekN6NE5DeVpBaDRlS3d2TFVGbVdTM1RHY21GbUZ1Vld5bkpSNGhXTi1WOElUVS1IaURuYWwzOXpja0ZwRkdsN25SNHRGYTJJRE9LbjdEVElFMi1EQ3VmRUFjak9PdkJhS0Y5clhyd1d2RUF1VTJ3RjhjWlZkdHZZN2JnbmJuY2k4ejNKTTI3SVVCMXczZ241eVFZVdIBxAFBVV95cUxQbUVZenl3MkRrakZzWXdiWWh2MnIwY0lMQjA0ZGgwb0tvUkJ2ank4NjFUWmdWb0pqRjE0M1ZUUWJLTUNXaXcycXpnMmV2bWJXNFpqcDc5VW9idnJNUTY2U24zUkdZTWJWbjhJak1RdXhhUEpMcVpFNjU1MUgzMVVmMUxxbDJmUU96VG9mQTV1UEswdUpRN0RGOUx4TWpfY3R3bmw5X2pwUGY5M3hKVGJreUI0UWN0Vi1US3dPMGtaei1mT2VE","",,"2025-03-03T08:00:00+00:00","""two killed"" accident ""Tamil Nadu"" after:2024-12-31 before:2026-01-01","true","2026-09-24T18:50:35.345221+00:00","google-news","timesofindia.indiatimes.com","The Times of India","Two killed, 1 injured as car hits truck in Barmer The Times of India","Two killed, 1 injured as car hits truck in Barmer - The Times of India","https://timesofindia.indiatimes.com/city/jaipur/two-killed-1-injured-as-car-hits-truck-in-barmer/articleshow/118670711.cms"
,"https://timesofindia.indiatimes.com/city/coimbatore/two-killed-as-many-injured-as-motorcycles-collide-in-erode/articleshow/116951153.cms",,"Erode: Two men were killed and as many injured after two motorcycles collided near Punjaipuliampatty here on Friday night. 
The Sevur police said the incident took place when K Rangasamy, 64, of Pallikooda Pirivu area of Kadathur, along with his relatives K Kanyakumari, 46, and her daughter Subbulakshmi, 22, was returning home on a motorcycle after visiting a temple in Coimbatore. 
""When they neared a rice mill in Neelipalayam village on Coimbatore-Sathyamangalam state highway, a speeding motorcycle coming from the opposite direction collided with their two-wheeler. Rangasamy and the rider of the bike that caused the accident - N Suresh Kumar, 20, of Nambiyur - succumbed to their severe head injuries on the spot, while Kanyakumari and Subbulakshmi escaped with injuries,"" a police officer said. 
When alerted, the Sevur police took Kanyakumari and Subbulakshmi to the govt hospital at Annur for medical care. The bodies of Rangasamy and Kumar were also sent to the same hospital for postmortem. 
The officer said Suresh Kumar was employed with a power loom unit. ""He was speeding the motorcycle and lost control over it, which then hit the two-wheeler that Rangasamy was riding. We have registered a case and further investigation is on."" 
Check out the latest news about Delhi Elections 2025, including key constituencies such as Chandni Chowk, New Delhi, Kalkaji, Jangpura, Patparganj, Rohini, Rajinder Nagar, Greater Kailash, Okhla, and Dwarka.","1457","CBMi0gFBVV95cUxPWEE3NHgzUXJ6ekxZWkVaVWxvTUM5UmZjb0ZFVXBYWHpwQlRSSWxVak93SzZpbXhsYTk3S1ZlUEZtSDJXbUVkdzQxWU5FblQ5cXphNnpVS3NNYlE5UklEbWU3WVdaQkszdHoydGJzYVJPVUVHUVhjTEViOXQ5REtqTEYySno2SmxWTTRhUFZTNHdMTm5OUFdIV0JmRXoxajczNm5GNEV4MUxneVFGenBWSkNOb2RqdnpyMmxCS0Q1dFkwY0xNNkxvUjFBUjlwa3J5aUHSAdcBQVVfeXFMT2ZSUEZsZUFWYnpjTUlTaTJZaGs4ZmJqdWkwLXlwemVQVXdWbWhJSzI1QTVDbmltUExvdUxYSW5vaXliejIyX3VpcEJacDhBb1RqRk9WWGtBWl81WFozRWxoUmVVanFoVDMyQzZ4cW1PdTdmX0VuSTlaNE9wUlBSdXZVQ0lPMVNJZ1k2OG8tVWFfcEI3eEVMSkwtbTBIbG5lVDlLNnk4ajlNV3FiTnlIWTl3UTJUX2NoYWJ6RTRsVFFCS3BDclVxb1AzaktBQ2xpZXdzWlZnQ2M","",,"2025-01-05T08:00:00+00:00","""two killed"" accident ""Tamil Nadu"" after:2024-12-31 before:2026-01-01","true","2026-09-24T18:50:35.345262+00:00","google-news","timesofindia.indiatimes.com","The Times of India","Two killed, as many injured as motorcycles collide in Erode The Times of India","Two killed, as many injured as motorcycles collide in Erode - The Times of India","https://timesofindia.indiatimes.com/city/coimbatore/two-killed-as-many-injured-as-motorcycles-collide-in-erode/articleshow/116951153.cms"
,"https://telanganatoday.com/20-killed-as-bengaluru-bound-private-bus-catches-fire-in-andhras-kurnool",,"Home |Andhra Pradesh |20 Killed As Bengaluru Bound Private Bus Catches Fire In Andhras Kurnool
19 killed as Bengaluru-bound private sleeper bus catches fire in Andhra’s Kurnool
A Vemuri Kaveri Travels sleeper bus caught fire near Kurnool, killing 19 passengers. Preliminary reports cite collision with a motorbike and multiple safety violations. Survivors recount frantic escapes as authorities launch investigations into negligence
Hyderabad: Tragedy struck in the predawn hours as a sleeper bus of Vemuri Kaveri Travels (VKaveri Travels) caught fire near Kurnool on Friday, killing 19 passengers, who were fast asleep. The AC luxury sleeper, on its way from Hyderabad to Bengaluru, was completely gutted.
The blaze was allegedly ignited after a high-speed collision with a motorbike, which killed the biker instantly. Subsequent investigation, however, quickly shifted focus from the accident to criminal negligence as preliminary reports revealed multiple systemic safety violations allegedly by the operator.
Authorities confirmed late Friday that the bus had been modified into a sleeper coach. Furthermore, the bus was being operated with expired insurance and had at least 16 pending traffic challans for various violations, revealing widespread non-compliance of rules by the operator.
Kurnool District Collector A Siri confirmed that 41 people, including the driver, were onboard. “Twenty-two passengers have been traced, and those rescued are stable,” she said. The Collector added that many could not escape because the incident occurred while they were asleep, and the main door failed to open immediately, an issue suspected to be due to electrical damage, critically worsening the tragedy.
Accounts from the survivors paint a harrowing scene. S Harika, a Chennai-based IT professional from Nellore, while interacting with local media, said she woke up to flames engulfing the coach. “A passenger broke the rear door, and we all jumped out. I suffered a minor injury,” she said.
Another survivor, Surya from Hyderabad, suffered leg fractures after leaping from the burning vehicle. “The fire spread within seconds. I was heading to Bengaluru for a job interview,” he said.
Kurnool Range DIG Koya Praveen stated that the fire seemed to have begun from the bike’s fuel tank after the collision. “The bus’ fuel tank remained intact, but the materials underneath were highly combustible, causing the fire to spread rapidly,” he said. Both the bus drivers, who escaped unhurt, have been detained for questioning.
Forensic experts deployed 16 specialised teams to the site to collect DNA samples and conduct on-site procedures for identifying the 19 victims, most of whom were charred beyond recognition.
Authorities have identified the victims’ homes, which included six passengers from Telangana, six from Andhra Pradesh, one each from Bihar and Odisha, two each from Tamil Nadu and Karnataka. One victim is yet to be identified.
Andhra Pradesh Transport Minister M Ramprasad Reddy visited the accident site, promising full support to the families of the victims. Meanwhile, the Telangana government dispatched 13 ambulances to bring the bodies back to Hyderabad. Officials confirmed the bus lacked fire safety equipment, and the Road Transport Authority has been directed to tighten enforcement and ensure all private operators comply with safety standards.","3367","CBMioAFBVV95cUxPY3NuTDV5S2lNTzlLWUtfYmtsRHYtN2FGUjRTRlFNUVJKeU01M1BobGt3UXVJYjRydmpSclNvZ3NUWm5mZmhNU2EwNU9qdElpNm9memVBbTZiY053azg0MmlucWlnLWJBWTIzcmV6b2JtZXRRWGRGaFV5RHJkZFZ5cFBvYTRJU3Yxd3pqczZ6X1VWRTF1aXFvQjk1SkRNWmdw","",,"2025-10-24T07:00:00+00:00","""two killed"" accident ""Tamil Nadu"" after:2024-12-31 before:2026-01-01","true","2026-09-24T18:50:35.345308+00:00","google-news","telanganatoday.com","Telangana Today","19 killed as Bengaluru-bound private sleeper bus catches fire in Andhra’s Kurnool Telangana Today","19 killed as Bengaluru-bound private sleeper bus catches fire in Andhra’s Kurnool - Telangana Today","https://telanganatoday.com/20-killed-as-bengaluru-bound-private-bus-catches-fire-in-andhras-kurnool"
,"https://newindianexpress.com/states/tamil-nadu/2025/Jul/08/four-dead-two-injured-as-mini-truck-veers-into-wrong-lane-near-thanjavur",,"THANJAVUR: Four of a family, including a two-year-old infant, died and two others sustained injuries after their car crashed into a mini truck coming in the wrong lane on Thanjavur-Kumbakonam Road on Tuesday morning.
As per sources, the deceased — C Kumar (53), his wife Jaya (55), daughter Durga (32) and granddaughter S Ethazhani Thoorika — and two other family members were on their way to the Thanjavur Big Temple from Kumbakonam. The family from Perungalathur, Chennai, was on a pilgrimage.
While passing through Kurungalur on the Vikravandi-Thanjavur highway, a mini truck transporting paddy saplings came speeding towards the car on the wrong side leading to the collision, sources said.
While Jaya was killed on the spot, her daughters Durga and Monisha (30), and son-in-law U Stalin (36) were rushed to the Thanjavur Medical College Hospital.
3 brought dead to hospital, van driver under treatment
Thoorika was taken to a private hospital near Tholkappiar Square. Of them, Kumar, Durga and Thoorika were declared brought dead, sources said. Stalin and Monisha are currently under treatment.
The mini truck driver, J Vignesh (30), and passenger L Elangovan (51), both from Udharamangalam, are undergoing treatment at TMCH, sources said. Thanjavur Taluk police have registered a case against Vignesh. A probe is on.","1322","CBMi0AFBVV95cUxOQVZQem9LVFpld2x4Z0ppTnVsNEwzMU1BbGxtLUVTdWVfb0dRdzY3VzFtMExnQ1BWcWxWdnZ2R3o0RW8tR2lHVFVFWTU1V1IzblZVcFlUUkE5SlJfZWpzRFdGaEt2LVZNdzZMSlF5eEZCdzRya190X0h4cEhlTmdpS1JRVTFLcVZnZGRseXdQYXZpenBacVVBeUhMZmx0bzNPcFJpM0ZjQ3haUGRMR1FBWUVsZFVQSGl3VjlHcWpMeUhBTUhJQ0ZwWFZEZkxEcUZR0gHeAUFVX3lxTE5KZFE5SnZfeGc4VkFNX2dBVDhhamVLRThFQ0VIVG9TaURTVm9LQ1NWRkprYmxvLWx2TDBCN2Izc1lIRGREUkpLQ3Awa2lPa1hBQnZWaHgxZS1GWW1DLXJzMFRMM2NuSG1xQTRUNXRiaFVENHlFa0cxdUFHVkVqa2V6Q2hiM2hlT2VLbVhPRDliU0p2R2pUQ1hueFNwWXBfMjhyYV9TUGlHSUdobTJJVUgxX3ZKbU14ZnVQc2gtWUp0NC15M1NEVmdFal9LaW5PWFpKTTgyVEF1eEZrREtYdw","",,"2025-07-08T07:00:00+00:00","""two killed"" accident ""Tamil Nadu"" after:2024-12-31 before:2026-01-01","true","2026-09-24T18:50:35.345357+00:00","google-news","newindianexpress.com","The New Indian Express","Four dead, two injured as mini truck veers into wrong lane near Thanjavur The New Indian Express","Four dead, two injured as mini truck veers into wrong lane near Thanjavur - The New Indian Express","https://www.newindianexpress.com/states/tamil-nadu/2025/Jul/08/four-dead-two-injured-as-mini-truck-veers-into-wrong-lane-near-thanjavur"
,"https://dtnext.in/news/chennai/chennai-two-killed-in-late-night-bike-racing-accident-on-royapettah-flyover-852137",,"CHENNAI: Two people were killed in a high-speed bike racing accident on the Peters Road flyover in Royapettah late Wednesday night.
The deceased were identified as Suhail (19), a college student from Royapettah, and Kumaran, who was riding on the opposite side of the road when the crash occurred.
According to a Thanthi TV report, Suhail and his friend Joel were allegedly racing their high-end motorcycles when they lost control and collided with each other.
The impact caused their bikes to crash into Kumaran’s two-wheeler coming from the opposite direction, killing him on the spot. Suhail also succumbed to his injuries, while Joel is undergoing treatment with severe injuries.
Traffic investigation officers have registered a case and launched an inquiry.
Preliminary findings reveal that the two youths frequently rode expensive bikes at high speed and shared videos of their rides on Instagram.
Police are probing whether others were involved in the illegal race.","972","CBMiuAFBVV95cUxQVnQxNXlGdGl4NXVVYlhzRGVJZWswYmJweWREdnRSdGJYaUUzMTQ3Wml5LUhHTkcwRGg5YzhPTkt5X2thOERfbG9YQmZuVTFnaGRtSjI0X05wdG9HSjVnd0VVY0VGUmQyYi12VlQ4SEV1MFdEXzM0eFJXSUJ3V0VNMGFfLTl3RnRJeUZVU0hjaEg3N1B6YldwMjVuUDY4V1hCWERsX3FyTEp6Sk42V1lpUm9HQTJJaFNy0gHGAUFVX3lxTE03QmhCX19iM0Q0b09rb19WVXV2dGpGS19NcklxdDlJM2JfMDdsUUpVUUh0ZGNDcHRaaFhEUkFsbDAxVnFGZGlLTmJaSnlmZXpVQlZYSTBFekVsQnJvWHpBYzI3N01lejEybDU1MTAtd1lGb3BWMVRLX19mdy1mbU1STFpSYnpjRlpvemRua1BZaUJCYnlZYVpDTnU4bHB6QTZFcWFEem1rR0ZrQjlISjhNRGcycHJ4b01qTWVoOXJ5dWlaMDYzdw","",,"2025-11-06T08:00:00+00:00","""two killed"" accident ""Tamil Nadu"" after:2024-12-31 before:2026-01-01","true","2026-09-24T18:50:35.345398+00:00","google-news","dtnext.in","DT Next","Chennai: Two killed in late-night bike racing accident on Royapettah flyover DT Next","Chennai: Two killed in late-night bike racing accident on Royapettah flyover - DT Next","https://www.dtnext.in/news/chennai/chennai-two-killed-in-late-night-bike-racing-accident-on-royapettah-flyover-852137"
,"https://ibtimes.co.in/two-killed-head-collision-cars-bengaluru-chennai-highway-near-kolar-885324",,,,"CBMiogFBVV95cUxNX1FWVk1GS3YyTlZ2X1NzbFBvS0x3Nkl6MHkxTHJuWkJkWjhuVVJYZlBCSVY5bjNKeTdNdjVodEpEVzBjazlmUHl4VXBIVjlTZDlid3dnSk41ZEEzM2FPTHhRRmQ2Q1FJOHE1XzdUZjN3QUx1Z18wcVNsMlR5WW9FeXBtTm1HNkFJeHRSV0tlX0NMUmhsdVgwUnlrVWs3ZnY0RWc","",,"2025-07-15T07:00:00+00:00","""two killed"" accident ""Tamil Nadu"" after:2024-12-31 before:2026-01-01","true","2026-09-24T18:50:35.345586+00:00","google-news","ibtimes.co.in","IBTimes India","Two killed in head-on-collision of cars on Bengaluru-Chennai Highway near Kolar IBTimes India","Two killed in head-on-collision of cars on Bengaluru-Chennai Highway near Kolar - IBTimes India","https://www.ibtimes.co.in/two-killed-head-collision-cars-bengaluru-chennai-highway-near-kolar-885324"
,"https://english.mathrubhumi.com/news/kerala/two-killed-jeep-collides-lorry-in-kottayam-302c2fc0",,"Kottayam: Two people were killed and three others injured in a collision between a jeep and a lorry near the Government Polytechnic College on MC Road on Tuesday. The deceased were passengers in the jeep, while the three injured were seated at the back of the lorry.
The accident happened around 2:30 AM. The jeep driver, Sanosh (55), a resident of Thodupuzha, was one of the deceased. The second victim is reported to be from Tamil Nadu.
The jeep, which was completely wrecked, was removed by the fire department.
Published: 08 Apr 2025, 07:22 am IST
Related Topics
Get Latest Mathrubhumi Updates in English
Disclaimer: Kindly avoid objectionable, derogatory, unlawful and lewd comments, while responding to reports. Such comments are punishable under cyber laws. Please keep away from personal attacks. The opinions expressed here are the personal opinions of readers and not that of Mathrubhumi.","898","CBMimwFBVV95cUxObmdVZEt1aEpfblBNNDFMR21lWXFhQXhPdUNOeGl1LVdkS2xtQmRfdzR3N3NhbDVyaDNQeGdMbmN1WEZkSUk0cmpjR1VQZUNja2VrSHdXQUVwZVJ4N1o1d1RlRHZKZTVmN0o4Yk1HN0VwaERObzl3Y2dId2pYQURBUFBRVGt4a05GQUl3b1pJVWlTcTA4X2ZFZXVtY9IBoAFBVV95cUxNMkZXc0Q5NktadUliZVQyOGxDWWF2WE9UMjJ1cWR0YU13S3dETW5aSC12UXlnR2JZOElwOXIwQVI1TEZ5eTA1aFdEanBwSnA1eFJpajZndTFTbmZ2TmhNMXNCWW1MR3pyampuN0JyQUZHaFNUejVGaWY0aHlyRDFtZkZVV21iT3o2dFJNcnNvdTJJZENLY1pOX0pKV2VlR1FT","",,"2025-04-08T07:00:00+00:00","""two killed"" accident ""Tamil Nadu"" after:2024-12-31 before:2026-01-01","true","2026-09-24T18:50:35.345643+00:00","google-news","english.mathrubhumi.com","Mathrubhumi English","2 killed, 3 injured as jeep collides with lorry in Kottayam Mathrubhumi English","2 killed, 3 injured as jeep collides with lorry in Kottayam - Mathrubhumi English","https://english.mathrubhumi.com/news/kerala/two-killed-jeep-collides-lorry-in-kottayam-302c2fc0"
,"https://daijiworld.com/news/newsDisplay?newsID=1279045",,"Daijiworld Media Network - Tirupati
Tirupati, Apr 28: A tragic road accident in Andhra Pradesh’s Tirupati district claimed the lives of five people on Monday. 
 
The incident occurred near Thotapalli in Pakala when the car they were traveling in collided with a container truck. Five individuals died instantly at the scene, while two others sustained critical injuries. Police have transported the injured victims to Tirupati Ruia Hospital for treatment.
The deceased and injured were pilgrims hailing from Hosur in Tamil Nadu. They were on their way home after having darshan at the Sri Venkateswara temple atop Tirumala. Among the deceased are two women, two men, and a nine-year-old child.
According to police reports, the car rammed into the rear of the container truck on the Putalapattu-Naidupeta National Highway. The impact of the collision was so severe that the car was extensively damaged and became lodged underneath the container. Tragically, body parts of the deceased were scattered around the accident site, making the recovery of the bodies a difficult task for the police.
Preliminary investigations suggest that the victims were likely members of the same family. The Pakala police have registered a case and initiated a thorough investigation into the accident.
A police official stated that efforts are underway to formally identify the deceased, and their bodies have been sent to a hospital for post-mortem examination. The car involved in the accident bore a Tamil Nadu registration number, while the container truck was registered in Karnataka. 
 
Police suspect that the car was being driven at a high speed, leading to the driver losing control of the vehicle and crashing into the heavy truck.
 
Andhra Pradesh Chief Minister N. Chandrababu Naidu has expressed his deep shock and grief over the fatal road accident. He has instructed district officials to ensure that the injured receive the best possible medical care. Officials have informed the Chief Minister that the injured are currently receiving treatment at Ruia Hospital. Naidu has also directed officials to provide necessary assistance from the government to the affected families.","2172","CBMiZEFVX3lxTE5pZmtQcmc4SkRUY2NGLXYxbnI0NUpzMUFFdndhaV9fdHIwQkp6U1NFclo5S1Awd3owbW41VFRqaW1GQzUtejhUSGxhVTExSlFPV0l4QVozMVM5QThaYXFkdjRSdnQ","",,"2025-04-28T07:00:00+00:00","""two killed"" accident ""Tamil Nadu"" after:2024-12-31 before:2026-01-01","true","2026-09-24T18:50:35.345686+00:00","google-news","daijiworld.com","daijiworld.com","Five pilgrims killed in Tirupati road accident daijiworld.com","Five pilgrims killed in Tirupati road accident - daijiworld.com","https://daijiworld.com/news/newsDisplay?newsID=1279045"
,"https://latestly.com/socially/india/news/bengaluru-road-accident-auto-driver-passenger-killed-as-vehicle-gets-crushed-between-2-bmtc-buses-in-banashankari-watch-video-6678290.html",,"Bengaluru Road Accident: Auto Driver, Passenger Killed As Vehicle Gets Crushed Between 2 BMTC Buses in Banashankari (Watch Video)
A horrific road accident in Bengaluru’s Banashankari area claimed two lives on Friday morning, February 28, when an autorickshaw was crushed between two BMTC buses.
A horrific road accident in Bengaluru’s Banashankari area claimed two lives on Friday morning, February 28, when an autorickshaw was crushed between two BMTC buses. The crash occurred on 80 Feet Road around 11:35 AM when a bus slowed down for a turning car, causing another BMTC bus behind it to ram into the auto. The impact killed driver Anil Kumar and passenger Vishnu Bapat on the spot. Police have detained the bus driver and seized the vehicle, while the victims' bodies were sent for post-mortem. A video of the mangled auto has surfaced on social media, with some reports claiming it was run over by a BMTC bus. Banashankari traffic police are investigating the exact sequence of events. Bengaluru Accident: 2 Women Die on the Spot After BBMP Truck Knocks Down 2-Wheeler, Runs Over Them.
Auto Crushed Between BMTC Buses, Two Killed
The BMTC bus did not run over the auto. The auto was crushed between two BMTC buses that were slowing down, reportedly because of another car, in front of all these vehicles, that was trying to take a turn.https://t.co/m2sbqNAlH7 https://t.co/jIZlaMq4F6
— Udbhavi (@bhavibee) March 1, 2025
Auto Mangled Between Buses in Bengaluru
A tragic accident occurred at #HosakerehalliCross in #Bengaluru, where a #BMTC bus ran over an auto-rickshaw, crushing it completely and killing both the driver and the passenger on the spot.
The impact was so severe that the auto was completely mangled, leaving no chance of… pic.twitter.com/e2tq9NHk5s
— Hate Detector 🔍 (@HateDetectors) February 28, 2025
(SocialLY brings you all the latest breaking news, fact checks and information from social media world, including Twitter (X), Instagram and Youtube. The above post contains publicly available embedded media, directly from the user's social media account and the views appearing in the social media post do not reflect the opinions of LatestLY.)
(The above story first appeared on LatestLY on Mar 01, 2025 12:14 PM IST. For more news and updates on politics, world, sports, entertainment and lifestyle, log on to our website latestly.com).","2361","CBMikAJBVV95cUxNcmpBV1NQVkN3NmtGZEdFb2dUUEFsVzhrcFEwdVB3aVJRWkhXZ2QxX09VdUNVVVNxbkRiTG1LWG5ob3RMd1RyQ2p5V1k0eGFXQVE0QU5wQmJMOGVhWlloVnI2UGRNdkkyU0hJUXhVVHFlV3ZaWWIwa1RtY0ZhUURyT3RFMXJ0VkxpU1FjLWpLY3hDekxVQzhtNm5UUTEtZ3puUGJjY3BFNjBLMG41VHkzakNYRjQ4OFVtUW5tWUE4eENpRnhVeWxKdkxLVUZ0WUw3cUpYdm9GQnBRcXBkb0xtTlYxNXlQM1I2aHQ5ZWJtTWozS1ZwTDlPNkhSbnI1S1BFQTBjank1WUVldEpGV3VHWNIBlgJBVV95cUxQbjlmUkI1MEZkTW5oNnlTYnBPZlpDSk8weXpLU2M0Ym5kMWU4X21ydkE2dkJrTnVvUmdKcXFUVWhNOUZrN25YbG1BejlLeG9EVUtING16eDVhUGFpYUNlalhEdy02S3ZiLUpndVVzWjZKS181bUs0ZHBvSVUwNnVSSGI5Xy1FOTI0cHhNa3gtN24zRDlHSGFOdlhTRTFNeGhoU2k3Q01QWDRCcUNWZjZwWU1GX3JrdlRfdGphRjZIeDY5QllMSXBxRGl2Q0dhaXE0MUtLSnR6blhMZFBBaFc4T1VQN2pDdUg2NjFZeENnOU5pd0c3WlA4SUJfbEdFZmhjeWpXalhOU1N4U0dYOWkwRU5ia0RoQQ","",,"2025-03-01T08:00:00+00:00","""two killed"" accident ""Tamil Nadu"" after:2024-12-31 before:2026-01-01","true","2026-09-24T18:50:35.345735+00:00","google-news","latestly.com","LatestLY","Bengaluru Road Accident: Auto Driver, Passenger Killed As Vehicle Gets Crushed Between 2 BMTC Buses in LatestLY","Bengaluru Road Accident: Auto Driver, Passenger Killed As Vehicle Gets Crushed Between 2 BMTC Buses in - LatestLY","https://www.latestly.com/socially/india/news/bengaluru-road-accident-auto-driver-passenger-killed-as-vehicle-gets-crushed-between-2-bmtc-buses-in-banashankari-watch-video-6678290.html"
,"https://thehindu.com/news/national/tamil-nadu/three-killed-in-road-accident-in-ranipet-town/article70302362.ece",,"Three youngsters were killed in a road accident after an SUV hit their two-wheeler on a road overbridge (ROB) at Navalpur village in Ranipet town in the early hours of Thursday (November 20, 2025).
The deceased were identified as T. Balamurugan, 19, S. Dinesh, 20, and B. Shah Jahan, 26. They were residents of Karai village near Ranipet town, Rangapuram in Vellore, and Arcot town, respectively.
Initial inquiries revealed that they were triple-riding a two-wheeler to have tea near the toll gate at Walajah town on the Chennai-Bengaluru Highway (NH48). While they were on a two-lane bridge -- which did not have a median -- to drop Balamurugan at his house at Karai village, the driver of the SUV, Ayub Khan, 56, a native of Kolar (Karnataka), got onto the wrong lane of the carriageway, the police said.
The SUV hit the two-wheeler on the bridge. The incident occurred at around 3 a.m. In the impact, Dinesh and Balamurugan were thrown off the vehicle, and the former died on the spot.
Four workers from Kolar, who were in the SUV, escaped unhurt. Passersby alerted the Ranipet Town police, who shifted Balamurugan and Shah Jahan to the Government Taluk Hospital in Walajah town where the doctors declared them ‘brought dead’. A case was registered, and the SUV driver was arrested.
The police said the bridge lacked a median to ensure lane discipline among motorists. A probe is under way.
Published - November 20, 2025 03:48 pm IST","1436","CBMitgFBVV95cUxOR25lNlJQWEo2bkpST1ppcDdESGk2ckF6NnVGekphdlhHdVREeXYwT2dzdGd6WEI4ck1vdEJ5eDYwQk03Xy1fZFpwNERCYkhxckctTU9acUNvcmxkTWpmTlJpdFV6Zy01eHFPNlJLdWtiUkY2aGZmdG1UcWFfQmtmRUd2NlBDWUNQdExoSnNjN1RyRzNaMVdDMnM4c2lwRmJnMjhWZVhaOHdUeUNycmloVkVnZjRIUdIBvAFBVV95cUxOUFozM05VcXRjS0NCd3BlMm5PeENReElDcGtHaGZjWmdBQV90aFRNUzU4UkkzaUFuWDhmZXVpMktEdUhPcjFaTlRoek1nY2JpWGlOTTRBc0VUQzJpa3lKOFg3NGlIWkhzVlVIb2lMUmxobExFMDZEYy03VEwzcFlEVTBOWVRPTUdic0N6OFFpNDFUVHRZR3hsQ3Bvb2hiOGZwYVV3MERPMkdsTHkzVENOM2xPbEx2eXpDY0VJNQ","",,"2025-11-20T08:00:00+00:00","""three killed"" accident ""Tamil Nadu"" after:2024-12-31 before:2026-01-01","true","2026-09-24T18:50:35.852157+00:00","google-news","thehindu.com","The Hindu","Three killed in road accident in Ranipet town The Hindu","Three killed in road accident in Ranipet town - The Hindu","https://www.thehindu.com/news/national/tamil-nadu/three-killed-in-road-accident-in-ranipet-town/article70302362.ece"
,"https://newindianexpress.com/states/tamil-nadu/2025/Aug/14/no-barricades-three-of-a-family-die-in-car-crash-in-tamil-nadus-tiruvallur",,"CHENNAI: Three of a family, including a nine-month-old infant, were killed and three others hurt in a car crash at a road-widening project site near Pallipattu in Tiruvallur district on Tuesday morning.
Initial inquiry by police found there was neither proper signage nor barricades at the National Highways Authority of India (NHAI) project site, which may have precipitated the tragedy.
According to Pallipattu police, the six-member group, hailing from Govindareddipalle village in Chittoor district, Andhra Pradesh, was on a pilgrimage to the Tiruttani Murugan temple. S Chittamma was travelling with her daughter Keerthi, infant grandson H Saanvik, brother-in-law Vishwanatha Reddy (who was driving the SUV) and his wife Rekha, and Padma, wife of one Venkatasalu who works in Chittamma’s house, police said.
In a bid to reach the temple quickly, Reddy took the Thachur-Chittoor highway, which is being widened to a six-lane road by NHAI, police said.
Initial probe revealed lack of proper signage and barricades
Near Thirumalrajupet bridge in Pallipattu, which is still under construction, the vehicle lost control on an unfinished part of the road and rammed into a concrete wall, police added.
The front of the SUV was mangled on impact. As per initial inquiry, there were no proper signs and barricades placed at the site to prevent vehicles from heading in that direction, police said.
While Padma died on the spot, baby Saanvik and driver Vishwanatha Reddy succumbed to injuries on Tuesday. Chittamma, Keerthi and Rekha sustained grievous injuries and are being treated at the Christian Medical College and Hospital in Ranipet.
The bodies of the deceased were sent to a government hospital for autopsy. Pallipattu police have filed a case and further probe is under way.
“While the initial probe revealed lack of proper signage and barricades, further investigation is under way to ascertain whose negligence caused the accident,” a police officer said.
Meanwhile, NHAI officials said they will look into the matter and take necessary action.","2052","CBMi0wFBVV95cUxPeWR1UWoxV09OT1E5OUxodEhyT1VkMDFfR0JlMm5sRU95MzdOREJERm44bGZnTWFVVVQzdVl0VDYxWkFFbHlUMlo1VFU3X3lSc2VxV05ycWVqaXhRSTNHVTRIVXpjbGZsQ3A2aXM4Y3MzQXdYb3plc1VnTEFWRzkxMFFiRjgxWm1aWEFxZWYzNjhyR3RpdnJoTEE5MHl0VkpjbmdzSkJ1akFwN0paRXY2bDk3YUktMVhod1RtUVBYX09lakdLM0tiYzFTRjJrZGZGclZF0gHgAUFVX3lxTE95WjdfVzRER1lVd240enFQTjRrR2NJbFVjOEhvdU81T0tsbUI5bVM1dVdseGh5MXk3TkhXaGNHR21nRjVvMHFqbjRNMVIzZlVMX3VYbk1Td3JsbzloVzYwUVprQ1hfNzZ6U2IwT0xzNUV0Ui1jRGlnaHJtc3lVWFUxalBFNXR4Sk1kTk01XzJPclJrdTJid3MxNUhQRGliQl9JaTdZUVlJZVVDNndGMHNRZmZuaDh2WFRYRlp5d0U4bjhVN1VQNDY5X1o1NnNNd0hTbUtCa2xhNVd5V3FrbWFy","",,"2025-08-14T07:00:00+00:00","""three killed"" accident ""Tamil Nadu"" after:2024-12-31 before:2026-01-01","true","2026-09-24T18:50:35.852226+00:00","google-news","newindianexpress.com","The New Indian Express","No barricades, three of a family die in car crash in Tamil Nadu's Tiruvallur The New Indian Express","No barricades, three of a family die in car crash in Tamil Nadu's Tiruvallur - The New Indian Express","https://www.newindianexpress.com/states/tamil-nadu/2025/Aug/14/no-barricades-three-of-a-family-die-in-car-crash-in-tamil-nadus-tiruvallur"
,"https://thehawk.in/news/india/three-killed-in-road-accident-in-tamil-nadu",,"Chennai, July 10 (IANS) Three men died after a container truck and a pipe-laden lorry collided on the Madurai–Thoothukudi National Highway near Palayampatti junction, located in Aruppukottai, on Thursday.
According to police sources, the accident occurred when a heavily loaded lorry, carrying large pipes, swerved out of control and collided with an oncoming container truck. The deceased were identified as S. Muthuraj (25) from Watrap in Virudhunagar district, and P. Jayamurugan (50) from Thoothukudi. The identity of the third victim, believed to have been driving the lorry at the time of the accident, remains unknown as of Thursday afternoon.
Investigations revealed that Muthuraj, the actual driver of the lorry, had allegedly allowed the unidentified man to take control of the vehicle during the journey. As the lorry approached the Palayampatti junction, the driver reportedly lost control, causing the vehicle to veer sharply towards the right. The lorry hit the road median with considerable impact, flipped over it, and careened into the opposite lane—directly into the path of a speeding container truck.
The impact was devastating. The cabins of both trucks were ripped apart in the collision, killing all three occupants on the spot. Due to the massive loads both vehicles were carrying, the wreckage became tightly entangled, making rescue operations extremely challenging.
Fire and Rescue Services personnel from Aruppukottai, led by Station Officer J. Varadaraj, rushed to the scene and worked tirelessly to extract the bodies from the mangled remains of the vehicles. The remains were later shifted to the Government Hospital in Aruppukottai for postmortem examination and identification. A crane was requisitioned from Madurai to help separate the two damaged vehicles and clear the wreckage. The vehicles were eventually moved to the roadside to resume traffic flow on the busy highway, which had come to a complete halt following the accident.
The Aruppukottai Town Police have registered a case and launched a detailed investigation into the circumstances leading to the accident.
Officials suspect over-speeding and driver negligence may have contributed to the fatal mishap. Authorities have urged heavy vehicle drivers to adhere strictly to road safety norms and avoid letting unauthorised persons take control of vehicles.
--IANS
aal/uk","2366","CBMigwFBVV95cUxPR0VXaTFLbzVtZ01FQjdwTUJrdDM5Z3E0bGpTQmg0eGw3ZXRLZmcxaUN4VTd5bWRyRkw0VlhJQ2hJeERnN3FyN0ExS2xVeVJUNEZMT3Y3MFBiNGxxUnhsLTZXczdyNXFMWlBIMkFsY2k0ZnRwb3pLVFY2NDVEQXRhSVdsaw","",,"2025-07-10T07:00:00+00:00","""three killed"" accident ""Tamil Nadu"" after:2024-12-31 before:2026-01-01","true","2026-09-24T18:50:35.852275+00:00","google-news","thehawk.in","thehawk.in","Three killed in road accident in Tamil Nadu thehawk.in","Three killed in road accident in Tamil Nadu - thehawk.in","https://www.thehawk.in/news/india/three-killed-in-road-accident-in-tamil-nadu"
,"https://timesofindia.indiatimes.com/city/kochi/three-killed-several-injured-in-separate-road-accidents-in-walayar-erumely-kozhikode/articleshow/123350439.cms",,"Kochi/Palakkad/Kozhikode: Road accidents continue to claim lives across the state, with three major mishaps reported on Sunday leaving three people dead and several others injured. 
At Walayar in Palakkad, two women from Tamil Nadu were killed and five others, including children, were injured when their car rammed into the rear of a parked lorry on Sunday morning. 
The deceased were identified as Malar and Lavanya, both aged 40, from Ambattur in Chennai. Police said the family was returning to Chennai after attending a children's competition in Kakkanad, Ernakulam, when tragedy struck. 
There were seven passengers in the vehicle, including three children. 
The car was driven by Senthil, Malar's husband. The impact of the collision was so severe that the lorry became non-operative. ""Senthil was at the wheel, with his wife Malar seated in the front passenger seat. Lavanya and her husband were behind the driver. Since the left side of the car absorbed the full impact, both women died instantly,"" said an officer from Walayar station. A child remains in critical condition with a head injury, while the others are undergoing treatment.
 Police have launched further investigations. Meanwhile, on Saturday morning, a 62-year-old man died in a separate accident in Erumely, Kottayam district. The victim was identified as Abdul Jaleel, a resident of Thumarampara, Erumeli. His scooter collided with a Tamil Nadu registration car carrying Sabarimala pilgrims along the Erumely–Mundakkayam road near at Charala.
 Heavy rain had left the stretch slippery, and the impact tossed the scooter to the roadside, while denting the side of the car in the impact. 
Erumely police registered a case of unnatural death. The body was handed over after postmortem, and a probe is underway.
Tourist bus overturns: A tourist bus carrying a wedding party overturned at Kuttippuram after hitting a car and a minibus, injuring several people. The accident took place near Kailas Auditorium at Pallippadi at 12 noon. 
The injured were admitted to various private hospitals in Kuttippuram and Valanchery.
 Two seriously injured victims-—Jiyal (5) and Rasheeda (30)-—were shifted to a private hospital in Kottakkal. Others sustained only minor injuries. About 50 people were in the bus at the time of the accident, which occurred around 12 noon.
Eyewitnesses reported that the bus first struck a road divider before colliding with the car. The accident occurred at a stretch of the national highway undergoing construction, causing prolonged traffic disruptions. Locals said there are many pits along the road.","2596","CBMi7gFBVV95cUxPNXFUeTNUMXhKYnNjNFZEZW1WOGwwNzBIMnhqa2ZaNXlDTUdsS2NIX1BhemFsQk05Wm5vYUl0T3hTSC01UFBxRm15N0c2UnFaZ2JTRXc1VnpXSDQ3UHNsMlFVZ0dZdzJQenRZQmViajlQWnFUanNMU2VnWm5udEIxYTRBWTh3X3lzR2k1d2EtckxFUm84WGF0aHpNWW9NUzJ1WmZ0UXN6dVlSTnloUlVmWkRucnZyTExSRW8wME5aTVVvQU5RMnFpSV81SXhvazdRdmp2dExEcjk4VksyTU9JeVpwNm5UWHVMMzZKQkJR0gHzAUFVX3lxTE1iOXUzV3N4V3c1aHRVNmkxdzJrdEF6WmpkRmVvQjk5ajBUX29OdWxmTVdGQXllUURwR1UzRG9QcUMwR2c0ZnR2bnQxRG5NNzhzcElaX2l6LTRiMzI1dVhObzc4MjFPRGFkMW04eXBPOHpZQWdiZUpUSVZTWGFvVll1WHVVc0huLTNoR2JPbV9uOG5pWDJEU1phbmdjVXM4WjR2bDdhYnhaLXJ0Z3BpeW4xRnZ6cEV5ajVXR3M4aDF0Zm4tT29UMzRvakRnQ0ZvNDh3cURWclFpZjZVZUxxUTRYV0RWT3hQSHRNYy1CYWgzYUkwQQ","",,"2025-08-18T07:00:00+00:00","""three killed"" accident ""Tamil Nadu"" after:2024-12-31 before:2026-01-01","true","2026-09-24T18:50:35.852336+00:00","google-news","timesofindia.indiatimes.com","The Times of India","Three killed, several injured in separate road accidents in Walayar, Erumely & Kozhikode The Times of India","Three killed, several injured in separate road accidents in Walayar, Erumely & Kozhikode - The Times of India","https://timesofindia.indiatimes.com/city/kochi/three-killed-several-injured-in-separate-road-accidents-in-walayar-erumely-kozhikode/articleshow/123350439.cms"
,"https://aninews.in/news/national/general-news/tn-family-of-three-killed-in-collision-with-police-vehicle-in-sivaganga20251112092849",,"Sivaganga (Tamil Nadu) [India], November 12 (ANI): Three members of a family, including a two-year-old child, were killed after their two-wheeler collided head-on with a speeding police vehicle in Tamil Nadu's Sivaganga district, police said.
The incident occurred on Tuesday near Sakkudi when a police vehicle belonging to the Ramanathapuram district force reportedly rammed into the family's two-wheeler. 
The deceased were identified as Prasad (25), his wife Sathya (20), and their two-year-old son, Ashwin. 
According to Sivaganga Superintendent of Police Siva Prasad, the family was returning to their native village after picking up a relative, identified as Sonai Eswari (25), from Ananjiyur.
Sonai Eswari has sustained serious injuries and is undergoing treatment at the Government Rajaji Hospital in Madurai. 
The impact of the crash was so severe that Prasad died on the spot, while Sathya and their child succumbed to injuries on the way to the hospital.
Sivaganga SP Siva Prasad told ANI over phone, ""Three members of a family, including a two-year-old boy, were killed after their two-wheeler collided head-on with a police vehicle in Sivaganga district on Tuesday. The deceased were identified as Prasad (25), his wife Sathya (20) and their son, Ashwin (2). The family was returning to their village after picking up a relative, Sonai Eswari (25), from Ananjiyur when the accident took place near Sakkudi.""
""A speeding police vehicle of the Ramanathapuram district police hit the two-wheeler head-on. Prasad died on the spot, while Sathya and their child succumbed to injuries on the way to the hospital. Sonai Eswari sustained serious injuries and is undergoing treatment at Government Rajaji Hospital,"" the police official added. 
Earlier, in a separate and shocking incident, a 25-year-old man was hacked to death inside the Trichy police quarters even as Chief Minister M.K. Stalin was in the city for official events.
The deceased was identified as Thamaraichelvan (25), a real estate businessman from Bheemanagar. According to police sources, a five-member gang chased the victim near Marsingpet. In a bid to save his life, he reportedly ran into the new police residential quarters nearby, but the gang followed him inside and brutally attacked him with sharp weapons, killing him on the spot before fleeing the scene. (ANI) 
TN: Family of three killed in collision with police vehicle in Sivaganga
ANI | Updated: Nov 12, 2025 09:28 IST","2457","CBMi0AFBVV95cUxPSGRRWkp5Tllmc0tuLUp5N2h6ZnJ6VHpZVC1KWWlXLTM0ekR2UXlrSXV6T3lRaDRtQThFaGJDaEdiUFBfNUZZbEJyWFoyYjE0dUNLYnNnVWJBelpyVi1KSG5BWWU2QUdsRTNia1loaVpKR09fVFNQZjhoeXpHSFdGSVdlZGlxdlNVa0o3clZyZXpaRmR5aV9NWlA1My1MaUxMdXYtUFBfS2JOQm5yUjBJS21qLUZoaVlKalZZMEc0SHNyNGY0ZHpLeEZGX1kxTl9L","",,"2025-11-12T08:00:00+00:00","""three killed"" accident ""Tamil Nadu"" after:2024-12-31 before:2026-01-01","true","2026-09-24T18:50:35.852384+00:00","google-news","aninews.in","ANI News","TN: Family of three killed in collision with police vehicle in Sivaganga ANI News","TN: Family of three killed in collision with police vehicle in Sivaganga - ANI News","https://www.aninews.in/news/national/general-news/tn-family-of-three-killed-in-collision-with-police-vehicle-in-sivaganga20251112092849"
,"https://thehindu.com/news/cities/bangalore/three-killed-as-speeding-car-leaps-over-nh-44-median-crashes-into-ksrtc-bus-near-bengaluru/article70384326.ece",,"In a freak accident, a speeding car vaulted over the NH44 median near Laalagondanahalli in northeast Bengaluru, flipped into the opposite lane, and crashed into an oncoming KSRTC bus on Wednesday (December 10, 2025) night. The impact killed all three occupants of the car on the spot.
The accident occurred around 11.30 p.m. near Laalagondanahalli Gate, close to Devanahalli. The deceased have been identified as Mohan Kumar, 33, Suman V., 28, and Sagar S., 23, all residents of Sadahalli on the city’s northeastern outskirts.
A preliminary police probe revealed that the trio was returning from a wedding when they crashed into the Bagepalli-bound KSRTC bus. The police suspect the car was being driven at a high speed, causing the driver to lose control. The car reportedly skidded for nearly 100 feet before leaping over the median into the opposite lane.
“The collision caused the car to topple again and land on the divider. The intensity of the crash is evident from the condition of the vehicle, which is irreparable,” a senior officer from the northeast division told The Hindu.
Police were unable to retrieve the speedometer to estimate the vehicle’s speed. The victims’ bodies were severely mutilated, leaving no possibility of shifting them to a hospital. A blood test has been requested to determine whether the driver was under the influence of alcohol.
Three bus passengers injured
Of the 25 passengers in the KSRTC bus, three sustained minor injuries and were taken to nearby hospitals. All are out of danger.
The location has no CCTV coverage, leaving police without visual evidence of the incident. Based on a complaint from the bus driver, Devanahalli Traffic Police have registered an FIR against the deceased.
Police have invoked BNS Sections 281 (rash driving on a public way), 125A (act endangering life or personal safety of others), and 106(1) (causing death by negligence).
Published - December 11, 2025 05:23 pm IST","1941","CBMi7gFBVV95cUxQd3Y0TEZNR1BCQm4xVHgzUWNZWUJNZXcyLUIwOHQ0alZhZ2FCUWhGSGtjYWxtWkhHUjJRb2w2ajZ0WnZSSy1oMnpfa3ViUUV3TXhQUFFIaWZHZXFQSjQ0THR4VkNYeklTT3dPclctZlhKa2NSeFRFOUdpVHg4VWZocFNHbVoybzVjN0tvTzV4c0s5MFNyZUJfX2JRaTdETXNBaUtIQmxpN0wtZ1ltRG9QbG5KRUNTdVlSUUJqcHFySGtYMzlVWTEzUTdFcU1zMVJLZWdydGUxMHJYYnVBSnBYbnZGX1dkdVFFOTZwOGNn0gH0AUFVX3lxTE1VcHVJWHpZcHZPLXAzR1dFSjBtNzhEaFhyWmhzcTNkTWh5dzNONFVDUmg4YUhNUGg2ME1tdGdOQmtUNFlPem5LSmdlQ253aEdpR0ZHd0tYdlMzQnkwaE9XMTZtdGU3SkFTQ3JhdkVmWTlkOHZ4OWVlYVlkMlpSbThoUWg2dWx0V3lyMUlqLW53VWNqWC11RTlLMmVvSXRYdWFxT2lseW5sdUJGNzNtQ2hLUFJLYUVHNG1NWE5UdHVSZWd6aVRTTkJUZG1sazNNbHpfTkI3dU9mS1Y2aHNNWjNhbmRjdkFTWHRhTUtTWkVUa1lBczg","",,"2025-12-11T08:00:00+00:00","""three killed"" accident ""Tamil Nadu"" after:2024-12-31 before:2026-01-01","true","2026-09-24T18:50:35.852445+00:00","google-news","thehindu.com","The Hindu","Three killed as speeding car flips over NH 44 median, crashes into KSRTC bus near Bengaluru The Hindu","Three killed as speeding car flips over NH 44 median, crashes into KSRTC bus near Bengaluru - The Hindu","https://www.thehindu.com/news/cities/bangalore/three-killed-as-speeding-car-leaps-over-nh-44-median-crashes-into-ksrtc-bus-near-bengaluru/article70384326.ece"
,"https://deccanchronicle.com/southern-states/karnataka/karnataka-three-killed-two-injured-as-car-crashes-near-siruguppa-1926031",,"Karnataka: Three Killed, Two Injured as Car Crashes Near Siruguppa
According to police, the accident occurred between 4 pm and 4.30 pm while the car was travelling from Tamil Nadu to Siruguppa via Mysuru
Ballari: Three people were killed and two others injured after a car crashed near Devinagar in the Tekkalakote police station limits, about 12 km from Siruguppa, on Wednesday.
The deceased have been identified as Prasad Rao (75), who was driving the car, Vijaya (70), and Sandhya (35). The injured—Padma (70) and Braheshwar Rao (45), both residents of Siruguppa—were shifted to Ballari for treatment. Police said their condition is stable and they are out of danger.
According to police, the accident occurred between 4 pm and 4.30 pm while the car was travelling from Tamil Nadu to Siruguppa via Mysuru. The mishap took place on NH 150A when the vehicle was nearing Siruguppa.
Preliminary investigations suggest that Prasad Rao lost control of the car after it swerved to the right side of the road and crashed into a culvert near Devinagar. The impact was severe, resulting in the death of three occupants on the spot and injuries to two others.
Police said all the victims were relatives. A case has been registered at the Tekkalakote police station, and further investigation is underway.","1296","CBMiygFBVV95cUxOTWVXVzR0cEZDeU5FSzdBUVhvd1ZsRWJMWGRNb1ctMmNMTHQ5YmVCSnJ6TWhOUkxXb2REV2tReElvLVg3N0FWNkdVLV9pYURWVnFFMXcyLXRDXzBZenZLZldkSjE2NGl6dlJkczNVMWRGV0Z5TDJNZkRzMFY0UW5pVkJIdDVJSHZKWXU0T1RudEJpXy1UcWhXSy1Fc2FDNDQ2b1JEVE1qV1h5MWZ5R3BYZWt4aXVOVi1xelFZN2ZsZGJZYjR0VlZ5TktB0gHPAUFVX3lxTE5sdWtMejJ6b3lzaFFOb2s0U3Bsb3g5RUQ3VERHRFBtOUlWTkNQdWtfNkxpbVozQk5iUnF6ZHFOeTF1YUFqb0dYVnRRU1owWGpBZXBoLTdoVUpoX2NQd1YyWVp0NXFiVGRiLV82Y3NSTW5WVkZucGpveTk0d3hteTZnR0ZDSzVlZlRSNlBOa2FHdXZJQXZiS0d1eU82U3hKSlpsanVYN0o5NkYtUmNKOS1wd2RkaFZZNW5RWTRvT3AxVllvNjJfNE1FclNqaExObw","",,"2025-12-24T08:00:00+00:00","""three killed"" accident ""Tamil Nadu"" after:2024-12-31 before:2026-01-01","true","2026-09-24T18:50:35.852491+00:00","google-news","deccanchronicle.com","Deccan Chronicle","Karnataka: Three Killed, Two Injured as Car Crashes Near Siruguppa Deccan Chronicle","Karnataka: Three Killed, Two Injured as Car Crashes Near Siruguppa - Deccan Chronicle","https://www.deccanchronicle.com/southern-states/karnataka/karnataka-three-killed-two-injured-as-car-crashes-near-siruguppa-1926031"
,"https://newindianexpress.com/states/tamil-nadu/2025/Jul/18/three-killed-19-injured-as-mini-truck-overturns-in-coimbatore",,"COIMBATORE: Three tribals, including a woman, were killed and 19 others sustained injuries after a mini truck they were travelling in overturned on the Valparai Ghat Road near Aliyar Dam at Pollachi in Coimbatore district on Thursday morning.
The private vehicle was carrying 22 people of Malasar community from the Navamalaipathi tribal village in the Anaimalai Tiger Reserve (ATR) for irrigation canal maintenance work at Kattampatti near Negamam in the plains.
According to sources, the driver lost control of the truck, allegedly due to speeding and technical failure, and the vehicle toppled on the ghat road. The deceased have been identified as Rani (45), K Thilagaraj (40), and R Sanjaykumar (20).
The accident occurred around 8am as the vehicle, driven by Devabalan (45) of Navamalaipathi, was approaching the Chinnarpathi tribal hamlet. Upon alert, the Aliyar police rushed to the accident spot and shifted the victims to Pollachi Government Hospital.
However, Rani, who suffered head injuries, died on the spot. Thilagaraj died on the way to Pollachi GH, and Sanjaykumar passed away at Coimbatore Medical College Hospital (CMCH) after being transferred from the GH, sources said.
CM gives Rs 3 lakh solatium, tribal leader appeals for more aid
The tribals had to travel for more than 30km from their hamlet every day for livelihood due to lack of forest-related work, and were paid only a minimum wage, said VS Paramasivam, district president of the Tamil Nadu Tribal People Association.
According to police, 14 of the injured have been admitted to Pollachi GH, while five others with serious injuries have been referred to the CMCH.
Chief Minister MK Stalin expressed his condolences and announced a solatium of Rs 3 lakh each to the families of the deceased, Rs 1 lakh each for those with major injuries, and Rs 50,000 for those with minor injuries. Pollachi MP K Eswarasamy and Coimbatore Collector Pavankumar G Giriyappanavar handed over the cheques to the families of the victims late on Thursday.
“Rani has three daughters and Thilagaraj has two daughters. The deceased were the breadwinners of their families. The accident occurred when they were on their way to maintain irrigation canals under the Aliyar-Parambikkulam Project (PAP), which is managed by WRD,” tribal leader Paramasivam said. “The government should reconsider the compensation, taking into account their family circumstances,” he said.
Three of family die in car-lorry collision
RANIPET: Three members of a family were killed after their car collided head-on with a lorry on the Kancheepuram-Arakkonam Road in Ranipet around 11 am on Thursday. They were returning home from a temple when the front tyre of their car burst, causing the vehicle to veer into the opposite lane and crash into the lorry","2784","CBMiwgFBVV95cUxQT00yenltLVJENmFSOGgtc2dCVzFjY3RRTWdaZUE0WnBUUVktSkJSamZGRUZTWG9pSEdodk9HMGVsVkRGWWhmcWNmT1VnLV9aX3hyN0ZleURPeEE5NHExOXA2d1BDMHNBUVI3SDFIYmFYRzRnazVrR3RkY2J1TlBMYWxEaFl3Q2pranhPUXZkVHRDM01XTzBWRjJxdGFOZXpTV3NDM2stZDlZcFk1VlZPZnQ4WnBiM1ZYMVFHWWFlck8tUdIBzwFBVV95cUxOenNEbm9wTFpBWk5DbHM0TW9mempGcDk2V25VbHQyd2I5RGUzNUxCVUcwOURld0xEUW9qOHFGQWRmdlFTYVJoLVRPRWJaZ0hBTHc2dWwzY3YtbV9NVHVtOEx5MHdya2ZiZVQ3UlctZllEaUZfa2VHRm5mbGpXMUFYVnlUdlFGTzM1NjVqa0V2TEVWZ3JHWjZFNWp1MEw3SWQxeFhpUW1iUkFvTHhJeHBHNk8yMVZzdHlJUmd0YnNTZXYwQURnTzAySjFZRllvSmc","",,"2025-07-18T07:00:00+00:00","""three killed"" accident ""Tamil Nadu"" after:2024-12-31 before:2026-01-01","true","2026-09-24T18:50:35.852538+00:00","google-news","newindianexpress.com","The New Indian Express","Three killed, 19 injured as mini truck overturns in Coimbatore The New Indian Express","Three killed, 19 injured as mini truck overturns in Coimbatore - The New Indian Express","https://www.newindianexpress.com/states/tamil-nadu/2025/Jul/18/three-killed-19-injured-as-mini-truck-overturns-in-coimbatore"
,"https://timesofindia.indiatimes.com/city/hubballi/three-killed-in-road-accident-near-tekkalkote-ballari/articleshow/126163955.cms",,"Pic: A car accident occurred on the Ballari-Siruguppa State Highway close to Devinagar Camp in Tekkalakote town on Wednesday, claiming the lives of three individuals instantly
Ballari: Three family members lost their lives, and two others sustained serious injuries when their vehicle overturned on the Ballari-Siruguppa state highway close to Devinagar Camp in Tekkalakote town, located 12km from Siruguppa, on Wednesday.
The accident occurred around 5am as the family from Nittur village was returning after visiting a temple in Tamil Nadu. The accident took place on NH 150A when the vehicle was near Siruguppa.
The deceased have been identified as Prasad Rao, 75, who was driving the car, Vijaya, 70, and Sandhya, 35. The injured, Padma, 70, and Briheshwar Rao, 45, both residents of Siruguppa, were shifted to Ballari Medical College and Research Centre (BMCRC) Hospital in Ballari. Police said their condition is stable.
Preliminary investigations suggest that Prasad Rao lost control of the car after it swerved to the right side of the road and crashed into a culvert near Devinagar. The impact was severe, resulting in the death of three occupants on the spot and injuries to two others.
A case has been registered at the Tekkalakote police station.","1258","CBMiyAFBVV95cUxQMHRkcHZzMjVGTVp2UkUxZ2lVZFFWWWhUaG1zRjlYTmpOR1VrUHphUThLc2JFQ3VhcHI4VDYyUXBzLXFSVnpCWlJFdlloMTdrOFY5aHpkMnk0Tk13Njd5bklmM0lEOFQ5NHdBYnNILWZZM3UtS1YwRWpIRmlmMHZ4V1Z4WVJ1Y3dNc1RLNU90YnViZkJ1eHBnenpZbll6aExBOVBFQlNyQ1VaRmFtYXZyNTk4dzVnVC02WnVyUUtNNXotQmk4dHdRcNIBzgFBVV95cUxNUGdCVE41MWYwSUIzdzNpTG1SbjYwdXRqSHVHbzlrMjJrMzAzUEpNQ3hzUXBSM2VzQnJKYy02M0l1V3dXNTN5cF90dDdPcVBqazhqUDRQQWxadlF1TVZzTGt2MGQ0eU1oWmlWZW9NaXBablJOOGRJYkV4alJldFpOOUwtYWpVR0VCVDhpeVNMVk9hT3dJLWQ0SzJsdHIzTW51VW9PNUJWeU1BLWNZTl9vT3pNTHNJUUZ5ZVh2WUl6VVQ2T3VvZWZ4XzU3VUJudw","",,"2025-12-24T08:00:00+00:00","""three killed"" accident ""Tamil Nadu"" after:2024-12-31 before:2026-01-01","true","2026-09-24T18:50:35.852582+00:00","google-news","timesofindia.indiatimes.com","The Times of India","Three killed in road accident near Tekkalkote, Ballari The Times of India","Three killed in road accident near Tekkalkote, Ballari - The Times of India","https://timesofindia.indiatimes.com/city/hubballi/three-killed-in-road-accident-near-tekkalkote-ballari/articleshow/126163955.cms"
,"https://thehindu.com/news/national/tamil-nadu/three-killed-as-car-rams-median-catches-fire-near-vikravandi/article70116856.ece",,"Three people from Chennai were killed, and two others sustained injuries after the car they were travelling in rammed the median near Vikravandi and collided with a lorry on the Chennai-Trichy national highway on Thursday (October 2, 2025).
In the impact, the car caught fire and flames engulfed the entire vehicle within a few minutes.
The police said five persons were travelling in the car from Kolathur in Chennai to Munnar in Kerala. When they approached Vikravandi, the driver lost control of the vehicle and rammed it against the median. It then collided with a lorry and caught fire.
In the impact, Shamsuddin, 25, of Thiruvellikeni, Rishi of Kolathur, and Mohan of Avadi died on the spot. Two others sustained injuries and were admitted to the Government Villupuram Medical College and Hospital.
Traffic on the Highway came to a standstill for more than an hour due to the accident.
A case has been registered.
Published - October 02, 2025 11:19 am IST","961","CBMiygFBVV95cUxPTDNVaTNuNll2em1OcXlEUWt5VWFGei1MWUgxcmwxNWttQnZNSUF2RC04SXk4Z09KdGRFTEkxTlk2aENiQXFYN3Y1UzE1UDNsbjc0WElVVFI0TjlJbUhkcXBNNGZqdkEtYzVkaTg1SDJ1TXFmWWlSWFdDSHU1OENnOC1YZVotV3lad1hkd2ljdVp4WkoyQVVqRkJzcmcyLU1TVGFqNFkzR0VvUGNvcURiQmhmVWh3a29DLUpvQWFsSUVrT1daRlEwOWtR0gHQAUFVX3lxTFByZVRrd0dBcHphV0RUSGEtUzhVSGRINlVwcUVHU1pCVmtNUUNFYXJrbW9CeTRQNlZHeUsxLXQ2V2pPaExmZm1veVhnVldOYzhvV3V2bUtzV1NVenZ3TmxFekFhT0N1bFhZd0NNVUQ2c1BfLWdoc3BMMTFOT0V0VHVnOUtvWExmV2YzTkluQTRYVDNNWEhyX21nZEw1WG96Q1FwdDBvOXBpSUVNMjRTcXg2OGpBNWV0NzhhbWJYZDZRWlYwZlRHSTJhMzhvSk9XVVY","",,"2025-10-02T07:00:00+00:00","""three killed"" accident ""Tamil Nadu"" after:2024-12-31 before:2026-01-01","true","2026-09-24T18:50:35.852625+00:00","google-news","thehindu.com","The Hindu","Three killed as car rams median, catches fire near Vikravandi The Hindu","Three killed as car rams median, catches fire near Vikravandi - The Hindu","https://www.thehindu.com/news/national/tamil-nadu/three-killed-as-car-rams-median-catches-fire-near-vikravandi/article70116856.ece"
,"https://newindianexpress.com/states/tamil-nadu/2025/Aug/30/three-killed-in-separate-road-accidents-in-natrampalli",,"TIRUPATTUR: Three people were killed and one injured in two separate accidents on the Chennai–Bengaluru National Highway in Natrampalli on Friday.
In the first incident, which occurred around 12 noon at K Bandarapalli, on the Chennai–Bengaluru carriageway, Chennai-based J Devaraj (65) died after the car driven by his son, D Narasimhaprasad, rammed a container lorry moving ahead of them. Their friend, N Srinivasalu (55), who was seated in the rear, sustained a leg injury and was admitted to Krishnagiri Government Hospital. Police said the trio were on their way to Bengaluru to look at a site when the accident occurred. Devaraj, a resident of Choolai in Chennai, died on the spot, while Srinivasalu, a resident of Mogappair, is under treatment. Narasimhaprasad escaped unhurt.
In the second accident, which took place around 2 pm at GP Nagar, Pananthoppu, on the Bengaluru–Chennai carriageway, two people died on the spot. Police said R Santhoshkumar (36), of Jangalapuram, was riding a two-wheeler when he suddenly hit S Ramesh (53), who was grazing a cow by the roadside. Both were flung onto the GP Nagar name board in the impact and died instantly. Ramesh was a resident of GP Nagar. Both Santhoshkumar and Ramesh were residents of Tirupattur district.
The bodies of Devaraj, Santhoshkumar, and Ramesh were sent to Tirupattur Government Hospital for post-mortem. Cases have been registered and investigations are on.","1426","CBMiuAFBVV95cUxObW5iRTdDazdnRDczTnpOb0p4R1hwZFdjZVBBcXBhc3hpUWMzZnVKM1pMZkFtaUI1MjB3V0YzZHJ3LXpRNEp2QW1sUTk4VVRCYTRrcVEyNFcwU05oaW1kWmZSUEtFWlZxZkFybzg3TDNUMEdBLW9TX2pISG05dEdMVFN5VWIzUFRZVURxaTI2V0lzY2k1VlZ1SEViMGNPNzd2M1ZaWS02M042cEFvdUlJa0ZXXzRYSk9P0gHGAUFVX3lxTE5iazd5YVNjSkwybDlnZjBkYUlQVkppa0hkaTBQZkdEcFI2S3FDWGVyc3RYVkljdDY0UUVWUVJpcU9DbVVEbWFPQ25lTDQ5ei1US2w5V2pnZnU2MnFqdXhTWFRZSlFDVXdrZE1aS1RhTFBqd19ENmE0Uk04OEg1V3VER0s5b2xhMExVTDlBZEdiU285M2xMRWt1SHM4NUY4eHNVUTFvX2RESTlNRndvNm5MRmRLV2lhNU1nWXhJRkNkZzhkWUtoQQ","",,"2025-08-30T07:00:00+00:00","""three killed"" accident ""Tamil Nadu"" after:2024-12-31 before:2026-01-01","true","2026-09-24T18:50:35.852667+00:00","google-news","newindianexpress.com","The New Indian Express","Three killed in separate road accidents in Natrampalli The New Indian Express","Three killed in separate road accidents in Natrampalli - The New Indian Express","https://www.newindianexpress.com/states/tamil-nadu/2025/Aug/30/three-killed-in-separate-road-accidents-in-natrampalli"
,"https://thehindu.com/news/national/tamil-nadu/three-killed-in-separate-road-accidents-on-chennai-bengaluru-highway-in-tirupattur/article69989074.ece",,"Three persons, including a goatherd, were killed in two separate accidents near Natrampalli on Chennai-Bengaluru Highway here on Friday.
The deceased were identified as S. Devaraj, 65, R. Santhosh, 40, and S. Ramesh, 55.
Initial inquiry revealed that in the first incident took place around noon, when a container lorry driver, V. Balakrishnan, 45, of Karur, applied sudden brakes. A car that was behind the lorry lost control and collided with it.
Devaraj, a real estate businessman, and his son Narasimha Prasad, 32, were proceeding to Hosur from Choolaimedu in Chennai in the car, driven by K. Srinivasalu, 55, of Mogappair. The lorry was proceeding to Karur from Chennai port.
In the impact, Devaraj died on the spot, while the other two persons in the car sustained injuries. Passers-by sent them to the Government Medical College Hospital in Krishnagiri.
In a separate incident, R. Santhosh, 40, of Natrampalli, was riding his two-wheeler on the highway when he lost control of his vehicle, and hit S. Ramesh, of Athurkuppam village, who was grazing his goats. In the impact, the two of them died on the spot. The accident occurred around 2 p.m.
Based on the alert, Natrampalli police inspected the spot. Separate cases were registered. Traffic was affected for nearly an hour on the route before normalcy was restored. A probe is under way.
Published - August 29, 2025 08:53 pm IST","1388","CBMi5wFBVV95cUxQOEdhc1JmUzZaLXFRRnFWOFBuQVhMNFVkMmk0U25lYVp3OEpaSUNpV253cXdDcTduS1UyZGlzR2pJRXZXRkE2blBXeGh1ZDlpTzI4dkw1TGtxdnh5MnJzVW9EeVItTjNkZGwxY1hLTFg0VnVRcGlGaWJYbFN3RVo2VVB1ZmhzdmdRQ2hvZDFEY293SHRiXy01M05GUjlTWUlBTW53cXRWdmNmdk03MFRiaFVXUEoxSkozMUNJMjZPZk5PYTJPbG5RN3MxYjJNY0pSUk43WTJpZVBlYnJuOEtVc3U3d29ueE3SAe4BQVVfeXFMUHl5UC16WmU0RUQ2NmVUN25tVFNSOVhWRzEzQ1JoRVVVRTFfMW1YOVM5Xy1lUXJodEdHc2dVQWtrUkVDaXZiQkVldHp0eVNRaHJPTExZc3hxaGZEUFZGMzF1N1lkOTNRWTBSRklkSWR5TDRhMGI2cDBRTVlZc2tnWUt6Wi1QcFF2MmpnZGFyVThQNktIS3Z5THJTR1psb2U2S0hibTcwejZNdnFrWXA1c1B2NE1CVHlXZHVKeEI5czBLbnNDQ1E2VVNReWpOSUVOTE1uVzFPWmhONVRWTmJ0Mk9tOG5rdTdUYmZNNEp1dw","",,"2025-08-29T07:00:00+00:00","""three killed"" accident ""Tamil Nadu"" after:2024-12-31 before:2026-01-01","true","2026-09-24T18:50:35.852712+00:00","google-news","thehindu.com","The Hindu","Three killed in separate road accidents on Chennai-Bengaluru Highway in Tirupattur The Hindu","Three killed in separate road accidents on Chennai-Bengaluru Highway in Tirupattur - The Hindu","https://www.thehindu.com/news/national/tamil-nadu/three-killed-in-separate-road-accidents-on-chennai-bengaluru-highway-in-tirupattur/article69989074.ece"
,"https://newindianexpress.com/states/tamil-nadu/2025/Oct/25/three-killed-as-car-collides-with-lorry-near-ulundurpet-salem-gst-road-in-kallakurichi",,"KALLAKURICHI: Three people, including a woman, were killed after a speeding car rammed into the rear of a tanker lorry near Sembiyan Mahadevi on the Ulundurpet-Salem GST Road in Kallakurichi on Friday.
The deceased were identified as Santosh (28), who was driving the car, his friend Suryakumar (24), and Santosh’s aunt Bakiyalakshmi (62). All three died on the spot, police said.
The lorry, carrying tar from Chennai to Salem, was being driven by Durairaj.
As the vehicle was passing over a flyover near Ulundurpet, the driver attempted to steer left when a car coming from Cuddalore via Padirikuppam towards Seelanayakkanpatti crashed into its rear at high speed, the police said. The impact was so severe that the front portion of the car was completely crushed.
Traffic was disrupted for a while following the accident. On information, the Elavanasurkottai police and a highway patrol team rushed to the spot and began clearing the debris.
Fire and Rescue Services personnel from Ulundurpet used hydraulic equipment to remove the mangled remains of the car and recover the bodies, which were later sent to the Kallakurichi Government Medical College Hospital for postmortem. The Elavanasurkottai police have registered a case.","1230","CBMi4wFBVV95cUxPYWFab1hxU0RZcDFGNlM2b01rWDluZTJiMGp3eEs2dWFyVXN3aDdmYzJSMkxNY1UtZWNiQkM4dXdEWUdEbmh0cDROSUd2bUdhalM0NTV4azB6UXM5Qi1OVGMtVmdCSmt3RGt2aHZrdk9RVFNRRHlrcnlMVml5c2UtaWNVZWwzM3RxOEFmV0tnRm1uMjhtOEtOcDVXZ09UTXpuc3BlYXgxZENrWS0tVE5LZWgwRDVaVjRzaGFNZ2h4QnNsNkljRENjb3pxN0dvaGE3N3h6VmJiUkF1TzZRRDFCWHdETdIB8AFBVV95cUxPOFVMaG5yN0FKdzRzR0JHNHNXbTgxX1NaTGNsbHZSM0o4N3BmMFctdGxRX2Y5T3loa2JzcW1PaXY1TURaMVFWM0V5U0lqR2dyVGVlRFhpUHhPUGVSaDNTOUNhU3RlRTA5MU9ZYTJQaXNCMmd3Vk9YMXUweTViQmVJVUttUTJCTTBadWFlWTRGMXBZNEhydWJ0QjBWVm0xYWdZY2VvQlRzbm5Db2hlTjd4YVhYOU5SaW9vcWhTai0zM25FTUwyVTBuOE4wUUN3LTV5NTBQMk1ZSS1zWUxhczlIS24tZ180R2hIbHNaY0lJdVE","",,"2025-10-25T07:00:00+00:00","""three killed"" accident ""Tamil Nadu"" after:2024-12-31 before:2026-01-01","true","2026-09-24T18:50:35.852760+00:00","google-news","newindianexpress.com","The New Indian Express","Three killed as car collides with lorry near Ulundurpet-Salem GST Road in Kallakurichi The New Indian Express","Three killed as car collides with lorry near Ulundurpet-Salem GST Road in Kallakurichi - The New Indian Express","https://www.newindianexpress.com/states/tamil-nadu/2025/Oct/25/three-killed-as-car-collides-with-lorry-near-ulundurpet-salem-gst-road-in-kallakurichi"
,"https://thehindu.com/news/national/andhra-pradesh/former-sarpanch-from-piler-among-three-killed-in-road-accident-in-tamil-nadu/article69893879.ece",,"Three members of a family were killed on the spot when their car collided head-on with a lorry near Tiruttani in Tamil Nadu, 65 km from Chittoor, early on Monday. The deceased were identified as Humayyun, former sarpanch from Piler mandal in Annamayya district, his son, and brother. They were on their way to Chennai for medical treatment for Humayyun’s son when the accident took place. The impact left the car a mangled mess.
The Tiruttani police registered a case and launched further investigation. The bodies were shifted to the area hospital in Tiruttani for post-mortem, and later handed over to the family members of the deceased on Monday evening.
Transport Minister Mandipalli Ramprasad Reddy, who represents the Rayachoti Assembly constituency in Annamayya district, expressed shock at the incident and offered condolences to the family of the bereaved. He also assured them of all the support from the State government.
Published - August 04, 2025 08:22 pm IST","973","CBMi5AFBVV95cUxOWHdLY1dyNm1pUDBvSVIyYUFZMm9TQ05XN0Z2THgzS2FiSldRY19HdEx1OTJERnNNczBNMzBvX2R6U2FsYmFBcUk0eU5aRzZ0eXNiZjNmbjhRT2EyNnYyeW1vTWZNYkRQSTFqcXNzV2hnRWt6a3QxVDhaa2JhREFBcm80SEI2aEU2SGYxR1NzWDV0ZENmaUVFeEdvSDd4TWZabFJLQ1htU2Y1eWk0Q2lOajBySUIwNllrYXFKeUhyTE9WelRpWTR1elBIWXRaZVZNRjUyX2FYUE95TVBMbmROQ1hCN3PSAesBQVVfeXFMTmRfbi1pbXdnRU9oamdLQTkzVFpsWm1uSzRPZk5fUFNSUl9nTmZaY1JsNERGSGZTQTljaXJ3eFZHRnVuS3l4SnFRM05XZzVCS2Z1YzdyZ0xkZkswdm5peXo2QzZBYXNkdEswZ2tvN2IydUJtaVE3ajFsNEd1eGFGbHNEVmhuRmdKd2JDbG52c0dFa3FZSmE1ckxMZF9ZYkU4cHdEYUJWLVJ5TWxTMVZCd0hLNVBLeDFSaUstZXJwbXhCYmdOQjQ2aWx6UTM1REpGRWFUSzc4SnYteTh6dzMwbTZ2aDViVFlpU2lQdw","",,"2025-08-04T07:00:00+00:00","""three killed"" accident ""Tamil Nadu"" after:2024-12-31 before:2026-01-01","true","2026-09-24T18:50:35.852804+00:00","google-news","thehindu.com","The Hindu","Former sarpanch from Piler among three killed in road accident in Tamil Nadu The Hindu","Former sarpanch from Piler among three killed in road accident in Tamil Nadu - The Hindu","https://www.thehindu.com/news/national/andhra-pradesh/former-sarpanch-from-piler-among-three-killed-in-road-accident-in-tamil-nadu/article69893879.ece"
,"https://thehindu.com/news/national/andhra-pradesh/two-ttd-potu-workers-among-three-killed-in-road-accident/article70375265.ece",,"Three persons were killed on the spot and three others were critically injured in a collision between two cars near Thadukupeta of Nagari mandal in Chittoor district on Tuesday (December 09).
The police said both vehicles were travelling at high speed when they crashed head-on, leaving the inmates trapped inside. Passersby alerted the police, who swung into the rescue operation. The injured were shifted the Government Area Hospital in Nagari.
Two of the deceased were identified as Shankaram and Santanam, potu (kitchen) workers at the Padmavathi Ammavaru Temple of the Tirumala Tirupati Devasthanams (TTD) in Tiruchanur near Tirupati. The third was a resident of Tamil Nadu, police said.
Minister for Transport Mandipalli Ramprasad Reddy expressed shick at the death of the potu workers, terming it “deeply saddening.”
The Nagari police registered a case and took up further investigation.
Published - December 09, 2025 02:53 pm IST","937","CBMiygFBVV95cUxPclZvb0FfVzEzai1rQV9TeEQ1Si1mdUJ5c3dWb3BoeExCd2pJNjlpTkQxSnY3UGNnRWxfVGRHV0dIb3V6a3FyUXdVWnFsd29sbjdmS2lBS21xUnVMNXprSGExLUJROU15eHFIQndvQjdJQmlKTzI2S3c2ZDZsRndIQmtXMkJJZS1BNGtNS0NuRlJRS09yTFNiRXhIQjFZU19uSDViNExDR3YzOTNtMTMydklaa0ZleEl1TURLVjFRRVJxUVdOd2tweTNR0gHQAUFVX3lxTE1vUjhiVFVSam5WcVp1ZkpxVnlNN2dCelNsYWo2V0h0SXpWYVN3OGZDazFpUUd2bFAtb0h1Z3lqUUdmc2I3bGVFQ1pfOWVnOTIxT3VLQmo4dF9icjNxMndoZzlBQUM4RDJxZEI3R0prVDZpamFZTExvanBEMElGMk01d0YyYVpUNkhIcm5VanJSbDBtblBMb0ZWUG9iVjVGcDU3NVhyanh6T2hJMVIxSGFNNkdzLTR2MWxQcGlpeHg1aTVIb091WWRwSk9PclFUcng","",,"2025-12-09T08:00:00+00:00","""three killed"" accident ""Tamil Nadu"" after:2024-12-31 before:2026-01-01","true","2026-09-24T18:50:35.852893+00:00","google-news","thehindu.com","The Hindu","Two TTD potu workers among three killed in road accident The Hindu","Two TTD potu workers among three killed in road accident - The Hindu","https://www.thehindu.com/news/national/andhra-pradesh/two-ttd-potu-workers-among-three-killed-in-road-accident/article70375265.ece"
,"https://thehindu.com/news/national/tamil-nadu/three-migrant-workers-killed-in-lorry-accident-near-karur/article70228704.ece",,"Three workers hailing from outside Tamil Nadu were killed and two others injured in a road accident near Thennilai in Karur district on Saturday morning.
According to the police, the victims were employed at a private blue metal quarry near Kodandur in K. Paramathi, where over 20 workers from other States are engaged in stone-crushing and M-sand operations.
Around 5 a.m., a tipper lorry loaded with M-sand for a construction site was proceeding on the Karur-Coimbatore link road when it overturned near Muthaligoundampalayam after the driver reportedly lost control of the vehicle at high speed.
The names of the three workers were given as A. Sikandar Ketha, 21, and T. Ajay Bangra, 30, both from Odisha, and N. Vidhyanath Prabhakaran, 47, from Bihar. They were buried alive under the M-sand load.
Another worker, Aljeem Parva, 30, sustained a fracture to his arm, while the driver, Chandrakumar, 39, suffered multiple injuries. The two are under treatment at the Karur Government Medical College and Hospital.
On information, personnel from the Fire and Rescue Services and the Thennilai police rushed to the spot, retrieved the bodies, and sent them to the government hospital for post-mortem.
The Thennilai police, under the supervision of K. Paramathi Circle Inspector Thangaraj, have registered a case and initiated an investigation.
Preliminary inquiries suggested that the lorry was overloaded with M-sand and the workers were made to travel in the vehicle in violation of safety regulations.
Published - November 01, 2025 12:47 pm IST","1546","CBMixgFBVV95cUxNMFJuS0lVMTMzUDBQdjNfVTVmOFFWcnEySVNoTGJLOGx1Q25jYXE0YWJMX3N2bXhGVWdUdVJvaDFsSVhKc256YVZCejN2UV9wNV9ySlFZdmxYR3RmQlllNldCUU1UbXZjZ0R2MWJZM3VaTkZfQkRSTUdCdDRtdzJQOENCeGJGWjhIX0x3QmZGZDhwc3BMd012X1h4ZDVJMTNBSnNzNmQyM0VoR2lyR0Zxd05PcThIT2ZyQzdWc25GM28zZWg5TVHSAcwBQVVfeXFMUDYwSWVfak1rdGVWQ0tvZDh5bVBxRmtCRE9kNW5DS0JXYlhHM1R0blJHZ3hESExLMDdSMzRaUlN2eWlORXprUVFmc0dGdHRHN3EtWEItSkZvRi1nalRyNV9NY3R1M3ZEc2dXcjRCa2FNaElyQ0hZdVExYmN4T1FkWlNTMnJsU1MzZXAyMTI1d1J4ajJmZ0piLWVDN0k2aTNuc0dFTUh1Szl5MFhTdTRPNGt0Yk9GLWlwTUNHWWhYWi1MbmtlVnRSTUllakdU","",,"2025-11-01T07:00:00+00:00","""three killed"" accident ""Tamil Nadu"" after:2024-12-31 before:2026-01-01","true","2026-09-24T18:50:35.852936+00:00","google-news","thehindu.com","The Hindu","Three quarry workers killed as lorry overturns near Karur The Hindu","Three quarry workers killed as lorry overturns near Karur - The Hindu","https://www.thehindu.com/news/national/tamil-nadu/three-migrant-workers-killed-in-lorry-accident-near-karur/article70228704.ece"
,"https://thehindu.com/news/national/tamil-nadu/three-killed-as-car-rams-stationary-bus-on-tiruchi-chennai-national-highway-at-siruganur/article69998900.ece",,"Three persons, including a one-year-old girl, were killed after the car they were travelling in rammed into a government bus parked on the roadside on Tiruchi-Chennai national highway at Siruganur in the early hours of Monday (September 1, 2025).
Police identified the deceased as S. Yashodha, 31, of Pudhupatti in Tenkasi district, her one-year-old daughter Anuvanjana, and S. Vijay Babu, 31. The car driver, M. Joseph, and the fourth passenger, M. Selvakumar, husband of Yashodha, sustained injuries in the collision.
Police sources said the car was on its way to Chennai from Tenkasi, when the incident occurred around 1.30 a.m. The government bus, which had developed a technical snag, was parked on the roadside.
The car driver reportedly overtook a vehicle that was proceeding ahead and rammed into the stationary bus from behind, killing the three persons on the spot.
The injured were treated as outpatients. Siruganur police are investigating.
Published - September 01, 2025 02:54 pm IST","996","CBMi7wFBVV95cUxPUVc0SXJkZjJjMnJZX1oyX2tvX2JZeVNRNHhwdWp5a2dvYWtFRXNGNW13QUZ1ZGNuQ2xYdHFqdFdsMm1mQXF1OWc3V0hEZ1M2a3YyUUc5eHZOei1MTVN4ZXJnUFRZbERaeTc5VWYzNWhZcFJBZEZ6Q2h6UnQzQ1lsQ3czNzNobVBpZjJSbU54cXRsdHRLQ0JCWHFJZHFBSmJJWThHTUxKcnlrNnNPdHExaDhaa0pITWphVGF2MklFZmp0ZWt0QlhJUFAwemFRSjZwYVg2Z2JWbWxkU0JGbDB4OEhrbXJ0RF9TM2d5RWxnWdIB9gFBVV95cUxQOTkxMEtaTU1FNGhlY3h2a001RjlFUDF2YldMLTZvQlVzY2RjS1picGdqVF94RHVZTlM1Z2k5ZmE0Um5pV0ZPMUpHaThiX2IwRkNrSU4yZGxjNzJMdDN4eDJiNUtGRk5NSF9DRkFGU3Q0Mjc2dmh0aUJ2THBHTlFSSnVwaEtwVEZUZ19TNlRha3B0OTFtSE5xdmVvWTZocGRRR3dMVHJ0N2FxTGxkYXJQR1l6bm9tbWpiVkdwUFp5OUpDblozU0lqOUxBNmxhbnB5WnpsOGE3Q2JBc1RtTmJwVTlaaDRTajNmX1c0RUE3a0JtSVNveXc","",,"2025-09-01T07:00:00+00:00","""three killed"" accident ""Tamil Nadu"" after:2024-12-31 before:2026-01-01","true","2026-09-24T18:50:35.852980+00:00","google-news","thehindu.com","The Hindu","Three killed as car rams into stationary bus on Tiruchi-Chennai National Highway at Siruganur The Hindu","Three killed as car rams into stationary bus on Tiruchi-Chennai National Highway at Siruganur - The Hindu","https://www.thehindu.com/news/national/tamil-nadu/three-killed-as-car-rams-stationary-bus-on-tiruchi-chennai-national-highway-at-siruganur/article69998900.ece"
,"https://thehindu.com/news/cities/Delhi/three-killed-in-separate-road-accidents-in-national-capital/article69894827.ece",,"Three persons — a 40-year-old delivery agent, a 25-year-old motorcyclist and a 63-year-old autorickshaw driver — died in separate road accidents in Delhi on Monday. The police are treating the first two incidents, both involving speeding SUVs, as “hit-and-run” cases and searching for the accused. The third incident has been attributed to a medical emergency suffered by a DTC driver, who lost control of the bus, which rammed six to seven vehicles, including the auto.
The first incident was reported at 6.30 a.m. from Nelson Mandela Marg in south-west Delhi, where a speeding car hit the delivery agent riding an electric scooter.
“On receiving the information, a team from the Vasant Kunj, North, police station reached the spot and found a damaged electric two-wheeler, but not the injured person,” said Deputy Commissioner of Police (South West) Amit Goel.
He added, “Later, AIIMS Trauma Centre informed the police about a man named Rajkumar, who was declared dead on arrival by the doctors. A preliminary probe revealed that the victim was going to work when he was struck by a speeding electric car.”
Rajkumar, a resident of Munirka and a native of Manipur, was going to his workplace — a delivery store in Masoodpur — at the time of the incident, said the DCP, adding that the offending vehicle has been identified. “Further inquiries and appropriate legal action are being undertaken,” Mr. Goel said.
The second incident occurred on central Delhi’s Parliament Street around 8.30 a.m. “The deceased, identified as Deepak, was hit by a speeding SUV. The crash left him with serious injuries. He was rushed to a nearby hospital, where the doctors declared him dead on arrival,” said an officer.
The officer added, “Legal proceedings have been initiated, and CCTV footage from the area is being scanned to trace the suspect and ascertain the sequence of events.”
The third incident was reported around 9 a.m. on Vikas Marg in Laxmi Nagar. The bus driver, identified as 27-year-old Narender, is believed to have suffered a medical emergency that led to him losing control of the vehicle, said the police.
“The bus veered off course and crashed into multiple vehicles before finally hitting the autorickshaw, in which Mohammad Heen was waiting for passengers,” said an officer.
“Due to the impact, Heen sustained critical injuries. Passersby rushed him to Hedgewar Hospital, where doctors declared him dead on arrival,” the officer added.
“Narender’s medical examination is under way, and CCTV footage from inside the bus is being examined,” the officer added.
Published - August 05, 2025 01:50 am IST","2605","CBMivwFBVV95cUxNN0dDeWlkRW96ajBTcEFpdElOTTB0a0tWMWxrcTFNYVV0VGQ5eE1GZmdzc0dJY0tMWXBGd1p3NjdtLVd5Zm5VbTBGNldudjU0dS1nMVZZR3BlSXJ0YzczTzRKZFJGV3E4TUZvZ1lVdE5PUVROUS1EejFEVXFpaUE3V0w4ek1JMlRZbjBYVTdwQW5CMi1kSnBhX0VtOFU3NVdPUGJOTEJhR2xUM2Q4bUZKLXBtOU85OUdNaUtlemlhMNIBxgFBVV95cUxQdTlEdkEta1pndGRFTkZKdmFlYm1hU0tzRmhHQkNQWnJfcnBPc29oOEdoVkZRV1pqSzNlTmUwYklkS2tZc1FOamxzZmlHWVdtaHU0akJnd21DU0tCZjNxcDdZRzBJaGI1VmxMU2Q2MGZhN3VGOGpMZlZLbUQ0YWNnMk4zWEtTRjF5Z0gzaHhZQ0JXNEhZTGV2RU1vQnVSQ0RGWnhvaHlBbFVTbXBxS3RXS2FsVUltTDh0d0xOR05EWW5JWDA1a2c","",,"2025-08-05T07:00:00+00:00","""three killed"" accident ""Tamil Nadu"" after:2024-12-31 before:2026-01-01","true","2026-09-24T18:50:35.853025+00:00","google-news","thehindu.com","The Hindu","Three killed in separate road accidents in national capital The Hindu","Three killed in separate road accidents in national capital - The Hindu","https://www.thehindu.com/news/cities/Delhi/three-killed-in-separate-road-accidents-in-national-capital/article69894827.ece"
,"https://thehindu.com/news/cities/puducherry/three-killed-in-road-accident-in-puducherry/article69214093.ece",,"Rash and triple-riding proved fatal for three persons after their two-wheeler hit the rear side of a parked truck near Thuthipet on Sedarapet-Pathukannu road on Wednesday (February 12, 2025) night.
The police identified the deceased as Saranraj, 27, Senthil, 42, and Gunasekaran, 24. Samraj was riding the bike, while the other two were riding pillion. All three were residents of bordering villages in Villupuram district of Tamil Nadu, the police said.
The police said preliminary reports suggested the rider of the motorbike lost control of the vehicle and hit the rear side of the truck. All three sustained severe head injuries and died on the spot, according to the police.
“The victim was riding the bike in a very negligent manner. Injuries show the bike was moving very fast. They were also not wearing helmet,” the officer said.
However, people residing at Pathukannu said while the cause of accident might be overspeeding, it was a fact that the stretch where the accident occurred did not have lighting facility.
Published - February 13, 2025 02:23 pm IST","1067","CBMisAFBVV95cUxNQkZEMm5yeFNDTVYxWnBDTkpKNE5uWFpra04xNWhOMExTbWhtcXRZbkxOeVczYzJHb0VaWEdzSE9vRjdlY2dKbWpXM2FqR2xoQVUxVE83R0EyWHRjQ1Nsa29Icmg4YlE1N3kwN1RoU2RLQW5zUTJNckNoWUh3LVNhVU8ycnFPeVJCOU5IWm9WOW50bUo0VzRkUE9EVnExTmJrelFSdTN6cV9jVmdKbDI0MdIBtwFBVV95cUxPYkZOVnN1ZXYxR0ZrYmZ1WWkydzhiZVphcVlHazJjT1JMdTVwWXN2QUl0Z29UblVaSHBOR1IzY1Q2ZWVHOVB5SnVmazBtcGd5eHlvMmIteW0tblRrdmNPUUpZODV1dWc0N0JCSUFmRDE0OUpvRW1neENBMlBmS1NmNU03aDAtMk5zckxnU0ZXYkoxRmIwUm1SY2lxeW1sd0trbHkxeGNYOFNZcklSSVpJLVVxRjlXckE","",,"2025-02-13T08:00:00+00:00","""three killed"" accident ""Tamil Nadu"" after:2024-12-31 before:2026-01-01","true","2026-09-24T18:50:35.853095+00:00","google-news","thehindu.com","The Hindu","Three killed in road accident in Puducherry The Hindu","Three killed in road accident in Puducherry - The Hindu","https://www.thehindu.com/news/cities/puducherry/three-killed-in-road-accident-in-puducherry/article69214093.ece"
,"https://newindianexpress.com/states/tamil-nadu/2025/Jul/21/seven-year-old-boy-among-three-killed-in-multi-vehicle-collision-in-krishnagiri",,"KRISHNAGIRI: Three people, including a minor boy, died on the spot and seven were injured in a multi-vehicle collision near Gurubarapalli on Sunday evening. The deceased were identified as S Anwar Basha (30), an electrician and his son Hasim (7) of Bargur and B Barkatullah (63) of Krishnagiri.
According to police, around 4.30 pm, a TNSTC bus heading to Dharmapuri from Hosur had to halt near Gurubarapalli bus stop due to ongoing road work. This led to a block with several vehicles —four cars, a motorcycle, two load vehicles—queueing up behind the bus.
At the time, a flour goods-laden lorry from Bengaluru heading to Tiruchy, driven by R Purushothaman (59) of Cuddalore, arrived at the spot. Purushothaman allegedly put the vehicle on neutral gear (a practice done to save fuel), due to which the lorry dashed forward in the sloping road, resulting in the vehicle pile-up. Anwar Basha and his son, who were travelling from Bengaluru to Bargur on a bike with his wife and daughter, were killed on the spot.
The bodies of the deceased were taken to the Government Krishnagiri Medical College Hospital for autopsy. The injured were also admitted here. Following the accident, Krishnagiri Collector C Dinesh Kumar and Superintendent of Police P Thangadurai rushed to the spot and regulated the traffic. Due to the accident, traffic was affected for more than an hour.
Over 40 people staged a protest near Gurubarapalli, urging the NHAI to complete the road work as soon as possible. Collector C Dinesh Kumar pacified the protestors, following which they dispersed. He further assured that an inspection will be conducted with police, revenue, NHA to reduce accidents near Gurubarapalli. Gurubarapalli police are probing the matter.
The injured are S Basanth (56) of West Bengal, his wife Usha Agarwal (50), J Jayachitra (41), her father A Mani (65) of Tiruvannamalai, R Karthik (32) of Bengaluru, A Samiya (5) and her mother Asma Parveen (26) of Bargur.","1954","CBMi2gFBVV95cUxPU25QT3ZlOHpmU2RwWFpBa3VsNlZTLVFCakwwaHBwUnRHeEx2bFhfOV9PMEhSdWVFT0xHWG1IUS1YUGtTYVdqR0NpNndGaUJrZGZFMmdRUk5NRjAxYi1McEY3dHNsZ0w2MXVUaWcyam1qOEJubGU4b3A5SDhLY2k4MVowMUEyalFablN4WUpnVjRVU3g2d0VTVWpzNHJDRUg4VUU1djJHX1A5NnFMaHBRb0N0ODJMeDNHclNkekRHR0VPVEVWRnpWRl8yYmpnM1p4amJUMTBMTVhKUdIB5wFBVV95cUxQS1UtSjVsR0tfOUtUc3pvTmM5LThKWG5veHlValYzNHFZRmt5RlZXM0g1Z1hoWWc3NHFzdTNGVWdScF83RzNjT3pqOFhkVHgyaHlMSWtud205ZmVPbkJHd1pYWGdJSjVLZEFmb3g3NFVBbXJteFdvVE5VMkI0c21SM3pNR1hhZHV2cTdueGJVa2djb2ZqYk5TU2Q2bWZQWFBFa3NRcVBFREc2RzlXXzdJakl1bmRNeW8zR1VQbkZhNk1QWEw0b0pteC03YXk1dUx0dFlURmhhTkgxb3RNdlFVMURiRlNTck0","",,"2025-07-21T07:00:00+00:00","""three killed"" accident ""Tamil Nadu"" after:2024-12-31 before:2026-01-01","true","2026-09-24T18:50:35.853141+00:00","google-news","newindianexpress.com","The New Indian Express","Seven-year-old boy among three killed in multi-vehicle collision in Krishnagiri The New Indian Express","Seven-year-old boy among three killed in multi-vehicle collision in Krishnagiri - The New Indian Express","https://www.newindianexpress.com/states/tamil-nadu/2025/Jul/21/seven-year-old-boy-among-three-killed-in-multi-vehicle-collision-in-krishnagiri"
,"https://newindianexpress.com/states/tamil-nadu/2025/Sep/02/woman-toddler-among-three-killed-as-car-rams-into-bus-in-tiruchy",,"TIRUCHY: Three people, including a woman and her one-year-old daughter, died after they car they were travelling collided with a parked TNSTC government bus near Siruganur in Tiruchy district in the early hours of Monday. The deceased were identified as S Yasoda (31) from Alangulam, and her daughter Anuvanjana, and S Vijay Babu (31) from Virudhunagar.
Police said Yasoda’s husband M Selvakumar works at a private company in Chennai. On Monday, the family was returning to Chennai in a rented car after attending an ear-piercing ceremony in Alangulam. The car was driven by M Joseph (20), a resident of Alangulam village.
While approaching a petrol bunk near Siruganur on the Tiruchy-Chennai National Highway, the car rammed into a stationery government bus that was parked on the roadside. Due to the impact, Yasoda, her daughter Anuvanjana, and their friend Vijay Babu (31) from Virudhunagar died on the spot. Both Joseph and Selvakumar sustained injuries.
Upon information, Siruganur police rescued the injured persons and admitted them to Srirangam Government Hospital for treatment. The bodies of the deceased were sent to the same hospital for autopsy. Following this, the police registered a case and are investigating the incident.","1240","CBMixgFBVV95cUxPRWdHSEpkS01GQTNjcXRwS2lTTkV1YjhzODFyWnlaZU11SnAyV2RFODJ3U2h5YjVqbVBqWGQ4bU5mTkc5bWsxbGV3al9rT2hPbXRQekZUYzlwRk9BY1U5RmxDaFJ4azZfWk9WaXdYMkNRZHRXRlJYeVFqWGF3YUxqQS1WSElwcm0xcmFXSDNzRndsSFVnZ29ibzdsVTRadFY1YUJEQjY0RHFpaTZ4YVVMTU1XTjJjRHNkcEJmZEZlOGJSbjJrNFHSAdMBQVVfeXFMT01RSXg1dnlhbFpMYjluVldFWDR5dWhrQnhaMHY4aENzZXZ6ZGZWR00xdC1DTGFjSEJ0bXdvSUVzc05ySnE0c2RTcllNbFYzNEFycXJGa3UyazRVMFhkeVd4UFc0RmlKOWlLS1M1ZGZZUTFkcWJxZEFHUG8yaVZELWxpZHFnLUpxRzdmZTBJLWx0NDRuNDNZMksyTFpEdnE2RFJNU2lqUEdjYUstd19pR2VOYlRaR090UXBhZDV3eENyT0dqVEtZZUFZU1FINnFTSVZ1cw","",,"2025-09-02T07:00:00+00:00","""three killed"" accident ""Tamil Nadu"" after:2024-12-31 before:2026-01-01","true","2026-09-24T18:50:35.853186+00:00","google-news","newindianexpress.com","The New Indian Express","Woman, toddler among three killed as car rams into bus in Tiruchy The New Indian Express","Woman, toddler among three killed as car rams into bus in Tiruchy - The New Indian Express","https://www.newindianexpress.com/states/tamil-nadu/2025/Sep/02/woman-toddler-among-three-killed-as-car-rams-into-bus-in-tiruchy"
,"https://newindianexpress.com/states/kerala/2025/Feb/19/three-killed-after-tourist-bus-turned-upside-down-in-keralas-mattupetty",,"IDUKKI: Three students were killed after a tourist bus carrying college students from Kanyakumari turned upside down in Mattupetty near Munnar on Wednesday.
The deceased have been identified as Venika R, Athika R and Sudhan, who were second-year BSc students at the Scott Christian College in Nagarcoil, Kanyakumari district, Tamil Nadu.
Venika and Athika died on the spot. Sudhan, however, succumbed to injuries on the way to the Medical College Hospital in Theni.
As per the eyewitnesses, the incident happened on Wednesday at around 2.30 pm. The team had set off from Nagarcoil on Tuesday night and arrived in Munnar on Wednesday early morning.
The bus was heading to the Kundala dam area. However, while negotiating a curve, the driver lost control of the bus. It reportedly veered off the highway and turned upside down on the side of the road.
Immediate rescue operations were held under the leadership of local residents and passengers in other vehicles that came following the bus came.
The injured were immediately taken to a private hospital in Munnar. A total of 19 injured have been admitted at the Tata General Hospital in Munnar.
Critically injured four persons were shifted to the Medical College Hospitals in Theni, Kolencherry and Kottayam.
There were total of 41 passengers in the bus including 4 teachers. Although eyewitnesses say over speeding as the cause of the accident, the exact reason is yet to be determined.","1436","CBMiygFBVV95cUxQNU1UMDZFVVVEOW1yTE9CcGwwelVoS0RnRTQ5WUl6OWxkaXVXUVJGT3dkZi0xd0t3ZWpuUFloMElyMjhESVRUaDlZbnFZdm9sUGI5bTE1d2hkeC1FM05ySjNETlUwMEJXNVJFN2JjaDdQbnYwRFNkMk40UW0yRTFVbmZNOUN6aVRMbHJPUHFKRnBjMy1HaDk2cXVBd3h6QU1razRpQ0FLVmU5Z0cwQXYxVE0yOVFzY1hkZlZPdzdoZ1p4WEpjaGZ5Vmhn0gHXAUFVX3lxTE1uWE83Q0lJOTB3WE9SMUk0UVgwS0k1SlE5aEJ0UFFfd1Q2eE5tU0pNeU9NMWVhZlFnT0M3YjlVODI1aDRmeE00cnVNRlI1RFlJMTNJUFV2NFJqT0VOc2w4czFNYm5JcTFnQkx3OFh6VkFoRG12TjNndWc2bmZYZmt5MV9qS1hMRmdJRXpqbmlOZFA1Z1pYNjRoNFJFZHlvemVndnFNWHFtVmV4MDZWU2NGYlI3M2Zlck9BdWFaeS1haEhObVY0YmstVlpiLVpLTW5KQ3NWeWxv","",,"2025-02-19T08:00:00+00:00","""three killed"" accident ""Tamil Nadu"" after:2024-12-31 before:2026-01-01","true","2026-09-24T18:50:35.853233+00:00","google-news","newindianexpress.com","The New Indian Express","Three killed after tourist bus turned upside down in Kerala's Mattupetty The New Indian Express","Three killed after tourist bus turned upside down in Kerala's Mattupetty - The New Indian Express","https://www.newindianexpress.com/states/kerala/2025/Feb/19/three-killed-after-tourist-bus-turned-upside-down-in-keralas-mattupetty"
,"https://scroll.in/latest/1087893/heavy-rainfall-in-tamil-nadu-red-alert-for-three-kerala-districts",,"Tamil Nadu: Three killed in wall collapse amid heavy rainfall
The IMD has also issued a red alert for six districts of Andhra Pradesh.
Three women were killed in two separate instances of wall collapse in Tamil Nadu on Wednesday as the state recorded heavy rainfall, reported The Hindu.
Ashothai, 69, and her daughter Jaya, 40, were killed after a wall of their home in Andarmullipallam near Puduchatram in Cuddalore district collapsed at around 10 am. They were both farm labourers.
In Kongarapalayam near Kallakurichi, 60-year-old Vanamayili died after a wall of her home caved in.
This came amid torrential rainfall brought by the low-pressure area that had formed over the southwestern Bay of Bengal on Tuesday.
The India Meteorological Department issued a red alert indicating extremely heavy rainfall in Villupuram, Cuddalore, Mayiladuthurai, Nagapattinam, Thiruvarur, Thanjavur, Pudukkottai and Ramanathapuram districts of Tamil Nadu, and the Union Territory of Puducherry.
An orange alert for heavy rainfall was issued for Tiruvallur, Chennai, Chengalpattu, Kancheepuram, Kallakurichi, Ariyalur, Perambalur, Thoothukudi, Tirunelveli and Kanyakumari districts. A yellow alert was issued for the remaining districts.
A red alert requires the authorities to “take action” in view of an extreme weather event, while an orange alert expects the administration to “be prepared”. A yellow alert means that authorities should “be updated” on the situation.
The weather agency also said that the well-marked low-pressure area in the Bay of Bengal was likely to turn into a depression over the southwestern and the adjoining west-central areas of the bay off the coasts of northern Tamil Nadu and southern Andhra Pradesh on Wednesday, The Hindu reported.
The weather system will move towards the coasts and intensify into a deep depression by Thursday afternoon, it added.
B Amudha, an official at the Regional Meteorological Centre, said there will be more clarity on whether the system will intensify into a cyclonic storm on Wednesday after it becomes a depression.
“Three weather systems, including an upper air circulation over the south Andaman Sea and neighbourhood, will influence vigorous Northeast monsoon activity,” The Hindu quoted Amudha as saying.
Schools and educational institutions in Chennai, Kallakurichi, Namakkal, Perambalur, Salem, Pudukkottai, Villupuram and Cuddalore districts were closed on Wednesday in light of the heavy rainfall, the newspaper reported. All educational institutions in Puducherry were also closed.
Red alert in Andhra Pradesh
The weather agency issued a red alert for six districts of Andhra Pradesh on Wednesday, noting that the low-pressure area is likely to bring heavy rainfall, reported PTI.
The districts are Prakasam, Nellore, Kadapa, Annamayya, Tirupati and Chittoor.
It also predicted that heavy to very heavy rainfall is likely in Sri Sathyasai, Anantapur, Nandyal, Kurnool and Bapatla districts.
State Revenue Minister A Satya Prasad has instructed officials to shift those living in low-lying areas to safer places, according to PTI.
Kerala continues to record heavy rain
Heavy rainfall continued to batter Kerala on Wednesday with Pathanamthitta, Idukki, Malappuram, and Palakkad districts declaring a holiday for educational institutions, Onmanorama reported.
The India Meteorological Department issued a red alert for Idukki, Palakkad and Malappuram districts and an orange alert for Pathanamthitta, Alappuzha, Kottayam, Ernakulam, Kozhikode and Wayanad. The remaining districts have been issued a yellow alert.
The weather agency said that a low-pressure area over southeastern Arabian Sea persisted on Tuesday and is likely to move slowly westwards, intensifying into a depression within the next 24 hours, according to Onmanorama.
This low-pressure area, along with the current weather system over southwestern Bay of Bengal, is likely to lead to rainfall in the state till Friday.
On Sunday, at least one person was killed in Idukki district amid flooding and landslides triggered by heavy rainfall.
On October 16, the weather agency said that the southwest monsoon had withdrawn from the entire country. It added the northeast monsoon had set in over Tamil Nadu, Puducherry and Karaikal, coastal Andhra Pradesh, Rayalaseema, south interior Karnataka and Kerala-Mahé.","4330","CBMinwFBVV95cUxQU3Rwem5Kemp2SThMQmpGZGZWc25pMy1PdHprTzBaRTBtOGprTGVEQUYxVWZPWGs2eDVycjB0ZVNScm1Ra2g4ZGtGcmtfLThUVG1mLVFwb3J3WkpfVWJWdG5URW9XeTBEODZaU2ZfT0lGdWxYeEE2YkhBcW55dHJvdUpIOWpXNWtITnRsaHdTSmQ0QVhtNDN3NHA0N2R4YlnSAaQBQVVfeXFMTTZ4YXU4MzNRTTBvbEpxdDUxUFd3X3FfQ3V5bzlIRlZDcnBRMDBrV3VFN3dVVjhHMGQ0dkM2bTllUTVsTXdSRmtmZy1fbDNUZ1g2NnV1TXJsRFoxb093Q3JKZ2xOTzNtNlktdzFqSlB4Z0x5VG8zWmhSQl9OTmcyRHNqSnNreHd4M2RVTm9IT1VKUG1xaHoybzlhZ09MNHpHa3NyWlg","",,"2025-10-22T07:00:00+00:00","""three killed"" accident ""Tamil Nadu"" after:2024-12-31 before:2026-01-01","true","2026-09-24T18:50:35.853275+00:00","google-news","scroll.in","Scroll.in","Tamil Nadu: Three killed in wall collapse amid heavy rainfall Scroll.in","Tamil Nadu: Three killed in wall collapse amid heavy rainfall - Scroll.in","https://scroll.in/latest/1087893/heavy-rainfall-in-tamil-nadu-red-alert-for-three-kerala-districts"
,"https://dtnext.in/amp/news/tamilnadu/en-route-to-munnar-three-killed-as-car-goes-up-in-flames-near-villupuram-848346",,"CHENNAI: Three persons were killed and two others injured after their car rammed the central median and caught fire near a cotton mill at Vikravandi in Villupuram district late Wednesday night (October 1).
According to a Daily Thanthi report, police identified the deceased as Samsudeen, Rishi of Kolathur, and Mohan of Avadi. All three died on the spot as the vehicle went up in flames.
Two others, Abdul Ajeez and Deepak, sustained injuries and were admitted to hospital.
The group was travelling from Chennai to Munnar on a trip when the accident occurred. Preliminary inquiries suggest the driver may have dozed off.","620","CBMivAFBVV95cUxQUnY2RDlWZU9OM3g0UE04WnZkR2tqakxVNHhrWHBjOERZS25OYjF2RlczWFVodDNlODdhOERQbjg0d1JHWEx6YjJrckZIQUtpSDBnR0pyTElJT2xaQnNDYW5BTGZPeThEdFpGcmVSdTlmUXc0RlZQdDczTkVXNG5ZOVJSYWIwWDdULVlyeV9oR1gwa0g1M3hxaVVSN0pKRUlCM3diY1NFcE8wR1M4ejhXZHQtYVZsWE5ZdTA2N9IBxAFBVV95cUxPWEE2cEZXV1U0dHFQcW43cGswWUZxSVRfZVVJWlpYcUtkNmswSElQelVsSnBKUG1UaDRrYThkZktOTEx6LXIyLTJaSnpkdW4xWXY2N2VGM3J2M0I2SHJmUXVTbGJVazROQThiS0FkT25jR25Ea3dTX1VRcXk0aENXaFRVNEpqLTl4VlFUR1EzOTBKNndna0E5NHVmcGFVa0JDZHFnTDhwWEx3NVB3TmkxLVRFQWNYY2ZvcTlZWlI4U0hXVmJE","",,"2025-10-01T07:00:00+00:00","""three killed"" accident ""Tamil Nadu"" after:2024-12-31 before:2026-01-01","true","2026-09-24T18:50:35.853369+00:00","google-news","dtnext.in","DT Next","En route to Munnar, three killed as car goes up in flames near Villupuram DT Next","En route to Munnar, three killed as car goes up in flames near Villupuram - DT Next","https://www.dtnext.in/amp/news/tamilnadu/en-route-to-munnar-three-killed-as-car-goes-up-in-flames-near-villupuram-848346"
,"https://newindianexpress.com/states/tamil-nadu/2025/Jul/18/three-of-a-family-killed-after-car-collides-head-on-with-lorry-in-ranipet",,"RANIPET: Three members of a family died after their car collided head-on with a lorry on the Kancheepuram-Arakkonam Road near Nemili in Ranipet around 11 am on Thursday. The deceased were identified as S Venkatesan (52), his wife V Latha (50), and their son S Dinesh (23), all residents of Tholpettai in Arakkonam.
According to Nemili police, the family was returning home after visiting a temple in Kancheepuram when the front tyre of their car burst, causing the vehicle to veer into the opposite lane and crash into the lorry. Police said the lorry driver tried to swerve left to avoid a collision but to no avail.
Latha, who was seated in the front passenger seat, died on the spot. Venkatesan and Dinesh were rushed to Arakkonam GH and Kancheepuram GH respectively but both died on the way. The lorry driver sustained minor injuries.
A case has been registered, and the bodies have been sent for postmortem. Venkatesan was a car mechanic, Latha a homemaker, and Dinesh had completed his engineering degree and was awaiting job opportunities.","1046","CBMi0gFBVV95cUxOOGxfY2lCQkRQQnNVV2F0c2Q3UWNyZDB3djBiZ0ZTejROcWRuM2g5ZHg1ckhfSmxVaVkwMzVpc3prX3g5RHA1ampGbGk5QlB5Q2U4MGo4Z2ZHMU92M0lTVl9HZ0I0VWdjQTNhWi0tSmpJX2I1YzJrbHpmTDUzYlRwYXkybTRtdG9McUJESnNYV2o3X2Y5LVBkT0J4U0xnR0hHUnd0RnlYY3FfLW8yMzkwQzIzVGhJYk4xa2ZvaE1CaUJrU3BtOFFHbm5PemdjTUhwaWfSAd8BQVVfeXFMTUlEMU8wSDJXaEFxX290dFR1aEpqUGJrYkUzd1BHR0x4bXBkdEFfaFRGZnZOTW5kQ2djcVg3QUJNeDJaVHVpMm1Eb0VJMzJaTXctbk91QTBoWXc0eV9rLXZKalpudzVObWV1T1Y4VC1BVnB1dGlLc3pEM3dvTmRJV29BWlZtVURuU3g3Q3ptOUNaNU9Wc1lYUnpGalh6WHF4cHZNRHAwbXF5cER1QmdwYjNrZFBDZFlTelBOZTlBeVpHeHBQRmxhTjFpVUhZTko4Q2ExUzROSGxIV0ZEU1hzWQ","",,"2025-07-18T07:00:00+00:00","""three killed"" accident ""Tamil Nadu"" after:2024-12-31 before:2026-01-01","true","2026-09-24T18:50:35.853414+00:00","google-news","newindianexpress.com","The New Indian Express","Three of a family killed after car collides head-on with lorry in Ranipet The New Indian Express","Three of a family killed after car collides head-on with lorry in Ranipet - The New Indian Express","https://www.newindianexpress.com/states/tamil-nadu/2025/Jul/18/three-of-a-family-killed-after-car-collides-head-on-with-lorry-in-ranipet"
,"https://thehindu.com/news/cities/Madurai/three-killed-as-bike-cargo-vehicle-ram-truck-on-sattur-virudhunagar-highway/article69209912.ece",,"Three persons were killed in multiple collisions when a motorbike and a cargo vehicle rammed a truck after it suddenly stopped on the Sattur-Virudhunagar highway at Agragarapatti in the early hours of Wednesday (February 12, 2025).
The deceased were identified as M. Selvam, 33, of Virudhunagar, D. Vinod, 38, of Tiruchi, and S. Velmurugan, 40, of Kovilpatti.
The police said that a cement-laden truck suddenly stopped on a culvert after one of the tyres of the multi-axle vehicle burst. Selvam, who was riding the motorbike, was caught off-guard by this, and rammed his vehicle into the truck from behind.
Within seconds, the cargo vehicle, carrying fruits, which was closely following them, dashed against the bike and crushed Selvam and Vinod, who was riding pillion, to death.
The cleaner of the cargo vehicle Velmurugan was also killed. Its driver V. Ramesh of Kovilpatti sustained injuries. He was rushed to the Virudhunagar Government Medical College Hospital.
The Vachchakarapatti police have registered a case, and further investigation is underway.
Published - February 12, 2025 01:17 pm IST","1101","CBMi1wFBVV95cUxQMlhKZjdncW93YXdHOTZhQS1SWEwyZEswSU9JcHpwVlBjZWtaeHY1WmxsdXBweEE0SDh1YWZEOGJxS1lXVURLNnl4X0VscmtBU2tIbjAtVmJaSG8xdXp2V3RDeDlKbzF2Y2l0T3JKSHFxZjJsNk5PS2hmUnhBZ1lEX2xzdHZEc0ZkeGlVQVFLTUtVMzg5VUhNR0g3OXJkWkI1bm9MbEhHaVlvMERuY3FMNTUwODgxZXpPOF9lcFU0Z1lKT0F0aHdFMGNOV0JZZGNKclpXRnFXY9IB3gFBVV95cUxPRUxOdTJEMVpyRUFTNXY4bEVXRFd3ZnZUaVJmRmtGY2dGWHNQRzRVTE9TMDg2OGRXRWhvaUFEYmp0OGdsSTYwd3RhLWtMZmlrRmozdUlpNEY2eWN3ekZ4UFNKTmZoc0Z3X05EcXhzVFdtaUs0RmprT1JwaGplUlBEaGJPek9sMDA5T09NR2hjTDBTTGlyQ0VfOTZvR0ZYWlhFN2gxQ29QcWZZTkp5bUVMay1oa0UwVnRRT242RTVDY0x4V3hUV1JKamdjV2pDYmhFbzFWa1lMT3hXVzNFSHc","",,"2025-02-12T08:00:00+00:00","""three killed"" accident ""Tamil Nadu"" after:2024-12-31 before:2026-01-01","true","2026-09-24T18:50:35.853457+00:00","google-news","thehindu.com","The Hindu","Three killed as bike, cargo vehicle ram truck on Sattur-Virudhunagar highway The Hindu","Three killed as bike, cargo vehicle ram truck on Sattur-Virudhunagar highway - The Hindu","https://www.thehindu.com/news/cities/Madurai/three-killed-as-bike-cargo-vehicle-ram-truck-on-sattur-virudhunagar-highway/article69209912.ece"
,"https://etvbharat.com/en/!state/3-of-a-family-among-4-killed-as-car-collides-with-truck-in-uttar-pradesh-hathras-enn25010902058",,"3 Of A Family Among 4 Killed As Car Collides With Truck in Hathras
The accident occurred when the car lost control trying to avoid hitting a cow and crossed over the divider into the opposite lane.
Published : January 9, 2025 at 1:13 PM IST
|Updated : January 9, 2025 at 2:30 PM IST
Hathras: Four people were killed after a car hit a truck in the opposite lane in the Sikandrarao Kotwali area on Wednesday night, police said. The accident occurred when the car lost control trying to avoid hitting a cow and crossed over the divider into the opposite lane.
The deceased, all residents of Etah were returning from Vrindavan. Kardam Pal lives with his family in Kanchanpur village within Aliganj police station limits. His two sons Shyam Singh (48) and Brijesh (50) and Brijesh's wife Poonam had gone to Vrindavan by car on Wednesday. The car was being driven by Mukesh (45), a resident of Vikrampur village of Kuravali police station area of Mainpuri.
Additional Superintendent of Police Ashok Kumar Singh said that while attempting to save a cow near Ratibhaanpur on the National Highway, a Swift car collided with the divider and ended up in the opposite lane. In the accident, three people died at the scene, and a woman later succumbed to her injuries during treatment in Hathras.
On their journey back, a cow suddenly appeared in front of their car on the highway near the Ratibhaanpur bridge on Etah road. In an attempt to avoid hitting the cow, the driver lost control of the car. After colliding with the cow, the car swerved into the second lane, where it then collided with a truck coming from the direction of Etah.
Shyam Singh, Brijesh and driver Mukesh died on the spot in the accident. A crowd gathered at the spot after the accident. Police, after receiving information, took the seriously injured Poonam to the primary health centre. From there, she was sent to another hospital, but unfortunately, she died shortly afterwards.
Read More:","1953","CBMiywFBVV95cUxPSDl5ZWc1WmFySnBoOGRXeWFoR3ZVX2tWWnNNeFBmMVJ1bUJXblkyXzJsX21nMy1uRTVoOFdwSy05Y0Q3VWNRUDdXRVdLRGpTX0RpSWZpR0ZjdDA0cmVfWnhOb3NHU21CTG1Ib3NUdm5jbUVGS3F5REM2VURfU2FRQkdKSU1MYlJVZDNKQ0h2T2R3c3NEQXhiMEJvRXhjM0lFWGRCbjJoYXVyMVF0RkZfVWRueVFmM2NRQVE3MURsZy0tSW44TGV2eVQ3SdIB0AFBVV95cUxPME9TM3JPb3BuNGRhSXlyRGpoQlFEOTc1c0lDQWVDaUdGOWtyTkliVDhYV1I3dWxRZGZsbE04QUowYmgyTTctbWxiaC1lV21Yb1l1X0RvS25VQkE0NmZnQ0M1bm00cW9zcUg0RFNsVnpqZlE4OTBlcUlUNWZoMmplTHc1RGFzNlNMR0wyOXJoTG9xcGFJR1VUNnJuQVdLenY3b0YxSTZ2d1BjM0E2bTVSS2tZX3lzM0hzLVlkTFVzVVJ1WkFWNFdqM0QxTFdKcVpo","",,"2025-01-09T08:00:00+00:00","""three killed"" accident ""Tamil Nadu"" after:2024-12-31 before:2026-01-01","true","2026-09-24T18:50:35.853502+00:00","google-news","etvbharat.com","ETV Bharat","3 Of A Family Among 4 Killed As Car Collides With Truck in Hathras ETV Bharat","3 Of A Family Among 4 Killed As Car Collides With Truck in Hathras - ETV Bharat","https://www.etvbharat.com/en/!state/3-of-a-family-among-4-killed-as-car-collides-with-truck-in-uttar-pradesh-hathras-enn25010902058"
,"https://timesofindia.indiatimes.com/city/pune/msrtc-bus-hits-bike-three-killed-near-jejuri/articleshow/117341670.cms",,"Pune: Three men died, including two senior citizens, after an MSRTC bus knocked down a motorcycle they were riding on near Belsar Phata, about 40 km from Pune on Jejuri-Saswad Road on Thursday evening.
The trio was travelling towards Saswad, Pune Rural police said.
The police identified the deceased as Ramesh Kisan Memane (60), Pandurang Damodar Memane (65) and Santosh Dattatreya Memane (40), all from Pargaon Memane village in Purandar taluka. ""We have given a notice to the bus driver,"" sub-inspector Mahesh Patil of the Jejuri police said.
Patil said all three victims were farmers and were riding triple seat towards Saswad. 
""The MSRTC bus was also heading towards Saswad from Jejuri. There was a U-turn near Belsar Phata on the Saswad-Jejuri road, where the trio's motorcycle suddenly came in front of the bus,"" Patil said.
The officer said before the bus driver could apply brakes, the motorcycle came under its front wheels. ""The motorcycle was dragged along with the bus for some distance. All three were severely injured in the accident. They were taken to a nearby hospital, where the doctors pronounced them dead,"" Patil said. 
Pune: Three men died, including two senior citizens, after an MSRTC bus knocked down a motorcycle they were riding on near Belsar Phata, about 40 km from Pune on Jejuri-Saswad Road on Thursday evening.
The trio was travelling towards Saswad, Pune Rural police said.
The police identified the deceased as Ramesh Kisan Memane (60), Pandurang Damodar Memane (65) and Santosh Dattatreya Memane (40), all from Pargaon Memane village in Purandar taluka. ""We have given a notice to the bus driver,"" sub-inspector Mahesh Patil of the Jejuri police said.
Patil said all three victims were farmers and were riding triple seat towards Saswad. ""The MSRTC bus was also heading towards Saswad from Jejuri. There was a U-turn near Belsar Phata on the Saswad-Jejuri road, where the trio's motorcycle suddenly came in front of the bus,"" Patil said.
The officer said before the bus driver could apply brakes, the motorcycle came under its front wheels. ""The motorcycle was dragged along with the bus for some distance. All three were severely injured in the accident. They were taken to a nearby hospital, where the doctors pronounced them dead,"" Patil said.","2283","CBMitwFBVV95cUxOUkNjT21DQkw1RWhNWmxIUUlCclU4aHVKYm9yY0JQLUotRl9tVTRRSHFwWjVPVlF1NUVYYlZ2bjBPT2ktMXVLREdKb3V2NUxlb1Y3b2hXUmRBUURTazNFb055aU5melR1NHY5aVdLSHBDSi1fb0JGTmZGa2ZOdDFiM0JrbGlDelhqTGhhUXhzakRndGx6RV82ZDdCWmUzZGlmWm51dk4xSE1uMEhvYkFpX1RVZklkanfSAbwBQVVfeXFMT0libWdFSjJGNEVKa1JuV2ZtMmMydXVsenZvSEdkUFhlb0RSTmNUanhnS1REc3dzZkFiTHRCaVFaYWhTbW51Rkp5aHNZb3E4MWR4ZVJHS094cmN0UmRFdEVTOW9kVFlIYTZkVXJmM19uTmtwNG1ramxyVEd2MUJ1NVpFdjVwWFNGVmNMWmdWazhvb19qX0NnQURrSXcyVklkNTJ6WWFJWGUwTktlRm9MdmFyM201bWktMXVULVc","",,"2025-01-18T08:00:00+00:00","""three killed"" accident ""Tamil Nadu"" after:2024-12-31 before:2026-01-01","true","2026-09-24T18:50:35.853545+00:00","google-news","timesofindia.indiatimes.com","The Times of India","MSRTC bus hits bike, three killed near Jejuri The Times of India","MSRTC bus hits bike, three killed near Jejuri - The Times of India","https://timesofindia.indiatimes.com/city/pune/msrtc-bus-hits-bike-three-killed-near-jejuri/articleshow/117341670.cms"
,"https://newindianexpress.com/states/tamil-nadu/2025/Jul/11/drivers-among-three-killed-as-head-on-collission-of-trucks-on-madurai-thoothukudi-nh",,"VIRUDHUNAGAR: Three people, including two drivers, died on the spot in a head-on collision between two trucks near Aruppukottai, on the Madurai-Thoothukudi National Highway, on Thursday morning.
The police said a container truck driven by Jeyamurugan (47) of Thoothukudi, transporting raw materials to a paper manufacturing unit from Thoothukudi to Palani, collided with a goods truck, driven by Muthuraj (27) of Virudhunagar.
Sources said Muthuraj lost control due to which the goods truck veered on to the wrong side of the road, and crashed into the container lorry.
The drivers of both the lorries and Muthuraj’s relative Rajadurai (19), were crushed to death.
Personnel from the Aruppukottai Town Police Station and the Fire and Rescue Service Department recovered the bodies and sent them for postmortem examination to a government hospital.
The accident resulted in traffic disruption on the busy highway, with vehicles diverted to a single lane.
Aruppukottai police have registered a case. Further investigation is under way.","1033","CBMi4AFBVV95cUxOV3hiNG9ibHNuM0dpQkN2M0lBSjBVZi1DdkVYM01wM2dsZW9yWkRKSW1jY3c0YnhsT0FlYVZQZmJ4NUg5VjVsdjNhdHZfZVE1aHpFeUQtMWhYT1JDV2tUVVRsUVVUNndXR1BSWHNvNE9JU211R3FIUURCdnlYRzB1TmY0TXRxdEpRTnBqcm5VeWVTcTZXVkRLeUVyZEhkYUxYR2lVdm81RE9GRU1ERndscnNtcUlWbG1KM1hVSUNKSllQOTM0M2ZrYVJWNVFMMzNMaUpJSFV2WXhKdEZ3dThNTdIB7gFBVV95cUxPWkpiSERXd0hMSk5NdDBsMU5UejBmNjFzaEI4Rk84SFAxdFFoVmZtTzFKTDBibnBpMWhtdnJ2aE96T2xaM3Z1OW9RQWllckl3alZSeEprT3d2SFUyWDFxbmdqY2UzbURYQy1XUHlPSUtkckpTLUxMQzdVYVc5TUdWdHM5NWV3MzM5NUtwblR2UklDSWE2S2RwV291Uk1yb2FRa0oxZ0drSmk4QlNTWVBqc1lMc3hHb0NJMTUteGFXQWRKYWVXTUJFNkpseWR1OExxYUFvSUtUeXRtSjhRVVJYc08tUjN5dnpONlNQRG13","",,"2025-07-11T07:00:00+00:00","""three killed"" accident ""Tamil Nadu"" after:2024-12-31 before:2026-01-01","true","2026-09-24T18:50:35.853589+00:00","google-news","newindianexpress.com","The New Indian Express","Drivers among three killed as head-on collission of trucks on Madurai-Thoothukudi NH The New Indian Express","Drivers among three killed as head-on collission of trucks on Madurai-Thoothukudi NH - The New Indian Express","https://www.newindianexpress.com/states/tamil-nadu/2025/Jul/11/drivers-among-three-killed-as-head-on-collission-of-trucks-on-madurai-thoothukudi-nh"
,"https://etvbharat.com/en/!bharat/six-from-karnataka-killed-after-state-bus-hits-van-head-on-in-tns-thanjavur-enn25052202710",,"Six From Karnataka Killed After State Bus Hits Van Head-On In TN's Thanjavur
Thanjavur district collector Priyanka Pankajam and superintendent of police Rajaram went to the spot to take a stock of the situation and assuage the injured.
Published : May 22, 2025 at 1:37 PM IST
Thanjavur: Six people from Karnataka were killed after the van they were travelling in was hit by a government bus head-on near Thanjavur in Tamil Nadu on Wednesday night, police said. They were heading to Velankanni in the Nagapattinam district.
Police said the passengers first came to Trichy and were going to Velankanni via Thanjavur. Traffic movement was blocked near the Sengipatty flyover, due to which vehicles were passing through one side. When the van was trying to pass, a government bus coming from the opposite side hit the vehicle head-on. Four people, including two women, died on the spot. The police and fire brigade personnel rescued injured persons and sent them to the hospital.
Two people died during the treatment, and eight injured people have been admitted to Thanjavur Medical College Hospital. The deceased were identified as John Bosco (58), Arogya Das (45), Nalini (45), Chelsea, driver Jagadeesan (45) and Charles. Their bodies have been sent to the same hospital for post-mortem, a police official added.
Thanjavur district collector Priyanka Pankajam and superintendent of police Rajaram immediately went to the spot to take a stock of the situation and assuage the injured.
Those undergoing treatment are Johnson (49), Jayaseeli (20), Belika Caroline (13), Riya (13), William (50), Dashi (7), Pavithra (23) and Parameswari (52). The relatives of the deceased and the injured have been apprised of the latest updates. A case has been registered by the Chengipati Police, followed by the launch of an investigation into the accident.
Also Read:","1851","CBMixgFBVV95cUxPbElCTUlHY2RXRllVT3VlM2hKcm9YMmhWaVEySHdMMnNGZEhOZFlKUFBUSVFvUk1pM3liZlgtTmM0NHBLZWF3eUdHRFY0U1ppR2pDdG1EQ0psZVJsOUJSekVfS0ZWc0lYRkVvd281ak13YW5hTUUtaER5X1hCdms2UWxNM2M0b01xSzhfZFNFMWhDeGtxMlVZeHVfNWlDV0R6bGxWc1ozNHdjZm05Zm04SVlHNzdYQmhRZmRzdDloNENEYmt3T3fSAcsBQVVfeXFMT0FXOFI1RGJSX3lsMUlWektLUGFfeU00WjRfYW1rWE90Z0JSeWZod3lBODR3YmVrMC1pYTZ1bVdZTGk1VjJ4LThJMjZLdlRCVTZwbXFla3J0dkNWa0VuSHZzbWdGQUlLdlpkSWhRNDRYZDgtZDFjQzJDMHRIemFvVkVOOHlYempuYllLVE5QMVhUUV8yVGV1Z3duYXFYd2NNMEJvNEhpQ0xrVkQ1R0hSM2FMZTdRZkM1UmpNeHJLSkJkZ3Rmc1FzNEc4WkU","",,"2025-05-22T07:00:00+00:00","""three killed"" accident ""Tamil Nadu"" after:2024-12-31 before:2026-01-01","true","2026-09-24T18:50:35.853631+00:00","google-news","etvbharat.com","ETV Bharat","Six From Karnataka Killed After State Bus Hits Van Head-On In TN's Thanjavur ETV Bharat","Six From Karnataka Killed After State Bus Hits Van Head-On In TN's Thanjavur - ETV Bharat","https://www.etvbharat.com/en/!bharat/six-from-karnataka-killed-after-state-bus-hits-van-head-on-in-tns-thanjavur-enn25052202710"
,"https://newindianexpress.com/states/tamil-nadu/2025/Oct/25/four-dead-one-injured-in-kovai-road-accident",,"COIMBATORE: Four people were killed when the car they were travelling in collided with a tree on the side of Siruvani Road at Perur Chettipalayam in Coimbatore district late on Friday.
The accident occurred at around 10.45 pm. Police identified two of the deceased as Harish (21) and Prakash (22) of Thanjavur district, both employed at a car wash centre in Perur. Police said the owner and manager of the car wash centre were on their way to the hospital to identify the victims. The remaining deceased are suspected to be employees of the same establishment.
A fifth occupant, Prabhakaran (23), sustained severe injuries and is in a critical state. He was admitted to CMCH. Further investigation is on.","704","CBMiqwFBVV95cUxNai1SeFd4OTNGaUxaOWpwTF9zVFotZ245TXBJOUNKUm5zblZsc0xGQ21fajByQm96QmFYWjZleGVxa2syMDdkakhxRF9tMnlSdTFRR2Z1NXFFMEdtdzdmVnpVcXhBTVUtOTRCRlhwYlk3MWVZLVNpZ3AxNmFycDBVSkpoNC1ZWTduaF9iTlNNRVFpLV9mXy1CX1BCT1ZsRk0yV3VCczF6UkhIU0nSAbgBQVVfeXFMTzVlbFFoaWN2R2R5SjAzR0xFNEhlWmpzY1kxVjYwTjJLVzZxS0poREx6TFJsRnRydnBSZG5mSktjVzlUQmdsak9qVVk0TldMTFRWWU9QSER2X2R3ZFlEUEtSVHE1Sm96WTlTcGkwd2kySi1XdDg4Q0w2and3NGpvQnFESGs3bjB6NVFvalU4YUN6d1ZuSFdxQTgzaGltbDFJSFc4X19EeUk3ck5YWW45bjRJYnlGbFVQNw","",,"2025-10-25T07:00:00+00:00","""three killed"" accident ""Tamil Nadu"" after:2024-12-31 before:2026-01-01","true","2026-09-24T18:50:35.853673+00:00","google-news","newindianexpress.com","The New Indian Express","Four dead, one injured in Kovai road accident The New Indian Express","Four dead, one injured in Kovai road accident - The New Indian Express","https://www.newindianexpress.com/states/tamil-nadu/2025/Oct/25/four-dead-one-injured-in-kovai-road-accident"
,"https://newindianexpress.com/states/tamil-nadu/2025/Jul/09/one-family-loses-both-kids-another-their-younger-boy-in-cuddalore-train-accident",,"CUDDALORE: The families of the two pairs of siblings, who started their daily 20km journey from adjacent villages in Cuddalore to their school in S Kumarapuram on Tuesday, would not have imagined the day to turn into the worst day of their lives.
T Charumathi from Subramaniapuram, who must have been chit-chatting with her brother T Chezhian, and the siblings V Viswesh and V Nimalesh from Thondamanatham, were killed in seconds when the passenger train hit them at a speed of 95 kmph at the unmanned crossing that was left open at Semmankuppam.
While Nimalesh, Charumathi amd Chezhian died, Viswesh had a miraculous escape. Charumathi and Chezhian, studying Class 11 and 10 respectively at the Krishnaswamy Vidyanikethan School, were the only children of Thravidamani and his wife.
Sources said, Thravidamani had started his own poultry business to ensure a brighter future for his kids. The bodies of both the children were handed over to the family. Nimalesh’s family requested media to respect their privacy.
Doctors at the MCH in Cuddalore, where Viswesh and van driver C Sankar were undergoing treatment, said the boy sustained an injury on his shoulder. Sankar’s injuries were not severe, they said. CM has announced Rs 5 lakh solatium each to kin of the deceased, and Rs 1 lakh to those with grievous injuries.","1319","CBMi2wFBVV95cUxNWUtfRzRMMEVKRkxfSUpvdVVqNlFZYUF1WFl4WGxEcDdFRVNEN3JWcEloSGp0bFh5cTVFTWpqdDZLQUthR2MyZWJkVXJIaUc1cFpTckZpd3hTckJock1nUVp3RFdxc1YtYzNyZm9GUzEwS3loelZZWnZ6VkRNMVY1N1gwUDkxeENhT2wwLTh3cVlENnFEcVFCbDE5NXdpWG5kSzFuUk9zWVczVDQ4dVYxcnZYcmNrVGRUSElzNm5PMUFPODY4T2ExOTlmbTFLeDV5anpzbG5aU1czNW_SAegBQVVfeXFMT01IaWpwelNNTE1zaE0wbEQyZTVhM21XeDRpOFNFSGFidXVicjVicU1vbHJJU3lKNlEyM3NiZFZsWDZDdXJOYXZ5Q2RtNGV2V2RHUzFKNE9MVDZ5bDNKbmFCSzFoUlFqMnF4NlFYRlRpVEtPT3JrUlFvdGctTDFBVnV3emNSQ1pYUzJhXzJmTjFfalEyTnd1QlQ2LUJiTXV5bkJkcDcyX21QNkFUQWhLc05yS0JGSXQ3Q2F2YXBaZm9tMjFNRWhaM0lYdDd5dlRkUXdVTWJWa1hzS3lUNnZZX3pJVW5OLTZvbw","",,"2025-07-09T07:00:00+00:00","""three killed"" accident ""Tamil Nadu"" after:2024-12-31 before:2026-01-01","true","2026-09-24T18:50:35.853718+00:00","google-news","newindianexpress.com","The New Indian Express","One family loses both kids, another their younger boy in Cuddalore train accident The New Indian Express","One family loses both kids, another their younger boy in Cuddalore train accident - The New Indian Express","https://www.newindianexpress.com/states/tamil-nadu/2025/Jul/09/one-family-loses-both-kids-another-their-younger-boy-in-cuddalore-train-accident"
,"https://m.economictimes.com/news/india/tamil-nadu-three-killed-in-explosion-at-fireworks-unit-in-sivakasi-cm-stalin-expresses-condolences/articleshow/122826778.cms",,"Three workers died while three others sustained injuries in an explosion at a fireworks manufacturing factory located in Sivakasi area of Tamil Nadu's Virudhunagar district. 
The incident occurred on Monday at around 3.50 pm in a privately owned firecracker factory located in Narayanapuram village in Sivakasi area of Virudhunagar.
Chief Minister MK Stalin expressed deep shock and grief over the incident and extended his condolences to the bereaved families.
An official statement from Chief Minister Stalin reads, ""I was deeply shocked and saddened to hear the tragic news of a fatal explosion that occurred today (21.07.2025) at around 3:50 PM in a privately owned firecracker factory located in Narayanapuram village, Sivakasi Taluk, Virudhunagar District.""
""In this unexpected incident, Karthik (aged 23), son of Thangraj from Muthuramalingam Colony, Keelathiruthangal, and two others lost their lives on the spot. Furthermore, I have ordered special medical treatment for the following three individuals who sustained injuries and are currently receiving treatment at Sivakasi Government Hospital,"" the statement added.
The Chief Minister announced an ex-gratia of four lakhs for each of the kin of the deceased in the incident from the Chief Minister's Public Relief Fund. A financial assistance of Rs 1 lakh would be provided to seriously injured individuals, while individuals with minor injury would receive help of Rs 50,000.
""Along with conveying my heartfelt condolences and sympathy to the bereaved families and relatives of the deceased, I have also ordered the following financial assistance from the Chief Minister's Public Relief Fund Rs 4 lakh each to the families of the deceased, Rs 1 lakh to those who are seriously injured and undergoing treatment in the hospital, Rs 50,000 each to those with minor injuries receiving treatment,"" Chief Minister Stalin said.
Speaking to ANI, Thangaraj, who lost his son in the incident, said, ""In the explosion, my son lost his life, and my wife is undergoing treatment at the government hospital in Sivakasi with 60 per cent burn injuries. All the three people who died in the incident are my relatives. It is very sad. The government must take appropriate action regarding this.""
Nagalakshmi, who was injured in the blast, said, ""While we were working, an unexpected accident occurred. There were loud noises during the incident and we panicked and ran away. We request the government to provide us with proper medical facilities.""
The incident occurred on Monday at around 3.50 pm in a privately owned firecracker factory located in Narayanapuram village in Sivakasi area of Virudhunagar.
Chief Minister MK Stalin expressed deep shock and grief over the incident and extended his condolences to the bereaved families.
An official statement from Chief Minister Stalin reads, ""I was deeply shocked and saddened to hear the tragic news of a fatal explosion that occurred today (21.07.2025) at around 3:50 PM in a privately owned firecracker factory located in Narayanapuram village, Sivakasi Taluk, Virudhunagar District.""
""In this unexpected incident, Karthik (aged 23), son of Thangraj from Muthuramalingam Colony, Keelathiruthangal, and two others lost their lives on the spot. Furthermore, I have ordered special medical treatment for the following three individuals who sustained injuries and are currently receiving treatment at Sivakasi Government Hospital,"" the statement added.
The Chief Minister announced an ex-gratia of four lakhs for each of the kin of the deceased in the incident from the Chief Minister's Public Relief Fund. A financial assistance of Rs 1 lakh would be provided to seriously injured individuals, while individuals with minor injury would receive help of Rs 50,000.
""Along with conveying my heartfelt condolences and sympathy to the bereaved families and relatives of the deceased, I have also ordered the following financial assistance from the Chief Minister's Public Relief Fund Rs 4 lakh each to the families of the deceased, Rs 1 lakh to those who are seriously injured and undergoing treatment in the hospital, Rs 50,000 each to those with minor injuries receiving treatment,"" Chief Minister Stalin said.
Speaking to ANI, Thangaraj, who lost his son in the incident, said, ""In the explosion, my son lost his life, and my wife is undergoing treatment at the government hospital in Sivakasi with 60 per cent burn injuries. All the three people who died in the incident are my relatives. It is very sad. The government must take appropriate action regarding this.""
Nagalakshmi, who was injured in the blast, said, ""While we were working, an unexpected accident occurred. There were loud noises during the incident and we panicked and ran away. We request the government to provide us with proper medical facilities.""","4810","CBMi9gFBVV95cUxObHUxbFpiSDVjYmUyLWloXzR5Z1pLaFRndUl6UV9LWF8wQTFCb0M4Um1pa05aRGdLSUNEdlNMT3A5QVk5STdlcnloQWFRM0dvQVVjWVBFSVc1dnRfSVE0bUVtNWFpYUM3cGZidlBfaHhmSUM2cVpMakFuazJQSXFiUHg1V3ZnbkNCZmlOR3h5OVNFblFqN21xc184VkZUcXpNU04tcE1TZ1J0RERQWGI4djFJUzNQekVqeUNVaUNjZFVDMS1hb2NIaVBvZjl6WUw0MW15OG5pUFlPWFJCOEhVckxlN3ZHekFFam8zbFZXUDdlRi1TcGfSAfsBQVVfeXFMTWJtTFdhU0NrTFJoT2IwOHlGRkJsYUk5ZEVSVGwxYTViZGc4OGpTQXVpUTdHTnVNcnFEWXpSM2NnQ21rRzR6X1Q2ZFUzZ2EweDJEZUN5aGFUTkdmczMwbmZrTDdQWFJtQ1NBajFWR1NpOVVJcUNYZ1BCVjhSWUd3S0dVRlFzXzJRcE55RkUzSXFHVUhrcXotcVJEenN6SEw5MUxFTGhKLV9Ubk9RNDFmcDVud1pEeWJoWUM5RVR5SDJXRDBJRWxxcXBaLWpnUExHT0pGYWRld0FvSkRQNW1xSFQwTHVnZ1BYVWp1WXcwNFVRck8wT0hkOEo0eWc","",,"2025-07-22T07:00:00+00:00","""three killed"" accident ""Tamil Nadu"" after:2024-12-31 before:2026-01-01","true","2026-09-24T18:50:35.853765+00:00","google-news","m.economictimes.com","The Economic Times","Tamil Nadu: Three killed in explosion at fireworks unit in Sivakasi; CM Stalin expresses condolences The Economic Times","Tamil Nadu: Three killed in explosion at fireworks unit in Sivakasi; CM Stalin expresses condolences - The Economic Times","https://m.economictimes.com/news/india/tamil-nadu-three-killed-in-explosion-at-fireworks-unit-in-sivakasi-cm-stalin-expresses-condolences/articleshow/122826778.cms"
,"https://newindianexpress.com/states/tamil-nadu/2025/Jul/21/three-killed-three-injured-in-crackers-factory-blast-near-sivakasi-cm-stalin-announces-solatium",,"VIRUDHUNAGAR: Three workers were killed and three others were injured on Monday following an explosion at Shri Mariamman Fireworks and Amorces Industries in Naranapuram, near Sivakasi.
The deceased were identified as T. Karthigai Selvam (25), S. Sangeetha (40), and K. Lakshmi (45), all residents of Muthuramalingapuram Colony in Pallapatti near Thiruthangal.
Meanwhile, three female workers, M. Nagalakshmi (55), T. Mariammal (50), and M. Mariammal (55) sustained burn injuries of 5 percent, 67.5 percent, and minor injuries, respectively.
Following the explosion around 3:50 p.m., Selvam’s body was found at the site, while Sangeetha’s body was trapped under the debris. Officials suspected that Lakshmi had also been buried beneath the rubble and deployed earthmovers for the search. Her body was later recovered.
Officials noted that the explosion occurred at a time when fewer workers than usual were present at the unit. Upon receiving information, four Fire and Rescue Services teams, along with officials and four fire tenders from Sivakasi, Sattur, and Vembakottai, rushed to the spot. The blaze was completely doused by around 6 p.m.
Officials noted that five sheds were destroyed.
Revenue Department officials confirmed that the unit holds a PESO licence and has been in operation for over a decade. ""The cause of the explosion is still under investigation, and the structures destroyed in the fire are currently being examined,"" an official stated.
Police and Fire and Rescue Services personnel recovered the bodies of the deceased and sent them for postmortem to the Sivakasi Government Hospital.
Meanwhile, the injured were admitted to the hospital for treatment.
The Sivakasi East police have registered a case under the Explosives Act against the owner, Sreenivasan, and the foreman, Selvaraj.
Chief Minister M.K. Stalin extended his condolences to the families of the victims and announced financial assistance of ₹4 lakh for the families of the deceased, ₹1 lakh for the severely injured, and ₹50,000 for the others injured.","2042","CBMi7wFBVV95cUxQN0JTbk1XZXVaRE1YZmRuamx5X2sxN2J4Z2llVFZuTm15dG16dFBINFBoeXlvRUV1N0pwTWtNRzJUOGN4Q01Ec1Rrc1pzVTB2T1BUdkRHVG81RFg4N3M4WVVzVHFHUVJ3WkpCbGg2UVJILWVWeGxxR2FHWGEzM1pqY0ZVNXgySTUzTXcwSzVSZXBvTmhtQzFNdi1tT1VwTzdjeGRvaDJ6SHd3SnhuOXh6SU1DUWN4bWxtZmxsSjhfOFpyZHlGUGJZZGhlbGliN1c0SVJrSFpOSUk5SU0wVzNFMFJ2V21EdjY5c2lvVGVxd9IB_AFBVV95cUxQbkZrVkY3WVcyNXJGUVpjY1kweHFPZXVEOXZkWnRDTHdDZmRmNlRvNERHcDhFSFI0cDdwbC1uZXNjRjJ0MWtoNi05QjdvMGdhUzlHQjhUbGw3TjFpWERGdEt2b0NUdFppTTlSRTktOWEwRk5CRGR6WE1lNXExZXgzWkFKMTcxLWJBaFpPQmRlMVRwUGN0UUdyWERiNC0zYUxJbl9RRTRfUUxISkx3azZ1b2RRQUxHSkFWOXlrS2Nxc1dYbUhuRGlXb2labzFGYS1rUE1LbUI5WjZLWFhsSmhLVnpyNUhUSXJKMFF4aGR0czlBVktjYVZCbzFxSks","",,"2025-07-21T07:00:00+00:00","""three killed"" accident ""Tamil Nadu"" after:2024-12-31 before:2026-01-01","true","2026-09-24T18:50:35.853818+00:00","google-news","newindianexpress.com","The New Indian Express","Three killed, three injured in crackers factory blast near Sivakasi; CM Stalin announces solatium The New Indian Express","Three killed, three injured in crackers factory blast near Sivakasi; CM Stalin announces solatium - The New Indian Express","https://www.newindianexpress.com/states/tamil-nadu/2025/Jul/21/three-killed-three-injured-in-crackers-factory-blast-near-sivakasi-cm-stalin-announces-solatium"
,"https://gulfnews.com/world/mena/heartbreak-repeated-egyptian-singer-ismail-el-laithy-killed-in-car-crash-after-year-of-mourning-son-1.500346511",,"Shaabi star succumbs to severe injuries days after a deadly collision on Assiut–Minya road
Dubai: A 36-year-old Egyptian singer who had spent the past year grieving the death of his young son died this week from injuries sustained in a car crash, local media reported.
Ismail El Laithy, a popular shaabi performer, was involved in a severe traffic collision a week ago specifically on Thursday in the Minya governorate as he returned from performing at a wedding in Assiut.
He was rushed to Mallawi General Hospital in critical condition, suffering a skull fracture, internal bleeding beneath the brain membrane, multiple rib fractures, lung damage and extensive head and chest trauma. Despite attempts by the medical team to stabilize him, he died on Monday.
His death followed months of visible grief over the loss of his 5-year-old son, who fell from the family’s 10th-floor balcony last year. The boy’s death devastated the singer, who had spoken openly about his heartbreak in the months that followed.
In one widely shared video, he said, “I want, when I die, to see my son who left me,” a line that many fans have been reposting in mourning.
Local media reported that a large crowd gathered in Imbaba, his hometown in Giza, for his funeral on Tuesday, describing the scene as “painful” and marked by collective shock.
His wife collapsed upon receiving news of his death, saying: “My son died last year, and today my husband is gone… We belong to God, and to Him we return.”
Egyptian authorities have since arrested El Laithy’s driver after toxicology tests came back positive for narcotics.
Police said the crash occurred when the vehicle carrying the singer and members of his band collided with another car on the Assiut-Minya road.
Three people were killed and seven injured in the accident.
A medical source said El-Laithy arrived at the hospital unconscious and was placed on a ventilator due to respiratory failure.
Doctors attempted to reduce the brain hemorrhage with medication, but the damage was irreversible.
Friends, fellow artists and fans flooded social media with tributes. “My heart is broken,” wrote singer Reda El-Bahrawy. “Ismail was one of the kindest people I knew. May God have mercy on him.” Actor Tamer Hosny and singer Hamada Helal also offered condolences, while festivals artist “Kazbara” and others urged fans to pray for him.
Adding to the tragedy, El Laithy’s mother revealed that just an hour before the crash, he told her he had dreamt of his late son hugging him.","2504","CBMi2wFBVV95cUxQbHVjVUNSQmZFVTk3T1FOZjYxOWhCTDYtOERrekNrZXJnR2ZaaFVvQnFMdGlBb292emxCZ2RLdWFnWnI5cWxPR2VBMEg4QlMzMDFzTWptQUhEbUJQV0dpZlBxWGtxV1l3VDBkeG1NaWJ4eGJQLTdXcTRnRGdneTZ1Z2N2OHdzZDZkZmJwakNlQlB1MGlUU0tXOUQ1MXk1Ym12aXdYSGswYjZpT2UtQVFVcEtyTDJuMGhoSXI0WTc2cC0zaWk1eFdmbllLVlZKc21EVkJRcVFZdGVIZ2PSAe4BQVVfeXFMUEVELUFJSGplMjJTbWh6QmR2NEU3cjNpbDFxcjNpNFVtOXZSQjAxVk9RSUZUS3RwNXRENWxKVTBtdkhfRjJnUGlZZGlEbU9TMlM3aFZUenF5V1cyMFZ1RGhubk1ERm10WUh4QzZhTmlnc3BJbnkyU1dYVUVpWnpqQ3B2WWUzTGNJUFVUVVc3RmxJaWhRb1VtVWVaeFlfOFltenAtVUxONTd2Ulk0Q1VSVUNEektja2FkWTZ5NUt3NFpUMnNINjBaR1JyRHBCTTRwZ3M0VHVBMnlQRnVkVENoZkpBZlRGSFlxdmpqMTdGUQ","",,"2025-11-14T08:00:00+00:00","""three killed"" accident ""Tamil Nadu"" after:2024-12-31 before:2026-01-01","true","2026-09-24T18:50:35.853992+00:00","google-news","gulfnews.com","Gulf News","Heartbreak repeated: Egyptian singer Ismail El Laithy killed in car crash after year of mourning son Gulf News","Heartbreak repeated: Egyptian singer Ismail El Laithy killed in car crash after year of mourning son - Gulf News","https://gulfnews.com/world/mena/heartbreak-repeated-egyptian-singer-ismail-el-laithy-killed-in-car-crash-after-year-of-mourning-son-1.500346511"
,"https://indiatvnews.com/karnataka/karnataka-three-killed-20-injured-in-collision-at-nh-48-in-haveri-2025-10-17-1013176",,"As many as three people lost their lives and 20 others were injured when a vehicle collided with a stationary tractor-trailer on National Highway 48 in Karnataka’s Haveri. The incident took place near Kakola in Ranebennur taluk on Thursday.
The deceased have been identified as 65-year-old Chamanasab Kerimattihalli, 65-year-old Mabusab Doddagubbi and 70-year-old Ningamma Jigaler — all residents of Malebennur in Davangere district.
Injured admitted to hospital for treatment
According to police, the group was returning home after attending a Dibbana program when the accident occurred. The injured were rushed to the Ranebennur Taluk Hospital by ambulance and are currently receiving treatment.
Ranebennur Rural Police visited the accident site and have begun investigations into the incident.
Mother-son killed in road accident in Punjab’s Hoshiarpur
Earlier on Wednesday, a tragic road accident in Punjab’s Hoshiarpur claimed the lives of a woman and her four-year-old son, while two other family members sustained injuries. The incident occurred near Uchi Bassi village along the Jalandhar-Pathankot National Highway.
The victims, originally from Jammu and Kashmir, were travelling to Rajasthan to visit the Khatu Shyam temple. The family was on a religious trip when the mishap took place.
According to police reports, the driver, Shakti Singh, lost control of the car while trying to avoid a stray dog that suddenly appeared on the road. In an attempt to swerve, the vehicle hit a road divider and then rammed into a tree.
The impact of the crash killed Meera Manhas and her young son Hariansh on the spot. Singh and his three-year-old daughter Tamanna were injured and rushed to the civil hospital in Dasuya for treatment.
Probe launched
Local authorities are continuing their investigation into the accident. The incident highlights ongoing concerns over road safety and the presence of stray animals on national highways.","1932","CBMivwFBVV95cUxNWm1INVNSWXZ0UXVaN1Vzb2oxYjd1clN0MjVIXzFWbkhjTTRxYXE0X0todjlIRWNVeW5sNVdLVVJMSmVDZmYxcnVZMDQ2a0ptVGYyT1o0UF9XZEFQRFg4bnBEcUJaSmduYXdzNENVSHgtQVVobklnT09ZTl81QkZDMVhzSUpzM2owdWdaUGZJQlRHUm5ySkRWNFU4ZVJYTkRHOUMyZGdPeDVRNDk3ZU5pSnprMjBoMXVqT1psdW5FY9IBxAFBVV95cUxOVXJXa2U2djBDYnFDZVhhM0RDWkQ3bE8wdC1IVkVkRU1sdlZ5bU9nUFRCdzlnbTJ1aEw1ZE5PZWE5MTF2cmViYmVLaWtZZTdGNVNsSmh1ak5HMG5oc29Ga0ZnUTdTSGc2cXNTSTYzVDF1LThhX1Z3Mmwwc09heWFJU2YtaUNTN0piUGJzVGdzMDl2TUozOFdndHA4SDcwVkYyYWRSeGczOF9iZHdNTVhTeXNSV0FwSkt0MVdaSUo5VFJObDlX","",,"2025-10-17T07:00:00+00:00","""three killed"" accident ""Tamil Nadu"" after:2024-12-31 before:2026-01-01","true","2026-09-24T18:50:35.854105+00:00","google-news","indiatvnews.com","India TV News","Karnataka: Three killed, 20 injured in collision at NH-48 in Haveri India TV News","Karnataka: Three killed, 20 injured in collision at NH-48 in Haveri - India TV News","https://www.indiatvnews.com/karnataka/karnataka-three-killed-20-injured-in-collision-at-nh-48-in-haveri-2025-10-17-1013176"
,"https://onmanorama.com/news/kerala/2025/11/09/palakkad-car-accident-three-killed-three-injured.html",,"3 friends killed as car veers off road, plunges into paddy field in Palakkad
Mail This Article
Palakkad: Three young men were killed after their car lost control and plunged into a paddy field near Kallingal Junction at Chittoor here on Saturday. All three died on the spot, while three other passengers were injured.
The deceased are Rohan (24), son of Ranjith of Nooradi Road, Palakkad; Rohan Santhosh (22), son of Santhosh from Nurani; and Sanoosh (19), son of Santhakumar from Yakkara.
The injured are Adithyan (23) of Chandranagar, Rishi (24) of Yakkara, and Jithin (21) of Nenmara.
According to reports, the accident occurred around 11 pm. It is learnt that the driver lost control of the vehicle while attempting to avoid a wild boar that suddenly crossed the road. The car hit a survey stone and a tree before plunging into the paddy field. The vehicle was completely destroyed in the crash.
A police officer said one of the survivors were admitted to a hospital in Thrissur while two others were rushed to a facility in Coimbatore in Tamil Nadu.
""They sustained only minor injuries. As per their statement, the car was at high speed and the driver suddenly applied the brake as he saw a shadow-like thing, suspected to be a wild animal, on the road causing the accident,"" he said.
Police said the six friends were travelling to Palakkad from Chittoor as part of their usual weekend outing. They were pulled out of the vehicle by local people, police and fire service personnel.
""Straying of wild boars is a great concern here. The injured said some wild animal like a boar hit at the vehicle,"" a local resident told reporters.","1635","CBMipgFBVV95cUxOMEZUZ2VrQzA1aFJ5VVktYUl3eGV0Z2xGWWw5QUlnTWxyT0FJME5jQVkyT3lwY1ZUeE1sdzlDT3NFSE1Pem9fUkp3alY1RXhQUmpoVWRZVzFxTkQwUWNScmt5Wlp6UWNWemlOd1FsTm45QnE5VmgwQTE0MHZWT3FRVFdNRm9KRzNCNDRMLUxwVUpQaWxvb1UwZ2xkOWU2cFVtNkxoSkxB0gGmAUFVX3lxTE4wRlRnZWtDMDVoUnlVWS1hSXd4ZXRnbEZZbDlBSWdNbHJPQUkwTmNBWTJPeXBjVlR4TWx3OUNPc0VITU96b19SSndqVjVFeFBSamhVZFlXMXFORDBRY1Jya3laWnpRY1Z6aU53UWxObjlCcTlWaDBBMTQwdlZPcVFUV01Gb0pHM0I0NEwtTHBVSlBpbG9vVTBnbGQ5ZTZwVW02TGhKTEE","",,"2025-11-09T08:00:00+00:00","""three killed"" accident ""Tamil Nadu"" after:2024-12-31 before:2026-01-01","true","2026-09-24T18:50:35.854153+00:00","google-news","onmanorama.com","Onmanorama","3 friends killed as car veers off road, plunges into paddy field in Palakkad Onmanorama","3 friends killed as car veers off road, plunges into paddy field in Palakkad - Onmanorama","https://www.onmanorama.com/news/kerala/2025/11/09/palakkad-car-accident-three-killed-three-injured.html"
,"https://indiatvnews.com/delhi/three-killed-in-late-night-accident-on-mukundpur-flyover-in-an-apparent-hit-and-run-case-police-statement-victims-identification-latest-updates-2025-09-29-1010529",,"At least three people were killed in a horrific road accident in Delhi on Sunday midnight. As per the information, the incident took place around 12:05 am on September 29 at the Mukundpur flyover on Outer Ring Road. According to police, a speeding vehicle rammed into a Splendor motorcycle, killing all three riders on the spot. The victims have been identified as Shahid (60), Faiz (28), and Hamza (12).
Police suspect the incident to be a case of hit-and-run as no eyewitnesses were present at the scene. Officials said there were no CCTV cameras near the flyover, but footage from surrounding routes is being checked to trace the vehicle involved.
FIR registered, search underway
Police have registered a case under FIR No. 863/25 with sections 281 and 106(1) of the Bharatiya Nyaya Sanhita at Jahangirpuri Police Station. A manhunt has also been launched to trace the absconding driver and his vehicle.
Punjabi singer Rajvir Jawanda suffers head injuries in bike accident
Earlier on September 17, famous Punjabi singer Rajvir Jawanda was seriously injured in an accident in Himachal Pradesh's Solan district while going to Shimla riding a motorcycle, police said. Jawanda was brought to Fortis Hospital in Mohali, Punjab, at 1:45 pm in an ""extremely critical"" condition, the hospital said in a statement. The accident took place in Baddi area when he lost control of the motorcycle, police said. The singer sustained serious head and spine injuries in the road accident and was currently on ventilator support, Fortis Hospital said in the statement.
""As per available information, he sustained severe head and spine injuries in a road accident in the morning and also suffered a cardiac arrest before being shifted to Fortis Hospital, Mohali,"" it said. According to the statement, on arrival, the singer was immediately assessed by teams from emergency and neurosurgery departments. Detailed examinations were carried out, and he was placed on advanced life support at the Fortis Hospital. He is currently on ventilator support and remains in a critical state under close monitoring, it said.
ALSO READ: Delhi BMW crash: Gaganpreet Kaur, accused in Finance Ministry official's death, gets bail","2197","CBMiogJBVV95cUxPRTBQekJGNy1YOFljM1JSd3JrOVRwLVJWQU9XQmVDMU5nM081eC1NN20tX0xyQ2tFdWVTRWlfYVBWVWdhVHZWX2VhRDJrTDJPcVJvWkd0NmZNTzFUZnJWTHZneWw5bjZSV2JEYzQyOUxGZkY3bHg5VUZYT2hWWUFsR0tENjRhMnYxdzJ1OVUyQWNkc2M1cWlBNW91S0VxRHVDSVZZeWFKb1JBbkhDMzloQTlzQk5ZOFdQcGJrZFEzMmpwb0lwRUotSWdReENGWjZMYU1NUW5jUE9LMGt2ZnhINGFaandreUhYam9oa0tiT19WX0t6Tm9lWThtcC1sWUpMTURMWHV2V244d2VVUzYtWGNEeGlLUGVYSUdObjlhUnBXZ9IBpwJBVV95cUxPR3BPN21odnlIOHY4WWlLdGJmOFFRYW04eDREdmRNX29IVU5PWFI0YlpMeFlBV2lydFhRd1Rnb3pRa1FQRzhPaXRJaU1FS094T0tCTDM5ZnpPQ005bFE2QzRiTlBzZno4eHRaOEdFd1pOUUc2NENLVHZmMVJEOVNkVHU2VzhIZTl3UnpfODloeEEwbzJJejFNVU1RUWZSdDBHRFRGYjExLXp5dFM3dzBfWHJRMW1VeV9RLUU0bVZPOXo5NV9MT3pySVBHU1I0QlJjMVRrMXBkWTVoeDAyRXh2VS1yVlJfZGlhOUljeHF0ajFZS2haZXBmOFZMY3VjTlB3QmRhTDVNdWZRM2p5RWZYYmd1Z2MteUU3aUFIUlF6NVh1Zy1Zb3JJ","",,"2025-09-29T07:00:00+00:00","""three killed"" accident ""Tamil Nadu"" after:2024-12-31 before:2026-01-01","true","2026-09-24T18:50:35.854204+00:00","google-news","indiatvnews.com","India TV News","Delhi: Three killed in late-night accident on Mukundpur flyover in an apparent hit-and-run case India TV News","Delhi: Three killed in late-night accident on Mukundpur flyover in an apparent hit-and-run case - India TV News","https://www.indiatvnews.com/delhi/three-killed-in-late-night-accident-on-mukundpur-flyover-in-an-apparent-hit-and-run-case-police-statement-victims-identification-latest-updates-2025-09-29-1010529"
,"https://chennaionline.com/news/police-vehicle-hits-bike-three-killed-in-sivagangai",,"Police Vehicle Hits Bike, Three Killed in Sivagangai
Three members of a family, including a two-year-old child, died in a tragic
road accident near Thiruppuvanam in Sivagangai district, Tamil Nadu.
The accident happened when a police vehicle reportedly hit their motorbike.
The victims were identified as Prasath (25), his wife Sathya (20), and their
two-year-old son. Another person, Sonai Eswari, was also travelling with them
at the time of the accident.
According to reports, the family was returning home when the police vehicle
from Ramanathapuram allegedly rammed into their motorbike while they were
crossing Sakkudi. The impact threw all four riders off the bike. Prasath,
Sathya, and their child died on the spot, while Sonai Eswari suffered serious
injuries and was taken to the nearby hospital for treatment.
Local residents gathered at the scene soon after the accident and expressed
anger over the incident. They demanded strict action against the driver of the
police vehicle and better road safety measures in the area. Police officials
have started an investigation to find out what caused the accident and whether
the vehicle was speeding at the time.","1169","CBMikAFBVV95cUxOR0h0RW13LXVCY202MTZlTHVDeHFCX0w2RDlnN0JKRmJobXJmenlSVDVta2xrZk9PUUswVXFqcUxSODhNMUNSUy1tS01WcmVLc2JLUXlKN0pfV2tvZUJUaGF0elI0S1hUd0lNTFRrUDdNRGprQVhQbkRMNUZtTWJSNmJhcm5uRlZmVGN2ck5SZmXSAZYBQVVfeXFMTk54ZnFtS0N2V0lMMmozVGNYZUI3MXVBQ00xRkRYclJBY19BWTI1dl8zb2REa1ZHSDdQVVM3d2xsWXlxQlF0c0xuODc3UEdzZ3prSHVTbk1hRWUzNXFtUmV1ME16cnBBa2s5anA4OC1zMnNCWV9EODlwaWljbGdybUZiLU13MlgzcmlQR3dZcHQzeTdyWmxn","",,"2025-11-12T08:00:00+00:00","""three killed"" accident ""Tamil Nadu"" after:2024-12-31 before:2026-01-01","true","2026-09-24T18:50:35.854246+00:00","google-news","chennaionline.com","chennaionline.com","Police Vehicle Hits Bike, Three Killed in Sivagangai chennaionline.com","Police Vehicle Hits Bike, Three Killed in Sivagangai - chennaionline.com","https://www.chennaionline.com/news/police-vehicle-hits-bike-three-killed-in-sivagangai/"
,"https://thehansindia.com/andhra-pradesh/three-killed-in-head-on-collision-1029908",,"Three killed in head-on collision
TIRUPATI: A tragic road accident near VKR Puram in Taduku Peta, Nagari mandal, claimed three lives and left three others injured on Tuesday.
The crash occurred when two cars, travelling towards each other at high speed, collided head-on, police said. Local police teams rushed to the spot soon after receiving information and began rescue efforts.
The injured were taken to the nearest government hospital for immediate treatment.
Officials later confirmed the identities of the deceased. Two of them — Santhanam (40), and Shankar (45) — were employed as kitchen staff at the Tiruchanoor temple. The third victim, Arun Kumar (40), was travelling from Chennai with his family to visit Tirumala.
He died on the spot, while his family members — Madhu, Selvi and Yeshwanth — sustained injuries.
Nagari DSP Syed Mohammed Aziz explained that excessive speed from both vehicles was likely the primary cause of the crash.
Chittoor SP Tushar Dudi visited the accident site later in the day to review the situation. The police have begun further investigation into the incident.","1102","CBMijgFBVV95cUxOR2NvOXp5UU93YmhoT0ZMbUFIOHcybnFCb1NiTWR5eUpxQUxaRjJGbVBtV2FRdWlnSXhmRnhnY1BkZ2lNR3JobThLMmN2a2tuWFZUbTd3TVFtTU0yTEFjSVhQd21IRjVZVEwyX2tGQTI1bkpIdGxqRDZvekF1QzFkY3hmVEVHYVJuZWpmaFh3","",,"2025-12-10T08:00:00+00:00","""three killed"" accident ""Tamil Nadu"" after:2024-12-31 before:2026-01-01","true","2026-09-24T18:50:35.854290+00:00","google-news","thehansindia.com","thehansindia.com","Three killed in head-on collision thehansindia.com","Three killed in head-on collision - thehansindia.com","https://www.thehansindia.com/andhra-pradesh/three-killed-in-head-on-collision-1029908"
,"https://thehindu.com/news/national/tamil-nadu/four-persons-killed-as-karnataka-bus-collides-with-two-lorries-in-tn/article69079208.ece",,"Four persons, including two pilgrims hailing from Kolar district in Karnataka, were killed when a Karnataka State Road Transport Corporation (KSRTC) bus collided with two lorries on the Old Madras-Bangalore Road near SIPCOT in Ranipet, Tamil Nadu, in the early hours of Thursday (January 9, 2025).
The police said the deceased have been identified as N. Somashekar, 30, and V. Krishnappa, 65, — both pilgrims from Kolar — and V. Manjunath, 32, and S. Shankara, 32, the driver and cleaner, respectively, of one of the lorries that was carrying a vegetable consignment from Chittoor, Andhra Pradesh.
According to the police, S. Narayanaswamy, 38, a resident in Kolar, had organised a pilgrimage for 120 persons from Singhahalli village to the Melmaruvathur Adi Parasakthi temple near Chennai. Tickets were booked on four KSRTC buses for the same.
The pilgrims were returning from Melmaruvathur when the driver of one of KSRTC buses reportedly tried to overtake a lorry to catch up with the other three buses and collided with another lorry carrying vegetables, coming from the opposite direction. The lorry behind the bus also collided with it.
The patrol police and other motorists shifted the injured persons to the Government Taluk Hospital in Walajah town. Ranipet SIPCOT police roped in cranes to remove the mangled vehicles from the road. The four bodies were sent to a government hospital for postmortem examination.
Ranipet Collector J. U. Chandra Kala and Superintendent of Police Vivekananda Shukla inspected the spot and met the injured persons. A case has been registered by the Ranipet SIPCOT police and further investigation is underway.
Published - January 09, 2025 01:26 pm IST","1691","CBMi1AFBVV95cUxPclhGcHIzYzR6aFY1QlZ2SzlZbFByMWlqWnRTN2pTSVFULVJEYVhmeFN0bFZVRTNmZ2hPZTJvVlFuUlhjQWVJY3lid012Y0lscjJUQVFjdXo2ZTZxdjJ0TXlaWlZsZmc1cnZSYW1wSkJ1Sy1zN190b2ZOV3NxQTFtVUp4a0xwS3hyWTY3RDNZS1dRMGxpZWRjYTJ0aXZsd0RyRlA0eTFzS2VrTThyR0VGbjNtcnhXSnZrenJsRW85dmhwb3hHOVJHRnVKcEhwTm5FZE01ZNIB2wFBVV95cUxPZ0UwZFREWXplOFppWmRzbkdTako5SGhZd2lJNUZhRTZVU1hGTHdYMGd0S1JQMFAzbUpDZ3dtS0NjVEgtMWRrem44ZXNacG9aTk9ndGxJZmwzUEdfV1BHcGJTMW9NQTA0MmFhRFJBTVVEcmpIZ0dDcjlDLUN5U3VjWlp1WlNpaGVaOG01TkowRzJWdGJPRF9fZ3c3X1Z3LWNNUjkxZFdxYmRrc3R6c3VySlNmeTJLWVpZUU5jX04wRDVPdFUxY2FDYmZYYXNNWi1oTVAyc3ppYktmNmc","",,"2025-01-09T08:00:00+00:00","""bus collided"" ""Tamil Nadu"" after:2024-12-31 before:2026-01-01","true","2026-09-24T18:50:36.190137+00:00","google-news","thehindu.com","The Hindu","Four persons killed as Karnataka bus collides with two lorries in T.N. The Hindu","Four persons killed as Karnataka bus collides with two lorries in T.N. - The Hindu","https://www.thehindu.com/news/national/tamil-nadu/four-persons-killed-as-karnataka-bus-collides-with-two-lorries-in-tn/article69079208.ece"
,"https://timesofindia.indiatimes.com/india/tamil-nadu-at-least-seven-killed-as-govt-bus-collides-with-two-private-vehicles-tyre-burst-leads-to-crash/articleshow/126163438.cms",,"Tamil Nadu: At least seven killed as govt bus collides with two cars; tyre burst leads to crash
TOI News Desk / TIMESOFINDIA.COM / Updated: Dec 25, 2025, 20:32 IST
Share
AA
+Text Size
Small
Medium
Large
The accident in Cuddalore, Tamil Nadu (Image courtesy: TOI Chennai)
NEW DELHI: At least seven people were killed on Wednesday after a government bus swerved and collided with two cars in Tamil Nadu’s Cuddalore, police said.A tyre burst caused the bus to change direction and crash head-on into the cars.“The bus collided with two vehicles that were proceeding towards Tiruchirappalli from Chennai. Seven occupants of the two private vehicles were killed. A number of people have been injured,” a district police official told PTI.The state-run bus was travelling from Tiruchirappalli to Chennai when the accident occurred on a national highway in Cuddalore.
At Least 11 Dead, 20 Injured in Head-On Collision Between Two Govt Buses in Tamil Nadu's Sivaganga
The TOI News Desk comprises a dedicated and tireless team of journalists who operate around the clock to deliver the most current and comprehensive news and updates to the readers of The Times of India worldwide. With an unwavering commitment to excellence in journalism, our team is at the forefront of gathering, verifying, and presenting breaking news, in-depth analysis, and insightful reports on a wide range of topics. The TOI News Desk is your trusted source for staying informed and connected to the ever-evolving global landscape, ensuring that our readers are equipped with the latest developments that matter most.""Read More","1595","CBMigwJBVV95cUxQcC1sblB6Tms2R051aUFGbE4zUzhlLTNLSHlDMndkZHpjcG8tMXE0NGVYUEoxTTBwNDlpWDlDbWhXN3cwc0w0aHFtR25tWENKUnBhNVM4elRWMzVlcEVrdE1QcEN6UTJaRUlyMlJyTUJjMFJ3Tmhsb0ZudE5aY21uYlQ3U0tzbjNUdm9ZTmp6WTJJeFJ6LWJoVGxzaWdtaU9kclFjY3pZOTN0VkRKNlc2WWRkX0hBNkh3U1dsOGxjejZ3ZmtZX1NnV2ZHdG9VaWVrcEFKWnE5RVR6Y2pEcFR1ZTdnTmQ4c003RXdXalQwZEhMV1llZHZveE5WNGdzX1J2bEJj0gGIAkFVX3lxTE5GVUVDU3cyejNvdzN0MThaRzZqdWtUSmRVQ3Q2OTV3UEp5bGhKUE5ZUldvTFRBRGhXZlpyYUJJSGVTSklXcDdzVVZpcGlxaXpHNnJYM3hkQndkRmZ1NXUzZTE2VTd2eFIxM0FtNW1laUdidnR5ZnZ0d1pDZUk1MlZTeVpjMnQwSnBySTRybmZZWG92Tmc3NV9hR2RwTHIyM0lqLU00MFhrTHh1WlFpOE9kWEpiaXJscFRNUkpwR2pxcEVERFJoVWhlYmh3NnI0MEtReXlLTE9mRGJMOTZ1aXVVcXNNYVBha20zZDdHQnU0Y2tyZGRIZTd5SjFraEdnNHRfd2tFX3ZjZg","",,"2025-12-25T08:00:00+00:00","""bus collided"" ""Tamil Nadu"" after:2024-12-31 before:2026-01-01","true","2026-09-24T18:50:36.190207+00:00","google-news","timesofindia.indiatimes.com","The Times of India","Tamil Nadu: At least seven killed as govt bus collides with two cars; tyre burst leads to crash The Times of India","Tamil Nadu: At least seven killed as govt bus collides with two cars; tyre burst leads to crash - The Times of India","https://timesofindia.indiatimes.com/india/tamil-nadu-at-least-seven-killed-as-govt-bus-collides-with-two-private-vehicles-tyre-burst-leads-to-crash/articleshow/126163438.cms"
,"https://indiatoday.in/india/story/head-on-collision-between-two-buses-kills-6-leaves-32-injured-in-tamil-nadus-tenkasi-2825042-2025-11-24",,"6 killed, 32 injured as two private buses collide head-on in Tamil Nadu
Six people were killed after two private buses collided head-on near Idaikkal in Tenkasi. Thirty-two passengers were injured and admitted to hospital. The impact crushed the front section of one bus, disrupting traffic.
Six people were killed after two private buses collided head-on near Idaikkal in Tamil Nadu’s Tenkasi district.
The crash left 32 passengers injured, all of whom have been admitted to a hospital in Tenkasi for treatment.
The impact of the collision was so intense that the front section of one of the buses was completely mangled.
Visuals from the spot showed shattered glass strewn across the road. Traffic was disrupted as locals and emergency crews gathered at the site, and a JCB was brought in to help clear the wreckage.
Police said one of the buses was travelling from Madurai to Tenkasi, while the other was headed towards Kadaiyanallur when the collision occurred. Five women and one man died on the spot.
Further investigations are underway to determine the cause of the accident.
Tamil Nadu Chief Minister MK Stalin expressed deep sorrow over the death of six people in the Tenkasi–Kadayanallur bus accident. He said he had immediately contacted District In-Charge Minister KKSSR Ramachandran and directed him to rush to the spot.
Stalin added that he had spoken to the District Collector, who was at the accident site, and instructed him to visit the government hospital to ensure all injured passengers receive high-quality treatment.
Extending his condolences to the families of the victims, the Chief Minister said the government stands with them and is committed to the speedy recovery of those injured.
Earlier this month, 20 people were killed and 20 others injured after a Telangana State Road Transport Corporation (TGSRTC) bus collided head-on with a speeding truck in Rangareddy district. The bus was carrying over 70 passengers.
The impact was so severe that many passengers died on the spot, while the mangled remains of both vehicles were strewn across the road. Among the deceased are 10 women, 8 men, and a 3-month-old child.
According to ADG Mahesh Bhagwat, the accident occurred when a bus from the Vikarabad depot heading towards Hyderabad was hit by a tipper truck coming from the opposite direction at high speed.","2337","CBMi2AFBVV95cUxNZmJ6UVZlc0c3RUNrMWN5U051WUZtdHhRUld4ODVaQW5CLU5NWGtaaUVtM1VyTDJHX0FDdXROclBWX0c1Tkc5N1VDMTh1NFRwRUtmVDVBN29mR1RmSFg0aDBkRWxrTEdXYzNkWEhCX3NFY1hIeF9VcXpVdFUxbVRSUG81ZjNmN19WV1Y4MklTS1pQalR6c21EZnZKdHRaUHRwa0JvN3dmalgyQy1SOU53eVVkRV85U3B1LXdZT2NJdm1kM3FGMkFFZ1VnbDBUNmVxVFQ4STNyZmzSAd4BQVVfeXFMT0xabVpKNjN5Vldvc3o4MmtSWEpiS0pRNFBReEgzb3plQ01HdEwxTE9oM08tSEtvYkU2SlJCVEd2bWlDSlB2aUhnS0pFVDlrYjd2bWh2NUoyaHhzbVhvRjhYZGRsalZ1eHplaUxaaFc0M0w0NUdXY3Q0WjFpSldKTzRuMGZqZUxQQmJTd3ZTT1YyNmlQWk9tWGd6d3lMaS1HMDRENl9HaURNQ1c4bjdUM09YTXNhM3pZOU43bElRa3ZRemM5WmNieVN4bDF6UGRwcDd6S0hRdkh3NXBzcFRB","",,"2025-11-24T08:00:00+00:00","""bus collided"" ""Tamil Nadu"" after:2024-12-31 before:2026-01-01","true","2026-09-24T18:50:36.190261+00:00","google-news","indiatoday.in","India Today","6 killed, 32 injured as two private buses collide head-on in Tamil Nadu India Today","6 killed, 32 injured as two private buses collide head-on in Tamil Nadu - India Today","https://www.indiatoday.in/india/story/head-on-collision-between-two-buses-kills-6-leaves-32-injured-in-tamil-nadus-tenkasi-2825042-2025-11-24"
,"https://m.economictimes.com/news/india/nine-killed-as-govt-bus-hits-two-vehicles-after-tyre-burst-in-tamil-nadus-cuddalore/articleshow/126164428.cms",,"Cuddalore (Tamil Nadu): Nine persons were killed near here on Wednesday after a government bus swerved to the opposite side and collided with two vehicles, police said.
The bus changed direction due to a tyre burst, they said, adding 4 persons, including 2 children sustained severe injuries and they were being treated at state-run hospitals.
Chief Minister MK Stalin expressed shock over the deaths and conveyed his condolences to the bereaved families.
He directed the authorities to release from the CM's Public Relief Fund Rs 3 lakh to the families of each of the deceased. Also, the injured persons will receive Rs 1 lakh each, the government said in a statement, adding that of the dead, 5 were men and 4 were women.
The chief minister has ordered officials to ensure best care to the injured in the government hospitals.
A Chennai-bound state-run bus from Tiruchirappalli, while proceeding on the national highway near here, changed direction all of a sudden when a tyre burst and moved to the opposite direction after climbing onto the road median.
""The bus collided head-on with 2 vehicles (a SUV and a car) that were proceeding towards Tiruchirappalli from Chennai; 7 occupants of the 2 private vehicles were killed,"" a district police official told PTI, adding a number of people have been injured.
The bus changed direction due to a tyre burst, they said, adding 4 persons, including 2 children sustained severe injuries and they were being treated at state-run hospitals.
Chief Minister MK Stalin expressed shock over the deaths and conveyed his condolences to the bereaved families.
He directed the authorities to release from the CM's Public Relief Fund Rs 3 lakh to the families of each of the deceased. Also, the injured persons will receive Rs 1 lakh each, the government said in a statement, adding that of the dead, 5 were men and 4 were women.
The chief minister has ordered officials to ensure best care to the injured in the government hospitals.
A Chennai-bound state-run bus from Tiruchirappalli, while proceeding on the national highway near here, changed direction all of a sudden when a tyre burst and moved to the opposite direction after climbing onto the road median.
""The bus collided head-on with 2 vehicles (a SUV and a car) that were proceeding towards Tiruchirappalli from Chennai; 7 occupants of the 2 private vehicles were killed,"" a district police official told PTI, adding a number of people have been injured.","2452","CBMi4gFBVV95cUxPUXEtOE13TVBsNnd0bUxPM1FPMXprSEloclA2Uk1sX2c4SjZNaU4yaEN6UkF2ZGhsMk14Z0dkZTFwOVIwN2VoV0lhZXREa0FzV3RMc3AzRXR3cTdHQmtxXzBMZHd5VXlZUmgxSlMzcTVsc1lBLUFCb1h3RTY3eC02NFF2YU5GQzBIOWVqcjZsR2djUEFlZUNhUEFWSlpEVHgtRjBfU0JYajRCWHZTOU5DaFdIZkdhd08xUUlqRmsydkFqSEt0ZHRHcFdkNmcybXVpOXQzTHJ4ckFFZkJfZk52UjNR0gHnAUFVX3lxTFB4Rk9kVV9ZYWpXWmtCWFhGdmtOaS0wdTdzbHFjd3BnY21UOGRmbmFlWXEzMzlkcEVQZFBzdWJJT2EyYmNPS3hYemRGWnVuTWh4NF9ENkxEOVFRd1lWekxyY2daMXI4bFU2Si1BTzJobVUzRzFHenEzVWNldHA3UDAyZ293Y05qb2JsWV9pc0w5Q3BOMTdmOEFRRnFCN1Z0Q3gyWkRKQUNLX09xeExhTWdiY2ZxU1lWdmlKbzdRT2I5SHdGVl9hLXhXNi16MnNEMDE3U2ZxM0dRU19sWWhYTVhUbTFfcjRZTQ","",,"2025-12-24T08:00:00+00:00","""bus collided"" ""Tamil Nadu"" after:2024-12-31 before:2026-01-01","true","2026-09-24T18:50:36.190326+00:00","google-news","m.economictimes.com","The Economic Times","Nine killed as govt bus hits two vehicles after tyre burst in Tamil Nadu’s Cuddalore The Economic Times","Nine killed as govt bus hits two vehicles after tyre burst in Tamil Nadu’s Cuddalore - The Economic Times","https://m.economictimes.com/news/india/nine-killed-as-govt-bus-hits-two-vehicles-after-tyre-burst-in-tamil-nadus-cuddalore/articleshow/126164428.cms"
,"https://thestatesman.com/india/cuddalore-road-accident-nine-killed-mk-stalin-ex-gratia-tamil-nadu-1503530331.html",,"A late-evening road accident on the Trichy–Chennai National Highway in Tamil Nadu’s Cuddalore district claimed nine lives on Wednesday, prompting Chief Minister MK Stalin to announce ex gratia relief for the victims’ families and direct enhanced medical care for the injured.
According to the district administration, a State Express Transport Corporation (SETC) bus travelling from Trichy to Chennai collided with two cars near Eluthur village in Thittakudi taluk. The crash occurred around 7.30 pm. Nine occupants of the cars, five men and four women, died on the spot, while four others sustained injuries and were rushed to government hospitals.
Advertisement
  
Cuddalore District Collector Thiru Sibi Adhithya Senthil Kumar said the injured are currently undergoing treatment in government facilities. “Yesterday in Cuddalore district, a tragic road traffic accident happened near Thittakudi, where a government SETC bus travelling from Trichy to Chennai collided with two cars. Nine people died in the accident, and the remaining four injured are undergoing treatment in government hospitals,” he said.
Also Read: Karnataka bus accident: 9 killed in Chitradurga sleeper bus fire; PM announces ex-gratia
TN CM’s relief announcement and directions
Expressing grief over the incident, the Chief Minister announced financial assistance from the Chief Minister’s Public Relief Fund, Rs 3 lakh each for the families of the deceased and Rs 1 lakh each for those critically injured and under treatment. In an official communication, he also directed that special medical care be ensured for the four injured, including two children.
“I express my deepest condolences and sympathy to the families of the nine people who died in this accident and their relatives,” the Chief Minister wrote, adding that the relief would be disbursed from the Public Relief Fund, according to ANI.
Officials said the focus remains on treatment and support for the injured, while standard procedures are underway to ascertain the sequence of events leading to the collision.","2052","CBMiuAFBVV95cUxQaktvNnJLWU5rZFAtZ0VEWVJxR21ldDlZYzRfZW9TVm1UZVFQdG10NFcwN3F1NUdsbVZiV3hlZWFZYUFrYkVfMGhaNUpGVlJ2blBjQjE0WmYyeGtHZkxtYXRITkd0WXAtVDZEY1MxM3BmM1pQeXYxcHRXSTNOZnpHVEtzT0xGYzNaSm9nSzZQamVIMDg5Tkl6aE5PbGRxOURnM05MR3k3SGlCd3kwOXZ5cFRXVkZpUTRX0gG-AUFVX3lxTE9xbDFjRXlFdVZXYXFCS1NVZ25TTzduME8tZy1FdjBYRkROR3VucGFZa2xQZlBtTU05UFgyWVpXUDVabFNIenN6Z1I0bXlIQUZ4bE94dUlrVkV5ajRDelQtUzZPa1I2SnB3Z1BCYURKVmpIWDVxRGlnMGItVU9SS3BnRGlFMkpDbmV0TjlaaTEteERkOWI5NEV0ekdhaGZUM2VLUEJhTUExaXFfLUdPRzBoS0Ewam5vdXFhQ3JUQ0E","",,"2025-12-25T08:00:00+00:00","""bus collided"" ""Tamil Nadu"" after:2024-12-31 before:2026-01-01","true","2026-09-24T18:50:36.190377+00:00","google-news","thestatesman.com","The Statesman","Cuddalore road accident: SETC bus collides with cars, nine killed; Tamil Nadu CM announces ex gratia The Statesman","Cuddalore road accident: SETC bus collides with cars, nine killed; Tamil Nadu CM announces ex gratia - The Statesman","https://www.thestatesman.com/india/cuddalore-road-accident-nine-killed-mk-stalin-ex-gratia-tamil-nadu-1503530331.html"
,"https://thehindu.com/news/national/tamil-nadu/10-persons-injured-after-bus-collides-with-suv-in-tiruvannamalai/article69937077.ece",,"Ten persons including the bus crew were injured after a Tamil Nadu Transport Corporation (TNSTC) bus collided with a SUV on Kilpennathur Bypass Road near Tiruvannamalai town on Friday.
Police said that along with around 40 commuters, bus driver K. Thanigaivel, 52 was driving the bus from Chennai to Tiruvannamalai town on the stretch when a SUV hit the bus after a two-wheeler rider, K. Pugazhendi, 19, suddenly crossed the stretch. The accident occurred around 12.30 p.m.
In the impact, two-wheeler rider, bus crew, SUV driver and a few passengers sustained injuries. Immediately, other motorists and passerby rescued injured persons and admitted them at Government Medical College Hospital in Tiruvannamalai town where doctors said the condition of injured persons are stable. A case was registered by Kilpennathur police. Traffic was affected on the route for over an hour before police restored normalcy on the route. A probe is underway.
Published - August 15, 2025 11:37 pm IST","984","CBMizwFBVV95cUxQcVhHSHoyY2VrdWo0Q3FMQlJZMWM3SmVlTmZNQ1I3dDVYT0N2QzVaMXBKNmI5Sk5yTGlzanJzSlFfRU9GSkt4V2xxSnBJN05jcHh4VXl0dTViUW5vTmpxNkRRSGxrWE01MXpUaUxURTZmS1hTUGtjeU1YVnpjZXM0d0dIUnVRc2RWVWlpdHlCLXEyb3hiUDVnTU9EVUExSVFzWlhiOGxfRzlkdWpfTk0wQ3g1UVloSU1PRjZJMVg2R3puM3Bzdi1ES0VpTmJfOTDSAdYBQVVfeXFMTktRM2dLUzhUWHJtc3Z0RkJiX0duZXY2RHQ2dkpuZEhpZFl5dU1fVXZvTTRsa191THZCaUpIVTBFRTgzQXFpWGlKbEpQN3REQ1ZHRVpVVlJxbU0wdE1qOWFUUDhPMHNjbjh2aUlRZERBbHlONWp4SUZydnNpQ3FsWFB1VnhrS0NDTzAtc0tBMWV0YlgxTUtES1BWTkJ2RU5XQ2xkT3BzQmVGUUFVV1c0SVNNV3BESEpkdURSZkxBbVpqblBhTkJJWEc2RXF3VkJBamRKSkxrUQ","",,"2025-08-15T07:00:00+00:00","""bus collided"" ""Tamil Nadu"" after:2024-12-31 before:2026-01-01","true","2026-09-24T18:50:36.190428+00:00","google-news","thehindu.com","The Hindu","10 persons injured after bus collides with SUV in Tiruvannamalai The Hindu","10 persons injured after bus collides with SUV in Tiruvannamalai - The Hindu","https://www.thehindu.com/news/national/tamil-nadu/10-persons-injured-after-bus-collides-with-suv-in-tiruvannamalai/article69937077.ece"
,"https://newindianexpress.com/states/tamil-nadu/2025/Sep/14/three-die-in-bus-van-collision-in-tiruvannamalai-driver-booked",,"TIRUVANNAMALAI: Three persons were killed in a road accident when a government bus collided head-on with a pickup van at Chengam in Tiruvannamalai on Saturday.
According to the Chengam police, the accident happened at Manmalai within the Chengam police station limits in the morning. The government bus, carrying 46 passengers, was going from Bengaluru to Tiruvannamalai and the pickup van was transporting flowers. The police said the accident happened when the bus tried to overtake another bus and collided with the van coming from the opposite direction.
Chengam Inspector Santhi said the deceased have been identified as Mani (27), the van driver; Arumugham (45), the van owner, and Govindraj (30), who was accompanying them. Mani died on the spot and the other two died on the way to the hospital. A postmortem was performed at the Tiruvannamalai Government Hospital. None of the passengers in the bus sustained any injury in the impact.
Santhi said a case has been registered against the bus driver for rash driving and causing death by negligence under Sections 281 and 106 (1) of BNS. However, he is yet to be arrested, she added.
Speaking to the TNIE, Kathiresan, Branch Manager of TNSTC Hosur Depot, from where the bus service operates, said they have not yet taken any action against the driver as the police investigation is under way. Any decision will follow that, he added.","1389","CBMiwwFBVV95cUxPTEFFUGNiZ0pkN1RLYnpYRVduOFZRNE02N0RtM2F2TGNHdzhJUVk5a043Qi1PMEhKaHpDZFVwQUFUakEwc2dBZ0NOMXJzNzJlYmlsMkdSTGxUN3BWS043V2R5YzBRbGV3ZXJrY1dYbGpNa2RrZng4cEVUZ3hTOGFLSTRRTlcyNWN5X0dvZkRxUm9FQkU3NUl1aGFWZERyYTljMEhnTHdBMTdvRnBwbmhPdk5tdEhwNFQzanFrQ3ZpSjVMUmfSAdABQVVfeXFMUFJUMHNEU0dnb0NjYnR1VjdBOXhvc05vS29ZcGhDcmdkNXRhWkpOd0llZ2Y5Q05tME1YSWRPZWpIVDlIOWE2dXg1RGxsMjdrWHJqZFlnRkRmdl85enR5UlVpSWRxWklMMjFUOFZkM2VfZVU1bV9LTXRMNlh3MXVrOC1sNVUxS0praUc2c1ptbzVBVXEzNGdfYWJPRmFVT1RMUVFaakFTX0EtM3JkdV8tQnlCdHJYYlJJYTRxeDhDYTZmODNSQjJsWDBYanVJQURtdA","",,"2025-09-14T07:00:00+00:00","""bus collided"" ""Tamil Nadu"" after:2024-12-31 before:2026-01-01","true","2026-09-24T18:50:36.190474+00:00","google-news","newindianexpress.com","The New Indian Express","Three die in bus-van collision in Tiruvannamalai, driver booked The New Indian Express","Three die in bus-van collision in Tiruvannamalai, driver booked - The New Indian Express","https://www.newindianexpress.com/states/tamil-nadu/2025/Sep/14/three-die-in-bus-van-collision-in-tiruvannamalai-driver-booked"
,"https://m.economictimes.com/news/india/train-collides-with-school-bus-at-railway-crossing-in-tamil-nadus-cuddalore/articleshow/122310385.cms",,"According to the Southern Railways, the school bus, carrying four students, was crossing the tracks at Railway Level Crossing Gate No. 170—a non-interlocked gate located between Cuddalore and Alappakkam—when the train rammed into it.
""The gatekeeper of Railway Level Crossing Gate No. 170 (a non-interlocked gate) between Cuddalore and Alappakkam has been suspended. He had opened the railway crossing gate at the insistence of the school bus driver,"" the Southern Railways said.
Following the incident, the gatekeeper responsible for the level crossing was suspended. Railway authorities informed that he had opened the gate at the request of the school bus driver, despite safety protocols. A formal process to remove him from service has been initiated.
The Southern Railway has announced an ex-gratia compensation of Rs 5 lakh each to the families of the deceased and Rs 50,000 each for those injured.
Tamil Nadu Chief Minister MK Stalin also expressed condolences over the loss of life.
""I am deeply shocked and pained by the tragic news of the accident in Cuddalore Semmanguppam, where two young students lost their lives,"" he wrote in a post on social media platform X.
""I have instructed that high-quality medical treatment be provided to the four individuals injured in this accident and receiving treatment at the Cuddalore Government Hospital. Additionally, I have directed the Honorable Minister @MRKPanneer and the District Collector to personally visit and provide assistance,"" he added.
He also announced that the state government would provide Rs 5 lakh to the families of the two students who died, Rs 1 lakh to those with major injuries, and Rs 50,000 to others with minor injuries from the Chief Minister’s Relief Fund.","1738","CBMi1wFBVV95cUxNZmlUOGo4NEM2a21oT21qcGhNeDBzVy16OG5PeFl0VUx4emhuRVp5aUQxbE1DWjdma3VzQy1qZUI3dEFWa2o0U1hfNS12ZS12bzlxcC1idGtwQmJxNF9OdGpXVl91RWY4aGM5WUJ2MUcxRFNhaTMtaDNpQWRuTzdleTRWZ1JwRW9yU2pUeDBGR3YzRnBMRnpXNGpiRG9BSDUzOEVCQ2JveFVsbkJ3VEVReDlvb1drTnNfUTh1aS1XYXQ5ekJaUXdLS0pVS1E2R3FsZGdjTUVJc9IB3AFBVV95cUxOd2NTNkUwZTFGUEhWcXdyamItOGdVZ3lHamV5MmxOVjZIV3hlLW1Jd3NVUXRScFFVMDA0VWNIVFMyVV9FeWR6clA0VGlKV05wWnpYNmpNcmZCZ2oxS1plbmozUlBYS0dYXzYzbEkwWm1IaEZOTlFTV0ZQVXM5SVZOTUR5bGhadHUtYlRCV0haLUFxV2NFMkpCYkpWVk1hMVNLSEhRWFA4eDVIQkZibllCa2lvRGdGMmEtVHZZNnAwN0JkN1cwdjV1TWN0dy1EeGNTVWhtZWRKV2kyZl9Z","",,"2025-07-08T07:00:00+00:00","""bus collided"" ""Tamil Nadu"" after:2024-12-31 before:2026-01-01","true","2026-09-24T18:50:36.190539+00:00","google-news","m.economictimes.com","The Economic Times","Three dead, two injured as train rams into school bus in Tamil Nadu; CM MK Stalin announces ex-gratia The Economic Times","Three dead, two injured as train rams into school bus in Tamil Nadu; CM MK Stalin announces ex-gratia - The Economic Times","https://m.economictimes.com/news/india/train-collides-with-school-bus-at-railway-crossing-in-tamil-nadus-cuddalore/articleshow/122310385.cms"
,"https://newindianexpress.com/india/2025/Nov/17/42-umrah-pilgrims-from-telangana-killed-in-bus-tanker-collision-in-saudi",,"A bus carrying Umrah pilgrims caught fire in Saudi Arabia after colliding with a tanker lorry, killing 45 people, including 20 women and 11 children. Immigration officials in Hyderabad confirmed that most of the victims were from the city.
The crash occurred around 2300 hours local time, nearly 40 km from Madinah, when the bus, carrying 46 passengers, had stopped on the roadside and was struck by the tanker, triggering a powerful explosion.
According to Saudi authorities, one Indian national survived the crash. An investigation has been launched into the cause of the accident.
The Consulate General of India in Jeddah said a team of officers rushed to the accident site and to hospitals as soon as they were informed, and have since been coordinating with local officials and assisting families.
Consulate officials have also met the survivor and are working with hospital staff to ensure he receives adequate medical care.
The mortal remains of the deceased have been moved to King Fahad Hospital, King Salman Hospital, and Al Miqat Hospital in Madinah. The Consulate said it is committed to ensuring the swift handling of the remains in accordance with the wishes of families, who will have the option of repatriating their loved ones to India or opting for burial at Jannatul Baqi, a cemetery in Madinah.
Indian officials remain in contact with authorities in the Saudi Provincial Government, as well as the Ministries of Foreign Affairs, Interior, and Transport in Riyadh.
Prime Minister Narendra Modi expressed grief over the incident, extending his condolences to the bereaved families. “Deeply saddened by the accident in Medinah involving Indian nationals. My thoughts are with the families who have lost their loved ones. I pray for the swift recovery of all those injured. Our Embassy in Riyadh and Consulate in Jeddah are providing all possible assistance. Our officials are also in close contact with Saudi Arabian authorities,” he said in a post on X.
External Affairs Minister Dr. S. Jaishankar expressed deep shock, saying the Embassy in Riyadh and the Consulate in Jeddah were providing full support to Indian nationals and their families. “Sincere condolences to the bereaved families. Pray for the speedy recovery of those injured,” he added.
Minority Affairs Minister Kiren Rijiju said he was ""shocked and deeply saddened"" by the tragic accident. ""My heartfelt condolences to the bereaved families,"" Rijiju said in a post on X.
Hyderabad Police Commissioner VC Sajjanar confirmed that 45 people died in the accident, with only one survivor currently hospitalised.
Addressing reporters here, Sajjanar said a total of 54 people travelled to Jeddah from Hyderabad on November 9. They were scheduled to return on November 23.
Of the 54, four people travelled separately by car to Madina on Sunday, while another four stayed back in Mecca.
He added that they were supposed to return to Hyderabad on 23rd of November.
AIMIM MLA Majid Hussain said, ""We have received information that over 40 people died in the accident, and we are coordinating with the families.""
A 24x7 control room has also been set up at the Consulate General of India, Jeddah, to assist the families of the victims and provide information. The toll-free number is 8002440003, 0122614093, 0126614276, 0556122301 (WhatsApp)
The Embassy in Riyadh and the Consulate in Jeddah are coordinating with the Saudi Haj and Umrah Ministry, local authorities, and the relevant Umrah operators.
Telangana Chief Minister Revanth Reddy has expressed profound shock over the horrific accident. He has directed the Chief Secretary and DGP to obtain full details. He has also instructed officials from the Ministry of External Affairs and the Saudi Embassy to be contacted to undertake immediate relief measures.
Chief Secretary K. Ramakrishna Rao has spoken with Coordination Secretary Gaurav Uppal in Delhi and issued directives. A control room has been set up at the Secretariat to monitor the situation and provide information to families.
Control Room Numbers:
+91 79979 59754
+91 99129 19545
Hyderabad MP Asaduddin Owaisi said that he was in touch with Abu Mathen George, Deputy Chief of Mission at the Indian Embassy in Riyadh, who is gathering information about the incident. Owaisi also urged the central government to ensure the repatriation of the victims’ bodies to India and to provide proper medical care for the injured.
Tamil Nadu Chief Minister M K Stalin condoled the death of the pilgrims.
Expressing deep shock over the tragic bus accident, he said on X, ""My deepest condolences to the bereaved families in this hour of grief. I hope the injured pilgrim receives full medical care and recovers soon.""
AIADMK general secretary Edappadi K Palaniswami too condoled the demise and said he was anguished over the death of Indians.
'I express my deepest condolences to the families of the deceased and pray to the Almighty God to rest the souls of the deceased in the eternal peace,"" Palaniswami said in a post on X.
Transporting worshippers around Saudi Arabia's holy sites has frequently proven dangerous, particularly during the hajj, when roads can be chaotic with buses creating interminable traffic jams.
Millions also visit Saudi Arabia for the umrah pilgrimage, which happens outside of the hajj period.
In March 2023, a bus ferrying pilgrims to the holy city of Mecca burst into flames after a collision on a bridge, killing 20 people and injuring more than two dozen others.
And in October 2019, some 35 foreigners were killed and four others injured when a bus collided with another heavy vehicle near Medina.","5606","CBMiwAFBVV95cUxQLWJpVGUtSW9uNHhJOVI4ZHU5UnRvNkQ4X19wWHBUSlJCWTVwdEhsYjhXWVFEaS1MbU5rMkQ0QUFDYUFyU2RQbzVJZUJwOVVTT1V2RFdRVUFBOEtqRFhjM0dpQTZiYkdTbGxsTWwyd3htOTlNRjMxMVA5Z0xJV1JSazdrTThlWlBSZGI2b1hlRWdXMGdLaTc0bERKTjNpd1ppX2FsUkpDVk9hY0JOSEhvUHlKRTFxY1FBOVFWSnpma3fSAc4BQVVfeXFMUFJicmgzODFadWZKM05yeFRGem9sdHMzSDdMa21tODJxUmhwLVJEN2FINW1iUmNkX3hFbW5rcGVFaEVOQnlKdUpkTmVkdVhaaFJGVWktYWh6UFR4bjh2UjlaSFpMRmc5RFJIeWhFUkl2U3VORXp0U2lpbmNNdXEtcUZ2ODQ3Z05LbG5ib0w0Z2c4Zm9PV2VMN3N1QjFQcW02a0NSS0JMQ1l5QmxlMUdWSVllWHpFRmp5M29YZHpTUldsVnZnQkRraGp1SE05M3c","",,"2025-11-17T08:00:00+00:00","""bus collided"" ""Tamil Nadu"" after:2024-12-31 before:2026-01-01","true","2026-09-24T18:50:36.190609+00:00","google-news","newindianexpress.com","The New Indian Express","45 Umrah pilgrims from Telangana killed in bus-tanker collision in Saudi The New Indian Express","45 Umrah pilgrims from Telangana killed in bus-tanker collision in Saudi - The New Indian Express","https://www.newindianexpress.com/india/2025/Nov/17/42-umrah-pilgrims-from-telangana-killed-in-bus-tanker-collision-in-saudi"
,"https://m.economictimes.com/news/india/train-hits-school-van-at-unmanned-railway-gate-in-tamil-nadus-cuddalore-3-children-killed/videoshow/122312500.cms",,"Business News›News›India›Train hits school van at unmanned railway gate in Tamil Nadu's Cuddalore; 3 children killed 
Train hits school van at unmanned railway gate in Tamil Nadu's Cuddalore; 3 children killed
A school bus collided with a train in Tamil Nadu's Cuddalore district on Tuesday morning while crossing an unmanned railway track. Initial reports indicate the train struck the bus as it was traversing the tracks. The extent of injuries and the amount of damage caused by the collision are currently unconfirmed as investigations are ongoing.
 Show more
- 04:13
- 03:36
- 05:41
- 07:42
- 09:35
- 04:36
- 00:23
- 07:15
- 04:08
- 04:24
- 02:34
- 05:21
- 04:32
- 01:02
- 02:57
- 18:53
- 07:55
- 02:55
- 03:56
- 01:18
- 02:29
- 03:39
- 03:21
- 02:19
- 04:17
- 01:27
- 07:34
- 02:02
- 02:40
- 04:08
- 09:32
- 03:31
- 11:04
- 02:42
- 02:50
- 02:58
- 02:16
- 02:58","867","CBMi5wFBVV95cUxQanRCdDRwY0MwOWxjT1FPaTliOEw4UFdLZ0NTTVAzNmxYTUxaTm5tZ0w0Wi16emZJcGh2QUppMGFlNmhiZlZ2MmROUVQ0SnFKeEw3VkttWHJJTFpscmVSUEVUREowNVlROGwzTEZSUTBPRUU4a1hJOGdUbW1QYVdaakVjMzFYYmRFY2hIdnJUUzNZQ1cycmRuMWJ0QnNlRUNhNVNYU3o0LTZsYm9hSEtyNUJzcmRlTXFvYUgtb2d1RVdMcEJJODhXZTg4VWNmTGs3M1lySktoS0U4d3pjZk5GaUNYcnk2ZFHSAewBQVVfeXFMT2NoSnUyTnZaTlZJRlc1bjZtck81cllJdVR2T2VUMnYzNE5Ubkt1eUdGZmVjNm1fRmhrSHhCSEVCLWxldVh3czE3TnhfQ2xnd082WTFZeVRvek1XMnAwMEhRYWktdnc2MzRJeE5iaWtRM1UtMXctalQ1bEtJZ0E1ZXRrbWIwdW03anBPWWhkR2lIZ2M5N0JVMGQ5Y3NQOHIwMnFQWXRqa0tna3k0eXl3NThaMXhIZFJJSk16ckxNSWVFUm1EVVRhU1ppeEZWV3FURmtEdnBLbF9XMDFybEdTQlZOZUNsMjBvQ3lZdkQ","",,"2025-07-08T07:00:00+00:00","""bus collided"" ""Tamil Nadu"" after:2024-12-31 before:2026-01-01","true","2026-09-24T18:50:36.190689+00:00","google-news","m.economictimes.com","The Economic Times","Train hits school van at unmanned railway gate in Tamil Nadu's Cuddalore; 3 children killed The Economic Times","Train hits school van at unmanned railway gate in Tamil Nadu's Cuddalore; 3 children killed - The Economic Times","https://m.economictimes.com/news/india/train-hits-school-van-at-unmanned-railway-gate-in-tamil-nadus-cuddalore-3-children-killed/videoshow/122312500.cms"
,"https://republicworld.com/india/bus-tyre-burst-triggers-fatal-crash-in-tamil-nadus-cuddalore-district-seven-killed",,"Bus Tyre Burst Triggers Fatal Crash in Tamil Nadu’s Cuddalore District, Seven Killed
A tragic road accident in Tamil Nadu's Cuddalore district claimed seven lives when a bus collided with two cars on the Chennai National Highway. The bus lost control after a front tyre burst, causing a head-on crash. Injured victims were treated at hospitals, while police investigate the incident.
- India News
- 1 min read
Chennai: Seven people were killed in a horrific road accident near Tittakudi in Tamil Nadu’s Cuddalore district on Tuesday after a government bus collided with two cars on the Chennai National Highway.
According to police, the state-run bus was travelling towards Tiruchirappalli when its front tyre suddenly burst, causing the driver to lose control. The bus veered into the opposite lane and crashed head-on into two oncoming cars, leading to the fatal impact.
All seven victims are believed to be occupants of the cars and died on the spot due to the severity of the collision. Several others sustained injuries and were rushed to nearby hospitals for treatment.
Police and fire and rescue services reached the spot soon after the accident and are engaged in rescue and relief operations. Traffic movement on the highway was severely affected for several hours as emergency teams cleared the wreckage.
Advertisement
A case has been registered, and authorities are investigating the exact circumstances that led to the accident.
Advertisement
Get Current Updates on India News, Entertainment News, Cricket News along with Latest News and Web Stories from India and around the world.","1594","CBMiugFBVV95cUxNa3FLN3FGZ2dscWtzczlqYjhPM0hoZmo3MUxXcUtvVHdpMi1PWUFyOGNzdXlpWFNxVU1lcnRSMUtTSzN5SHJEYW96Z0x4T0hBckRZNmIyb2dQWHZMZmxtWmdDeVk0U0lXRlQ1R0lPTG1leXRyeDk3d3lCSlNRMk5Xa0tGc1ZMek9jVmpFUzBKOE5HLXRpNlBtVU8ycmVDQndVQjl1b0xVUWFoZUhHZmdva2hZNjN1RlZZZ3fSAb8BQVVfeXFMUHRvN3FOUlM5UzltSTJkeEpPZjg4MXlHSUNUaVY5Y1JmQ25oYmNpY2N5aG5ueGVvbllWQjIyNkVLQnN4NEpuWVJVWnFKMkZncEt3QnZNMXN2dnpzbjd1Y0VtSlo4S2RaQ0hWWExWczNGM2tzdWdVZkZ6ejFTcUpqM1l2c3lreW1EamFhRnI5SFFHNGJaR09YQmdwd21zRVVRcE5ITEw4VnRfUHZpdUZEcFNEQXhmVVV4Z0hacmVVM1U","",,"2025-12-24T08:00:00+00:00","""bus collided"" ""Tamil Nadu"" after:2024-12-31 before:2026-01-01","true","2026-09-24T18:50:36.190768+00:00","google-news","republicworld.com","Republic World","Bus Tyre Burst Triggers Fatal Crash in Tamil Nadu’s Cuddalore District, Seven Killed Republic World","Bus Tyre Burst Triggers Fatal Crash in Tamil Nadu’s Cuddalore District, Seven Killed - Republic World","https://www.republicworld.com/india/bus-tyre-burst-triggers-fatal-crash-in-tamil-nadus-cuddalore-district-seven-killed"
,"https://freepressjournal.in/india/tamil-nadu-road-accident-9-killed-after-tyre-burst-causes-chennai-bound-govt-bus-to-veer-into-oncoming-traffic-in-cuddalore-video-surfaces",,"Cuddalore (Tamil Nadu): Nine persons were killed near here on Wednesday after a government bus swerved to the opposite side and collided with two vehicles, police said.
The bus changed direction due to a tyre burst, they said, adding 4 persons, including 2 children sustained severe injuries and they were being treated at state-run hospitals.
Tamil Nadu CM MK Stalin Expresses Shock Over The Incident
Chief Minister MK Stalin expressed shock over the deaths and conveyed his condolences to the bereaved families.
He directed the authorities to release from the CM's Public Relief Fund Rs 3 lakh to the families of each of the deceased. Also, the injured persons will receive Rs 1 lakh each, the government said in a statement, adding that of the dead, 5 were men and 4 were women.
The chief minister has ordered officials to ensure best care to the injured in the government hospitals.
A Chennai-bound state-run bus from Tiruchirappalli, while proceeding on the national highway near here, changed direction all of a sudden when a tyre burst and moved to the opposite direction after climbing onto the road median.
""The bus collided head-on with 2 vehicles (a SUV and a car) that were proceeding towards Tiruchirappalli from Chennai; 7 occupants of the 2 private vehicles were killed,"" a district police official told PTI, adding a number of people have been injured.
(Except for the headline, this article has not been edited by FPJ's editorial team and is auto-generated from an agency feed.)","1495","CBMihwJBVV95cUxPQjRjMS1zZzN2R3plWU5lWnU3WTBkMGFsQlBfVVlJRFRfVUxxczJNYVFIM3FrM3Q3bDlsYXJXTFFiaWJtS0ZVWnNFdkdJLWFfNGZHUE1JdWlJQnVISzRNMnh3eHdqUGhkYkZjSmNfek9FbXhYWmRaNVRSbFdjbjdUaG0tUHdETFlCMDB1b1V1czI0WnpDM3c1Nzd4MF9IamV6LXBWTXJ0YmtLX0FPckJXOVpQU0FxSjRhMEhod0lSYjBYdDhXVUZMTHM3dlVwbGd3ZVVqNDItT09TcVhhOFRCWkM3ZU5OSUZuQjFxbm56Z1VqclE2c2pLdXZpel9IYk5hMzYtZGg2Z9IBjAJBVV95cUxOTGZrbS1LNk9GRTB4LWhqanFSUlJENzhxckZGT0owRVlLQi1xMWxVX09VYjJZQlJwOVgzM0FIeDJWMXlvaTIyYjJpMWxmcGtpQWdnblMyVGtOcm9NTXVwdTNicVE1QWJQMXkzNU03aV8tNmhlUzU0NzFvZ2EwQUVYeGdsNGJsdF9zd3U5SEFxVjFtQzgwU0VmVmdSVjlrSGVQTERmYWw0WWpPUk5WQl9VVjA3ZXEzRTNiSVpsWVNlVjZaYnJwTlRhYXh1X0NsWVRya1U1ekxtU2c5YzJFMEVCcXlGa2hNTFpCWFNCS0tKSzlGdFI0R2NHZ2xkT0QxN2MtQkFXZ19PN0kwSnJE","",,"2025-12-25T08:00:00+00:00","""bus collided"" ""Tamil Nadu"" after:2024-12-31 before:2026-01-01","true","2026-09-24T18:50:36.190858+00:00","google-news","freepressjournal.in","Free Press Journal","Tamil Nadu Road Accident: 9 Killed After Tyre Burst Causes Chennai-Bound Govt Bus To Veer Into Oncoming Free Press Journal","Tamil Nadu Road Accident: 9 Killed After Tyre Burst Causes Chennai-Bound Govt Bus To Veer Into Oncoming - Free Press Journal","https://www.freepressjournal.in/india/tamil-nadu-road-accident-9-killed-after-tyre-burst-causes-chennai-bound-govt-bus-to-veer-into-oncoming-traffic-in-cuddalore-video-surfaces"
,"https://kalingatv.com/nation/five-dead-and-several-injured-after-bus-collided-with-van-in-uttar-pradesh",,"Five dead and several injured after bus collided with van in Uttar Pradesh
A major road accident in Uttar Pradesh’s Lakhimpur Kheri district left five people dead and ten others critically injured on Sunday morning.
Uttar Pradesh: In a shocking incident, five people were killed and ten others critically injured when a state roadways bus collided with a van in Lakhimpur Kheri district on Sunday morning. The accident occurred near Oil town on the Lakhimpur- Lucknow highway.
According to the reports, construction work on one side of the road had narrowed the stretch, forcing two-way traffic onto a single lane. During this time, the bus traveling from Lakhimpur to Lucknow crashed head on into the van coming from Sitapur.
The impact of the collision was severe. The van, designed to carry seven passengers had 15 people inside. Five of them died on the spot, while ten sustained serious injuries.
The injured were taken to the district hospital and six were later shifted to the Lucknow Trauma Centre for advanced treatment.
District officials, including the District Magistrate and Superintendent of Police reportedly visited the hospital to oversee treatment and meet the families.
Further, authorities confirmed that compensation would be given to the victims’ families and that steps would be taken to reduce accident risks on the stretch.
Additionally, police stated no passengers on the bus were injured. The van was overcrowded but not a private vehicle.","1466","CBMipwFBVV95cUxOV0lIM2NhOV9tNy1RMXZ6a1lrTjJEUnNmT1lOZ0MwQnBBQmd4dzNGUXdIUXhRX2VkYjlJVDNITkItVm5tcW4wQVpJUGdGdHBhcGRkTGNqbzRiMl8zVGQtZ0JjRUY1V3lZWFRIVHpibGVSbjNYUzVLNFloa1VyaXNYbmpSdGlOekM3QnJIdDJMenlOV0NWVnRMdkxUa2xueXBzUG1LNW4tOA","",,"2025-09-29T07:00:00+00:00","""bus collided"" ""Tamil Nadu"" after:2024-12-31 before:2026-01-01","true","2026-09-24T18:50:36.190933+00:00","google-news","kalingatv.com","KalingaTV","Five dead and several injured after bus collided with van in Uttar Pradesh KalingaTV","Five dead and several injured after bus collided with van in Uttar Pradesh - KalingaTV","https://kalingatv.com/nation/five-dead-and-several-injured-after-bus-collided-with-van-in-uttar-pradesh/"
,"https://etvbharat.com/en/!state/five-killed-over-30-injured-in-bus-lorry-collision-near-tamil-nadus-tiruttani-enn25030705871",,"4 Killed, 20 Injured In Bus-Lorry Collision Near Tiruttani; Tamil Nadu Govt Announces Financial Aid
Over 20 injured were rescued and hospitalised, with critical cases sent to Chennai. Police are searching for the tipper lorry driver who fled the scene.
Published : March 7, 2025 at 9:18 PM IST
Tiruvallur (Tamil Nadu): Four people were killed when a government bus and a tipper lorry collided head-on near Tiruttani. The Tamil Nadu government has announced financial assistance of Rs 3 lakh each to the families of the deceased.
A government bus (Route No. 48) was travelling towards Tiruttani from RK Pettah on Friday evening, while a tipper lorry was heading towards Sholingar from Tiruttani in the opposite direction. As the vehicles approached the KG Kandigai area, they collided head-on, leading to a fatal accident in which four bus passengers died on the spot.
More than 20 injured were rescued with the help of the public and shifted by 108 ambulances to Peerakuppam Primary Health Centre and Tiruttani Government Hospital for treatment. Six of them, including five men and one woman, were later shifted to Tiruvallur Government Hospital for further medical care.
On receiving information about the accident, Tiruttani police reached the spot and launched rescue operations. A case has been registered, and an investigation into the cause of the accident is underway. Authorities are also searching for the driver of the tipper lorry, who fled the scene. The front portion of the lorry, which was stuck inside the bus, was removed using two JCB machines.
Hospital Chief’s Statement
Speaking to reporters, Revathi, the Chief of Tiruvallur Government Hospital, said, ""We prepared 40 beds at the hospital to treat those injured in the accident. Doctors from all departments are ready to provide necessary medical care. Two severely injured are undergoing treatment in the emergency department, while four others are in the yellow zone ward.
Those receiving treatment at the Tiruvallur Government Hospital include Saravanan (53), Arasu (21), Dhanush (30), Neelavathi (38), Bhuvanesh (13), and bus driver Srinivasan from the Ammaiyarkuppam area.
Tamil Nadu Government Announces Financial Aid
Tamil Nadu Chief Minister MK Stalin expressed his condolences to the families of the deceased. In an official press release, CM Stalin stated, ""I am deeply shocked and saddened to hear about the tragic loss of four lives in the accident. The deceased have been identified as Pandurangan (60), Sivanandham (53), Mahesh (40), and Murali (38) from Ammaiyarkuppam, Tiruvallur district.
""I have also instructed officials to ensure special treatment for the 20 injured individuals receiving medical care at Tiruttani Government Hospital. As a measure of support, I have ordered financial assistance of ₹3 lakh each to the families of the deceased, ₹1 lakh each for those seriously injured, and ₹50,000 each for those with minor injuries from the Chief Minister's General Relief Fund.""
Read more: Three TN College Students On Excursion Die After Bus Turns Turtle Near Munnar","3062","CBMixwFBVV95cUxPM1RKZGNnUzRKblNFVkkwRzZaMC1YVFMxejlVT2prR2c4dVhUTGJ0ejY0UVYyamNTVE9uUkRVZUNUZ0hjdlVXa1paV1htUkNicmlyakdKNFZQZ2FLdFlYQjJudG1aRkJOaHBBUXlHTWFSZW9ubVZmbjh2SHZPLS1tMVNEVk1nUWxLQVFXTXVSWHIycDJ4eDl6dUVCY3ZLMzNVZkdpRFA1QUx6VC1MOG9nZjkzTFlBYlNWQVhLWDRUWnNDXzAySTVz0gHMAUFVX3lxTE1fMGQtWHpBNnVRdDJvNDdiMFZPaXcydkVYV09rb2dDeHRVemFkZXpNOGtKUE1pNl8yWjhtZjZwZmFCaFVTZy1KcE1oeldnN1VIcE5aQ1JKQjdtc1ZUQ0pVeDVtZWE0Z3dpOC02YnFCR0xDVUtvLUlnWV9Pam9NOW5LXzBnZjdaUmRPYXVkQ3FZQS1iR096T3VxLWJBWWJRSFEwMVRONG9sdkVlSE00aGZ1RnNsX1A5NGIzdHBJNVRJN1MtdExWRnZ5LUpaSw","",,"2025-03-07T08:00:00+00:00","""lorry collided"" ""Tamil Nadu"" after:2024-12-31 before:2026-01-01","true","2026-09-24T18:50:36.541629+00:00","google-news","etvbharat.com","ETV Bharat","4 Killed, 20 Injured In Bus-Lorry Collision Near Tiruttani; Tamil Nadu Govt Announces Financial Aid ETV Bharat","4 Killed, 20 Injured In Bus-Lorry Collision Near Tiruttani; Tamil Nadu Govt Announces Financial Aid - ETV Bharat","https://www.etvbharat.com/en/!state/five-killed-over-30-injured-in-bus-lorry-collision-near-tamil-nadus-tiruttani-enn25030705871"
,"https://timesofindia.indiatimes.com/india/tipper-collided-gravel-fell-on-bus-20-killed-in-telangana-bus-tragedy-how-the-fatal-crash-unfolded/articleshow/125049041.cms",,"NEW DELHI: 20 people were killed and several others injured after a tipper lorry collided head-on with a state-run bus in Telangana’s Ranga Reddy district on Monday morning. The bus, belonging to the Telangana State Road Transport Corporation (TSRTC), was travelling from Tandur to Hyderabad when it was struck by a gravel-laden truck near Chevella.
According to police, the truck was coming from the wrong direction at high speed when it rammed into the bus, crushing its front and spilling gravel over the vehicle. The impact left passengers trapped inside, prompting a large-scale rescue operation involving earthmovers and emergency personnel.
 Deadly Collision on Hyderabad-Bijapur Road: 19 Killed After Truck Rams Into RTC Bus Near Chevella
Officials said among the dead were ten women and the bus driver. The injured were rushed to nearby hospitals and later moved to Hyderabad for specialised treatment. Chief Minister A Revanth Reddy expressed grief over the tragedy and ordered an immediate investigation into what went wrong, directing all departments to coordinate rescue and relief efforts.
All you need to know about Telangana bus crash
- The accident occurred near Khanapur Gate under Chevella police limits in Ranga Reddy district early Monday morning.
- Police confirmed that the tipper truck, carrying gravel, was coming from the wrong side of the road when it collided with the TSRTC bus.
- The bus was travelling from Tandur to Hyderabad and reportedly had around 72 passengers on board, according to preliminary information from the conductor.
- The force of the collision caused the gravel to fall onto the bus, trapping many passengers inside the mangled vehicle.
- Rescue teams used earthmovers to clear the debris and pull out trapped passengers, with several rushed to nearby hospitals in critical condition.
- Chief minister Revanth Reddy instructed Chief Secretary K Ramakrishna Rao and DGP Shivadhar Reddy to carry out relief operations “on a war footing.”
- Transport minister Ponnam Prabhakar said, “Around 20 people died, around 20 are getting treatment in the hospital, 3 are critically injured.”
- A control room was set up in the state Secretariat, and ministers along with senior officials, including the RTC Managing Director and the Fire Services Director General, were sent to the crash site.
- Prime Minister Narendra Modi expressed his condolences, calling the incident “deeply saddening,” and announced an ex-gratia of Rs 2 lakh for the next of kin of each deceased and Rs 50,000 for the injured from the PMNRF.
- State officials have ordered a detailed probe into the crash, with authorities verifying whether overloading or speeding by the truck driver contributed to the deadly collision.","2733","CBMi-gFBVV95cUxQeDMtOXJyV0ZyNm1Yb3kxWnhocTc3U2JtTHNVUlJDQVJlZEExOHRnOG8zbElaLUU0T09Qa29oekdFX1hfUG5Dd3V3UllCejRFcXk5dzdoZHRaWnhnbDlEZnVPRURZTk12LXhyeU5JTmZRSHprXzhPVTFyRVpYd0VLQ1NYcHo5S3AyOXdqNFpVVWZuNy0xbnhKaFF1Zmk2QVprM180bUJaU2I4ZW9qUmloSzk0aVRYbkVKRXc0ZHBHelJUR3lhQ3RiNkpQZEpzbHhSVG1oRzk3cC1NRDExWDAxMXNkczVGRGNQNWExUWZxS0tiejVGYlNzSkx30gH_AUFVX3lxTE1sNml4UHdtUTVmNWFXbUlNNzRoNnpzVXZjcG80STFxSER0NXVadFhGMUhfSWdCSTdkRG1KNWRKSDAxRnB4eW83V1ZZZzVROTdPemV5TDI0NWU4MUltTHllazh1cDdWdEpZZVZ4dTNaZklmNGdFM2s5YmkxSWw4V3VIS29hekVIZXNvM1RmVzU1Rlk3ZHhrbm03SG9SS3o3UmdEQW85dVNPdm9ULXdwTTlXb3U0ci1NamxSbUNUTTFoTTcwSml2bGcwb25NNUxWMkcyQW5LWEV1YnBGalI5QjdmUDdmZ0RWUF9JNlFFQVloZ2toeTFVYUFtMVAzWXlnRQ","",,"2025-11-03T08:00:00+00:00","""lorry collided"" ""Tamil Nadu"" after:2024-12-31 before:2026-01-01","true","2026-09-24T18:50:36.541800+00:00","google-news","timesofindia.indiatimes.com","The Times of India","'Tipper collided, gravel fell on bus': 20 killed in Telangana bus tragedy; how the fatal crash unfolded The Times of India","'Tipper collided, gravel fell on bus': 20 killed in Telangana bus tragedy; how the fatal crash unfolded - The Times of India","https://timesofindia.indiatimes.com/india/tipper-collided-gravel-fell-on-bus-20-killed-in-telangana-bus-tragedy-how-the-fatal-crash-unfolded/articleshow/125049041.cms"
,"https://newindianexpress.com/states/tamil-nadu/2025/Mar/08/four-killed-32-injured-as-lorry-collides-with-government-bus-in-tiruvallur",,"CHENNAI: Four persons travelling by a government bus were killed and 32 others sustained injuries when a tipper lorry collided head on with the vehicle at KG Kandigai near Tiruttani in Tiruvallur district on Friday.
The deceased have been identified as S Pandurangan (60), S Sivanandham (53), K Mahesh (40) and P Murali (38).
According to sources, the government bus was travelling from Mahankalikapuram to Tiruttani, and when it neared KG Kandigai around 3.30 pm, the lorry coming from the opposite direction crashed into it. Police sent the bodies to a government hospital for postmortem.
“Drivers of the bus and the lorry, and the bus conductor sustained minor injuries. A case will be booked after an inquiry with the lorry driver,” a police officer said.
Traffic in the area was disrupted for over an hour.
Chief Minister M K Stalin condoled the deaths and announced a solatium of Rs 3 lakh to the families of the deceased, Rs 1 lakh to the grievously injured, and Rs 50,000 to those who sustained minor injuries.","1018","CBMi0wFBVV95cUxNVi11MDBldExTMW9sV1JUVERjenJkVU5MWkM0Q0RiaThRYkR2X2ExRVdWemh0U2JDTXVnamtkOHEteW16ZHFpN0hMOEZEczhRN044OHhMZlVMb1lKNzVRUF9PY0FXNWVjSGxQM2FSY3JlemVKVHIxSzNrLTVnVFVSZ29vbEJSSW1WTVk2ZjRRMlR0eUxsQnhIZko2RmtOMmVOb1ZHMTRLSXd5UHdzVlI2UGNuWVZGZl96anJjZFVtQ1Z4RmM3WmE0ZURxVW1VMkF0Q0pR0gHgAUFVX3lxTFBhX3lpV3JuZzQ1VzlfaXUtQklpOHNPMjZqbXBVQ1pjeEJSdU9EOFNpYzZOaW9CLUpkN3BMejc5UWpzOEowNndVT2tWc1V0cGEyR3NTQUdfMmlBMUpDSlZUS1RtaGc5VGVLbEp2UTZWTlI5cVpaUy1OeEJUQ2ZxYjVUdHBXRnNZMDQzeUFLWURiY0c5TnlJSlNVV0U4ZXNOWG4wWjNNZEY3YWJSRVdkcnNhWUczZjg2U0NHVHRjTWk2ZlIxZ3VJc2w3eVNTN2E2QmF3bzlEMzRBM09Ldm0ta3Rl","",,"2025-03-08T08:00:00+00:00","""lorry collided"" ""Tamil Nadu"" after:2024-12-31 before:2026-01-01","true","2026-09-24T18:50:36.541882+00:00","google-news","newindianexpress.com","The New Indian Express","Four killed, 32 injured as lorry collides with government bus in Tiruvallur The New Indian Express","Four killed, 32 injured as lorry collides with government bus in Tiruvallur - The New Indian Express","https://www.newindianexpress.com/states/tamil-nadu/2025/Mar/08/four-killed-32-injured-as-lorry-collides-with-government-bus-in-tiruvallur"
,"https://newindianexpress.com/states/tamil-nadu/2025/Jul/24/dmk-functionary-killed-as-lorry-rams-mtc-bus-crashes-into-atm-kiosk-in-guduvanchery",,"CHENNAI: A 45-year-old DMK functionary died after a lorry collided with an MTC bus and crashed into an ATM kiosk at Guduvanchery on Wednesday. The victim, who was standing outside the kiosk, was crushed to death.
Five passengers, including the driver and conductor of the MTC bus, sustained injuries.
The deceased, Ramprasad, was a resident of Guduvanchery and a DMK ward secretary. He was heading for a meeting and was standing outside the GST road ATM kiosk near Srinivasapuram when the accident occurred.
The Tambaram Traffic Investigation Wing said the lorry was heading towards Tambaram from Chengalpattu when the driver lost control of the vehicle and collided with an MTC buswhich was making a turn.
The lorry driver, identified as Senthil, has been arrested. A case has been registered.","794","CBMi3wFBVV95cUxOLXNwWnJSbldmTXJidGV5Sk1KamlKenJtYjlrQUM3Q0Z4Z1ZIaTIzenMyTTVaa05jNDJGMEE4WnpTLVNudV9hUGxlOUNxdEZfeE5yRWxyeUxWRmpxMl9JLTFnSmliRVlIbTd2OFBMVEJ3N0Z3NzFEUWlsZ2RRTktUNzZ4WlNIeFh1cUZ6dDNPdE5vVHlSR202QVpOQmQyRlZSSDNZZnNsWVVWdU1teE1xVDdXYUIxVURTTmlYLXBLakl4bngwLVJQQ3d5OS1id3hBNFE4bk4zTFFpTVpzTUtr0gHsAUFVX3lxTE5RaFRaOHh6NXI3c0RnTTRwbGJXQXdUZXdwZ2FUd0Z2Yld6MkxDcjFkS2g3QlRTZUt6ZDV1c1l0dWR0MGlIalEtVks3aC1vMFd2dUJzOHBWVUdKNGhMVmFzOFhOM2YzODRGcjFRMzMxVVQzeVhGaFdwVUNrLTRqcmQwYloyTnAtN212OUxRMGdpbXRrWTRRVWplRWE0OVZKbkUzdDF3MlNRYmxseWxIR0NHeGltWkFsRjY4RmNUWXgwOU9LaE0tUEJuaWNaWHZFZVlnVEFMVGVfUWlRb3ZvaGxDNVItRS05Y3Jab2dP","",,"2025-07-24T07:00:00+00:00","""lorry collided"" ""Tamil Nadu"" after:2024-12-31 before:2026-01-01","true","2026-09-24T18:50:36.542117+00:00","google-news","newindianexpress.com","The New Indian Express","DMK functionary killed as lorry rams MTC bus, crashes into ATM kiosk in Guduvanchery The New Indian Express","DMK functionary killed as lorry rams MTC bus, crashes into ATM kiosk in Guduvanchery - The New Indian Express","https://www.newindianexpress.com/states/tamil-nadu/2025/Jul/24/dmk-functionary-killed-as-lorry-rams-mtc-bus-crashes-into-atm-kiosk-in-guduvanchery"
,"https://timesofindia.indiatimes.com/entertainment/malayalam/movies/news/actor-shine-tom-chackos-father-dies-in-car-crash-shine-injured/articleshow/121664114.cms",,"Popular Malayalam actor 
Shine Tom Chacko
 was injured in a road accident near Salem, Tamil Nadu, that claimed the life of his father, C.P. Chacko.
As reported by Manorama Online, the family was reportedly travelling from Ernakulam to Bengaluru around 10 PM when the accident occurred around 6 AM near Salem. Shine and his family were on their way to Salem for medical treatment following an earlier course of treatment in Thodupuzha.
Truck Rams Car; Multiple Injuries Reported
According to preliminary reports, a lorry veered off its lane and rammed into the car in which Shine and his family were travelling. Shine’s father, who was seated in the middle row alongside his wife, sustained critical injuries and later succumbed to them at the hospital. Shine, who was asleep in the back seat during the crash, suffered an injury to his right hand and may require surgery. His mother, brother, and the assistant who was reportedly driving the vehicle received minor injuries and are currently receiving treatment at a hospital in Dharmapuri.
Actor Shine tom Chacko gets candid
According to reports, Shine’s brother was seated in the front with the driver, while their parents occupied the middle seat. Shine Tom Chacko was reportedly resting in the rear seat when the lorry suddenly collided with their vehicle.
Questions Remain Over Identity of Driver
While initial reports indicated that the assistant may have been driving the car, some confusion persists regarding the exact identity of the person behind the wheel at the time of the crash. 
Additionally, there are unverified reports that another individual was also present in the vehicle. Authorities are yet to release a confirmed statement on the details of the driver and the cause of the accident.
Work front
Meanwhile, on the work front, Shine Tom Chacko was last seen in the film 'Alappuzha Gymkhana' which turned out to be a superhit. The actor was also seen in the Ajith Kumar starrer 'Good Bad Ugly' where he played a cameo role and received much praises from the audiences. Shine Tom Chacko also played a major role in the Mammootty starrer game thriller movie 'Bazooka' which was directed by the debutant Deeno Dennis.","2185","CBMi8gFBVV95cUxQUDIwSmF5YzNNTlVjUUFWdW9Mcm0yeF9ULXlFZWM4dlVwYnRaUmhCZkJicC01YVNNSUxTY2N6R2FHRW9uSDZRWlRLV3dzOWUwVFlMQ0Q2R3NGc2x0cEkwOTI3VkVEYm8wWm44OFpPcWNDUEZwUEpkN3RzSExyZ1FnUFp0TkZhU2F5X1dxcVdGX294czJnMzNSbjFEeDNBQklOS3BDX01GSkhuUXlyUmJKSGxYTE5oNHMySHpsbnNxNDI5YjZucmtXczZWdUROdWlNVm43OUkzczJOZ1BHWHV2VU1IaXFGbU1zSi1NUFFnQTl0Z9IB9wFBVV95cUxNd2VrSjRyRDZ4cjE3NnVwb3BOZjJlbVZfYWU1WXp4ZlgtUk5oYzNuX2lJaldPTFVNZzFuV3dZc0tWTGFSamJUeEVtdHdER2dXWFVERzBvVEExOXVJdS1lY2lUakZ6NlpjY2NQc0J6S3liUks3OGhWR3NKdFBOVWRHSUVMejctQTdlMlVGRmNCVnRDcWI5RmE5OXVBS0g3a3ZRaWF1clRnUF94anQ1dE51RkJ6bWhkZHhWX0I3MFBNSEZTUlZfVXVfVFVia0ZUUlRTY3NGR3Z5Q0dqcnBXclE5VnJsMHIxdGFiM2N1OERoUWRpdjFOdzhR","",,"2025-06-06T07:00:00+00:00","""lorry collided"" ""Tamil Nadu"" after:2024-12-31 before:2026-01-01","true","2026-09-24T18:50:36.542197+00:00","google-news","timesofindia.indiatimes.com","The Times of India","Actor Shine Tom Chacko’s father dies in car crash, Shine injured The Times of India","Actor Shine Tom Chacko’s father dies in car crash, Shine injured - The Times of India","https://timesofindia.indiatimes.com/entertainment/malayalam/movies/news/actor-shine-tom-chackos-father-dies-in-car-crash-shine-injured/articleshow/121664114.cms"
,"https://english.mathrubhumi.com/news/kerala/14-injured-after-bus-collides-with-lorry-in-thrissurs-pannithadam-jmdmwnbe",,"The incident occurred at 01.30 am on the Akkikavu bypass, bus driver critically injured
Thrissur: Fourteen people were injured when a KSRTC bus and a lorry carrying fish collided in Pannithadam junction on the Akkikavu bypass in Thrissur on Thursday morning. The bus driver’s injuries are critical, according to media reports.
The accident occurred in the wee hours of the day, at 01.30 am. The KSRTC bus was travelling from Calicut to Kumily, Idukki, when the collision occurred. The lorry had loaded fish from Kunnamkulam and was headed to Alathur.
Following the accident, the two vehicles rammed into a nearby shop. The front side of both vehicles were completely destroyed in the process. The injured have been admitted to a private hospital in Kunnamkulam.
Accidents have become a regular occurrence after the bypass was renovated. A similar incident took place recently when a fish lorry collided with another lorry. Temporary arrangements have been erected on the bypass to enable motorists to control speed while driving and prevent accidents. However, lack of such safety measures on the Wadakkanchery-Chavakkad State Highway poses problems at present.
Published: 03 Jul 2025, 10:44 am IST
Get Latest Mathrubhumi Updates in English
Disclaimer: Kindly avoid objectionable, derogatory, unlawful and lewd comments, while responding to reports. Such comments are punishable under cyber laws. Please keep away from personal attacks. The opinions expressed here are the personal opinions of readers and not that of Mathrubhumi.","1530","CBMiugFBVV95cUxOZGhubmdXQ3lmbkNMTlFRSzJCWGZWZ29nODdxNnhLX3FBdTQ1cTlWUXE0Wm1BM09wTDA3cndfZTRycjNqa29SekxkVmRYRWExTlVGUUZPWFpJRzNwLUx6TkwxQW1mNExhT2M5V2JJdml6RDNXMS1MdXhRNVVSenNDY0pDZFh1TXJMT0g4VlQxRUxkWF91SjZjWnBpbDVUZ2VYeDdLVmN2c3F0MHJTOEhWaEEwTmV5Smp4NnfSAb8BQVVfeXFMT2Fuby1GaDRGdjlGZy1PUF9RTkotRDNXUWZjWHEydVNDUi1RUGdUMHcxdTZzdm85VWoyd0dzOUx6ZHcwc3dhcVdLWDBoWkI0UlVsOUVkNzRfeXJ1NzliSWhGOWpycG1iRFZCM0swUjFmaFcyZng3bkhWNTBWcjhob0xGMThMS3N5NEdXclgtWnY2eERlQ0lhcnkzTzlON3luZkRUTzE0Nzl2Z1N0b05WSGtPTmlfZ2d1YkxvbC0yWXM","",,"2025-07-03T07:00:00+00:00","""lorry collided"" ""Tamil Nadu"" after:2024-12-31 before:2026-01-01","true","2026-09-24T18:50:36.542347+00:00","google-news","english.mathrubhumi.com","Mathrubhumi English","14 injured after bus collides with lorry in Thrissur’s Pannithadam Mathrubhumi English","14 injured after bus collides with lorry in Thrissur’s Pannithadam - Mathrubhumi English","https://english.mathrubhumi.com/news/kerala/14-injured-after-bus-collides-with-lorry-in-thrissurs-pannithadam-jmdmwnbe"
