"author","canonicalUrl","country","fullText","fullTextChars","guid","imageUrl","language","publishedAt","query","resolved","scrapedAt","source","sourceDomain","sourceName","summary","title","url"
,"https://timesofindia.indiatimes.com/city/kochi/eight-engineering-students-from-tamil-nadu-killed-in-road-accident-in-kerala/articleshow/133791406.cms",,"Thrissur: Eight engineering students from Dindigul in 
Tamil Nadu
 were killed when the car in which they were travelling rammed a parked truck at Kaipamangalam-Panambikunnu in the coastal area of Thrissur around midnight on Friday.
The victims were a mix of mechanical and civil engineering students from PSNA College of Engineering and Technology, Dindigul, as well as their friends. They were reportedly on a pleasure trip to 
Kerala
.
The names of six of the victims have been identified. They are Santhosh G (20), son of Gurukula Krishnan of Sathyapuram, Navinipatti, Melur, Madurai; Prasanna R (20), son of Ramkumar of Ramnod Main Road, Viraganoor, Madurai; Viswa V (20), son of Vasanth Kumar of Puthunalla Goundarpatty, Salem; Surya I (20), son of Iyyappan of Valakkaipatti, Adiyanuthu, Dindigul; Yuvasanjith K (21), son of Karthikeyan of Anna Nagar, Dindigul; and Joshua (20), son of Johnson of Madurai.
The other two deceased are yet to be identified, police sources said.
The car was completely crushed in the accident. Local residents, police and fire brigade personnel carried out rescue operations. Portions of the mangled vehicle had to be cut open to extricate some of the victims. Parts of the victims’ bodies were found strewn around the accident site.
According to reports, seven of the occupants of the car died on the spot, while the eighth died while being taken to hospital. 
All the bodies have been shifted to the Thrissur Government Medical College Hospital.
The mishap occurred adjacent to a flyover along a stretch of the National Highway where road construction activities were under way.
Kerala Sports Minister O. J. Janeesh and Kaipamangalam MLA K K Valsaraj blamed NHAI authorities for failing to take effective measures to prevent accidents on the highway, where construction work was under way. The illegal parking of the truck during the night without proper warning signals also contributed to the accident.
Thrissur Rural SP Mohammad Nadeemuddin said the truck driver was absconding and that steps had been taken to apprehend him. The owner of the truck, which had a Maharashtra registration, has been identified.
The MLA alleged that there were no proper road signs or adequate lighting in the area. Janeesh alleged that NHAI officials were not implementing the various safety measures suggested by the state government during review meetings.
“There is only one NHAI officer overseeing the construction work on this long stretch of road. The officer has failed to attend review meetings on several occasions and has also failed to implement the safety measures agreed upon during the few meetings he attended,” the Minister alleged.
District Collector Sikha Surendran, who visited the medical college hospital, said the state government would make arrangements to transport the bodies to Tamil Nadu.
“I have informed the officials in Tamil Nadu about this,” she said.
Agonising scenes were witnessed at the medical college hospital, where relatives of the deceased arrived to identify and receive the bodies. Parents, relatives and friends were seen wailing uncontrollably at the hospital as the post-mortems were being conducted.","3168","CBMi4wFBVV95cUxObmZ0VUlnZml1YWZmX1FnX3dDRk94N3ZNU3pnZkxlU09TQk1iMHN1UXJIMXlMTmU1NmJWNmhydUI1OHJYUUFycGdkUlRidUlycUJiQzBxTmZtY1UyeXhId3BIdlVnYXZnX2JMNldiQXplVVg2cG1TRnZROGgtOFVyLUpONEFLSktMY2ZEVXRmcjFHdElDUndDNjVyTDhxcUliOXVLVUhLeW14MTNvTlRITXRiMk1rMi1oZDktVE9DUWJSM1NldF91UjhrRkM5anY5MjNIUWJ6d3ZkWXAtRXdYcXhfUdIB6AFBVV95cUxQU3FHWUJidVIya1ZwUHY2TlRCaXZCeWxqbFhCQUNwVUtXb09oakxXSVkxXy1LODdXeFVqb0RTdzVyeFVIVW1tT1plUklFMGkwOE9QUTNWdURRc3pWN0NtTzh2bHZLc0Q4RkZTX2RzRTZkSVk2Um5SSkRGVWN1S2xPT2J0U252dEwzM3VUb2wwSmRqR3FFZ3Roczh1LUcwOVEzNENmSjh6TnIyWnFUMzBJcGJTRUFBTkR3RlJycXNDdEdYZEp5WEVVMXk0RTFfMnp5eHJHSGV1UVpRN19Kd3BEUl94NUpWLW5w","",,"2026-09-05T07:00:00+00:00","""road accident"" ""Tamil Nadu""","true","2026-09-24T17:31:45.623668+00:00","google-news","timesofindia.indiatimes.com","The Times of India","Eight engineering students from Tamil Nadu killed in road accident in Kerala The Times of India","Eight engineering students from Tamil Nadu killed in road accident in Kerala - The Times of India","https://timesofindia.indiatimes.com/city/kochi/eight-engineering-students-from-tamil-nadu-killed-in-road-accident-in-kerala/articleshow/133791406.cms"
,"https://telanganatoday.com/eight-tamil-nadu-engineering-students-killed-in-thrissur-road-accident",,"Eight Tamil Nadu engineering students killed in Thrissur road accident
                Eight engineering students from Tamil Nadu were killed when their car collided with a parked lorry on NH-66 in Kerala's Thrissur district. Police said six died at the scene and two were declared dead at a nearby hospital
                
                                        
                    Published Date - 5 September 2026, 09:10 AM 
                 
                                    
                                                
                
                            
Thrissur (Keralam): Eight students of an engineering college in Tamil Nadu were killed in a road accident in central Keralam’s Thrissur district, police said on Saturday.
According to police, the deceased were students of an engineering college in Dindigul, Tamil Nadu, and were travelling from Guruvayur towards Kodungallur along NH-66.
                            
                                            
                
                
    
Police have identified six of the deceased. Four of them — Surya, Yuvasanjith, Vishva and Johua — were from Dindigul, while Santhosh and Prasanna were from Madurai.
Police said the identities of the other two are yet to be confirmed.
The accident occurred at around 11.40 pm on Friday, police said.
The car, which had a Tamil Nadu registration, collided with a Maharashtra-registered lorry parked on the highway at Panambikkunnu in Kaipamangalam near here.
Six students died on the spot, while two others were declared dead on arrival at a nearby hospital, police said.
The youths were pulled out of the car during a rescue operation carried out by residents, fire and rescue personnel and police. Their bodies were taken to the mortuary of Thrissur Medical College, police said.
Kaipamangalam police have registered a case against the lorry driver under Section 105 of the Bharatiya Nyaya Sanhita for culpable homicide.
The lorry driver went into hiding soon after the accident, police said.
According to the FIR, the lorry was illegally parked on the right side of the highway, and the car rammed into its rear.
Police said the lorry was parked near a barricaded section where traffic had been diverted as part of ongoing construction work.
The car was travelling at high speed, and the driver apparently failed to notice the diversion barricade before hitting the rear of the lorry, police said.
Police contacted the families of the deceased using the student identity cards recovered from the bodies. Some of the families were unaware that their children had travelled to Keralam, police said.
Postmortem examinations will begin after the families of the deceased reach Thrissur Medical College, police said.","2744","CBMingFBVV95cUxPZzZjWWo0eFFTaUdaRkRORmttVXJKT3JqR2JvOUJyMGFZaTZQQkttZGd4eGpNMDJsZEdCNEhsRjVHUGN3YjgtaVkzUlYtZld2Q0xjdFNseU94Tl85Y1dKdWgtOElIazFpTjFJX3lZWnNVZEpka1BRSVd0Qng3ZF9qOFp0aVZnaVBsLUlwaEwzQVpOejVfckp4QnRsbWxfUQ","",,"2026-09-05T07:00:00+00:00","""road accident"" ""Tamil Nadu""","true","2026-09-24T17:31:45.623742+00:00","google-news","telanganatoday.com","Telangana Today","Eight Tamil Nadu engineering students killed in Thrissur road accident Telangana Today","Eight Tamil Nadu engineering students killed in Thrissur road accident - Telangana Today","https://telanganatoday.com/eight-tamil-nadu-engineering-students-killed-in-thrissur-road-accident"
,"https://newindianexpress.com/states/tamil-nadu/2026/Aug/10/tamil-nadu-tops-road-accident-chart-for-4th-straight-year",,"CHENNAI: Tamil Nadu continued to record the highest number of road accidents in the country for the fourth consecutive year in 2025, although its fatality rate remained among the lowest, according to data recently tabled in the Lok Sabha.
Replying to a question by Kerala MP Benny Behanan, Union Minister for Road Transport and Highways Nitin Gadkari said the state reported 71,387 road accidents and 18,505 deaths in 2025. While TN topped the country in the number of crashes, its fatality-to-accident ratio stood at 25.9%.
The number of accidents in the state has steadily increased over the past four years, rising from 64,105 in 2022 to 67,213 in 2023, 67,526 in 2024 and 71,387 in 2025. Fatalities also climbed during the period, from 17,884 in 2022 to 18,347 in 2023, 18,449 in 2024 and 18,505 in 2025.
As of April 1, 2025, Tamil Nadu had 3.76 crore registered vehicles, making it the third-largest vehicle-owning state after Uttar Pradesh (5.05 crore) and Maharashtra (3.95 crore). However, both states recorded significantly higher fatality-to-accident ratios of 55.47% and 49%, respectively.
Gadkari said the centre has taken several measures to improve road safety, including mandating speed-limiting devices in transport vehicles, except two-wheelers, three-wheelers, quadricycles, fire tenders, ambulances and police vehicles.
Road safety experts attributed Tamil Nadu’s relatively lower fatality rate to quicker emergency response systems, but cautioned that speeding remains a major concern.
Sivasubramaniam Jayaraman of the Institute for Transportation and Development Policy said, “Highways are designed for speeds of up to 100 kmph, but modern vehicles are capable of travelling much faster.. All vehicles should be fitted with speed-capping devices.”
He also suggested screening drivers for fatigue through random retinal scans, similar to drunk-driving checks.","1879","CBMivAFBVV95cUxPajFPX3NDb2tqZ1V0TVIwSjNIM0NXcERiSy04T3BxZVNXTDR2YXlaXzVlUXlnbnlPb3lzWE5IMVgwVEg1WllvXy1qWEVPQVh2OFVXZmNhd0FFSnUxWTRKR1BsNU9jR2xGcXNEaTRyODY3d2dmZ3RFWHg1RnhTcXBkWkptbWI3Vjl2dmJkYUhJdU1YQ0pXYzluMHRoS2tQR01hcVhLTU5JWGZvNHNQVE43eW9CV1Y4emQ5T0o4MdIBygFBVV95cUxOb0pVclJUQWNDdS1qcEMzcF9ITTk3SWczQ2c1VG1raU9pTkxvQW5uN2JES1JyaGFEV2lTMFFvZlJCOGx5ZmVpUHUxckNsb2NfUnItTXo2M1hEc1NESzRhVWFLbjl0bjRwQ2hvbjZfRnpfSDkwUjQ3dlVFWG9na1VqblVkTFBjNFY2Y1RxdXk3RTlVcWhDY290bHNlak5BdjVFUy0wc3RWakZTMGhOcmtOQ2lRSE1pcFNIdEhPNVdub0FEcUViZUlrdUx3","",,"2026-08-10T07:00:00+00:00","""road accident"" ""Tamil Nadu""","true","2026-09-24T17:31:45.623802+00:00","google-news","newindianexpress.com","The New Indian Express","Tamil Nadu tops road accident chart for 4th straight year The New Indian Express","Tamil Nadu tops road accident chart for 4th straight year - The New Indian Express","https://www.newindianexpress.com/states/tamil-nadu/2026/Aug/10/tamil-nadu-tops-road-accident-chart-for-4th-straight-year"
,"https://deccanchronicle.com/southern-states/tamil-nadu/tamil-nadu-assembly-to-discuss-thrissur-accident-decision-on-compensation-likely-1985269",,"Tamil Nadu Assembly to Discuss Thrissur Accident, Decision on Compensation Likely
The accident happened late on Friday night when a car carrying eight people, including students of an engineering College from Dindigul district in Tamil Nadu hit the rear of a parked lorry on the highway at Panambikkunnu in Kaipamangalam
Thrissur: The state Assembly would discuss the road accident in this district that claimed eight lives and a decision on compensation for the bereaved families would be taken, Tamil Nadu Minister S Rajesh Kumar on Sunday. The accident happened late on Friday night when a car carrying eight people, including students of an engineering College from Dindigul district in Tamil Nadu hit the rear of a parked lorry on the highway at Panambikkunnu in Kaipamangalam.
Speaking to reporters here, the Tourism Minister said that it was a sorrowful incident.
""This is a very sorrowful incident for me. The (Keralam) government intervened, conducted the post-mortem here and handed over the bodies. The Tamil Nadu government has been informed,"" he said.
As the TN Assembly is currently in session, details of the incident and the government's next steps for the affected families would be reported in the House on Monday, he said.
Asked whether compensation would be announced by the Tamil Nadu government, Kumar said a decision would be taken after gathering details about the victims and the circumstances of the accident.
""In the case of such an accident, how they came here, how it happened, after gathering all this information, the government will definitely take action,"" he said.
Asked about the lack of warning boards and poor maintenance on the National Highway, where road work is under way, Kumar said several works were being carried out in coordination with the National Highway authorities.
""Road work is ongoing here as well. Our wish is that such incidents should never happen,"" he said.
""Regarding this incident where lives were lost, we are expressing our sorrow. Either way, they are students from our Tamil Nadu. So, for everyone, as the Tourism minister, we express our deep condolences to all the families,"" he added.","2151","CBMi4AFBVV95cUxNUElVMWFrNHpwNk5ReDNCTmh2SnNZclI2WlFLbmtQTEctY3NvQzlUWnM0RXEyUkt0b3hEemFRVmoyOU5EcnAxbjhWQ0pZWHBPeWU5Unp5LWk2cXVEQlFBcDhnQ3FvQ05TajRUcDdQOGVVQmc0dVNGdFhQS3p2WVVteVRkanNXY1BWaGdwQThoaG1QSjhDTlotVlI5T0RpWFhjN0s3eVB5TGI4R2EybnRRSm1aMW9ESWJXV1BUY2tiYzRIYktScHZWNUpLY05sdExnOGNUYlFtbTZWX1Z2a1ZaNdIB5gFBVV95cUxOenA4VE5DODIxZlpoVmFrQmpUbXNsS3N4S2NOMlRHZ2VnM1ZtRDRvXzM3Y3hNWG03dlcxQkFHMUg1SVpkby04VlhURjVkZm9LRG1XZjZ4V0NlbUpDQUF6bGw5emNyTHV1NWhBN0NMXzB2WWVBVnlwMnVVVWpLRTA1T3NJWjBHQU5BU0l3Y2NpU3BYa2dkak5LMnF3TWotTEdRWlY0djRqLTZ2UjM2SUhVMDB3ZUctZHp4R3NqT3kzVlFIZzhVTHNxQUZxNFBEckp0dDJxaEFhVV9VcmVHQzhxV3Q5MG5udw","",,"2026-09-06T07:00:00+00:00","""road accident"" ""Tamil Nadu""","true","2026-09-24T17:31:45.623858+00:00","google-news","deccanchronicle.com","Deccan Chronicle","Tamil Nadu Assembly to Discuss Thrissur Accident, Decision on Compensation Likely Deccan Chronicle","Tamil Nadu Assembly to Discuss Thrissur Accident, Decision on Compensation Likely - Deccan Chronicle","https://www.deccanchronicle.com/southern-states/tamil-nadu/tamil-nadu-assembly-to-discuss-thrissur-accident-decision-on-compensation-likely-1985269"
,"https://newsonair.gov.in/tamil-nadu-tiruchi-road-accident-claims-three-lives",,"Three people were killed, seven were injured, and three were grievously wounded today when the mini bus in which they were travelling at Tiruchi met with an accident when the vehicle went out of control. The injured have been admitted to the Mahatma Gandhi Hospital in Tiruchirapalli and are being treated by a team of specialists.
Tamil Nadu Chief Minister MK. Stalin announced an ex gratia of three lakh rupees for the families of the deceased and one lakh ex gratia for the severely wounded, and 50 thousand rupees for the wounded. An inquiry has been ordered into the incident.","581","CBMigwFBVV95cUxNNHFuZmJScDdXQldpVEwwVWYyaHc3dF8wUUJGcXNLN1JLRGtvb0J1blhLODlKZnMtUVQ2RTNRR1FrUWkwYUxzT3hQaXltdDc5ZWNpbC1OTG1tazc0WkhTWWhScV83Ym9JS2JxNU9aSWttNEFiZXhGMkk0YktvT1Z4X0xyMA","",,"2026-06-03T22:51:00+00:00","""road accident"" ""Tamil Nadu""","true","2026-09-24T17:31:45.624045+00:00","google-news","newsonair.gov.in","News On AIR","Tamil Nadu: Tiruchi Road Accident Claims Three Lives News On AIR","Tamil Nadu: Tiruchi Road Accident Claims Three Lives - News On AIR","https://newsonair.gov.in/tamil-nadu-tiruchi-road-accident-claims-three-lives/"
,"https://dailypioneer.com/news/eight-tamil-nadu-students-killed-thrissur-road-accident",,"Eight Tamil Nadu engineering students killed in Thrissur road accident
Eight engineering students from Tamil Nadu’s Dindigul were killed when their car rammed into a lorry parked ""illegally"" on NH-66 in Thrissur district of central Keralam, police said on Saturday.
The accident occurred at around 11.40 pm on Friday at Panambikkunnu in Kaipamangalam, when the car, which was travelling from Guruvayur towards Kodungallur, collided with the rear of the Maharashtra-registered lorry, police said.
According to the FIR, the lorry was parked illegally on the right side of the highway near a barricaded section where traffic had been diverted as part of ongoing construction work.
Police said the car was travelling at high speed and its driver apparently failed to notice the diversion barricade before ramming into the rear of the lorry.
Six students died on the spot, while two others were declared dead on arrival at a nearby hospital, police said.
The deceased were students of an engineering college in Dindigul and were travelling towards Kodungallur along NH-66.
Police have identified six of the deceased. Four of them—Surya, Yuvasanjith, Vishva and Johua—were from Dindigul, while Santhosh and Prasanna were from Madurai. The identities of the other two are yet to be confirmed.
The youth were pulled out of the mangled car during a rescue operation involving residents, fire and rescue personnel and police. Their bodies were taken to the mortuary of Thrissur Medical College, police said.
Kaipamangalam police have registered a case against the lorry driver under Section 105 of the Bharatiya Nyaya Sanhita for culpable homicide. The driver went into hiding soon after the accident, police said.
Police contacted the families of the deceased using student identity cards recovered from the bodies. Some of the families were unaware that their children had travelled to Keralam, police said.
Postmortem examinations will begin after the families of the deceased reach Thrissur Medical College, police said.","2014","CBMijgFBVV95cUxQWlkxU2xwWS1ZVmZseWNmRzBpcUcxY3VxYUNIOC1UMjlMT3RjV0dwSE1uMFBVWVZEa1JXS3NYTEx1VzcwMVdScTI0eTNxUDd0TmtneU40RXlkT3BnMEhDb0N5bzhlVW5QLVlZMmZOc3FBczFlOUtrOU9jZHpYb29uX28tZFNPeEJQd1NoYkpn","",,"2026-09-05T07:00:00+00:00","""road accident"" ""Tamil Nadu""","true","2026-09-24T17:31:45.624094+00:00","google-news","dailypioneer.com","Pioneer Daily","Eight suspected Tamil Nadu students killed in Thrissur road accident Pioneer Daily","Eight suspected Tamil Nadu students killed in Thrissur road accident - Pioneer Daily","https://dailypioneer.com/news/eight-tamil-nadu-students-killed-thrissur-road-accident"
,"https://thehindu.com/news/national/kerala/thrissur-accident-that-killed-8-tn-students-forensic-surgeon-indicates-possible-alcohol-use/article71437714.ece",,"Preliminary post-mortem findings have indicated that some of the eight engineering students from Tamil Nadu who died in the Kaipamangalam road accident in Thrissur, Keralam, may have consumed alcohol before the crash, according to the forensic surgeon who led the examinations.
Dr Hitesh Shankar, Head of the Forensic Medicine Department at Thrissur Medical College and the doctor who supervised the post-mortem examinations, said in a Facebook post that the preliminary assessment pointed to alcohol consumption by the students.
However, he cautioned that the presence of alcohol in the blood alone cannot be used to conclusively establish the cause of the accident.
“Alcohol consumption can affect a driver’s judgement, attention, reaction time, coordination and perception of speed and distance, significantly increasing the risk of an accident. However, the presence of alcohol in the blood alone does not establish that it was the cause of the crash,” he said.
Samples have been sent to the laboratory for detailed examination. The results are expected to establish whether alcohol or any other intoxicating substances were present. Tests are also being conducted to detect the possible use of narcotic or other chemical substances.
The devastating crash, which claimed eight young lives and sent shockwaves across society, occurred at around 11.42 pm on Friday at Panampikunnu Centre on National Highway 66 at Kaipamangalam.
The students, all from PSNA College of Engineering and Technology in Dindigul, were travelling in a car when it rammed into the rear of a goods lorry parked along the roadside.
The impact was so severe that the car was completely mangled. Rescue personnel had to cut open the vehicle to pull out those trapped inside.
The post-mortem examinations revealed the catastrophic nature of the impact. Dr Shankar said several of the victims had suffered extremely severe injuries to the head, chest and other vital parts of the body, along with fatal damage to internal organs and major blood vessels.
In some cases, the nature of the injuries suggested that death could have occurred instantaneously or within a very short time after the impact.
One victim had suffered particularly devastating injuries, with both legs completely severed from the body.
The extensive and severe injuries found across different parts of the body — including the head, chest, abdomen and major blood vessels — were consistent with a powerful high-speed impact, according to the forensic observations.
Meanwhile, local residents have claimed that the eight-member group had earlier been involved in an altercation with people at Pathamkallu in Thalikulam while trying to arrange a room.
According to local residents, they informed the Vadanappally police about the confrontation. As police were expected to arrive, the group allegedly left the area in a hurry.
The police have collected visuals from Pathamkallu in connection with the incident and are examining the sequence of events leading up to the fatal crash.
Meanwhile, a joint team comprising officials from the police, Motor Vehicles Department, Public Works Department and the National Highways Authority of India will conduct an inspection of National Highway 66 on Tuesday.
Published - September 07, 2026 02:12 pm IST","3285","CBMi7gFBVV95cUxQcHZvejNKbjhDWXBhWGwyT01qY1ZMZkV0bFVHbkg0aDU0ZnF4SDk3NkttdlBsWHdzRnk3clBhUHNJS3V2NzBjdm5GYzNndkVXWVFTanAtaTBodjFjX0pZMHVUYUltbnhIUHMtclR0SDQwYWNvNXhmeC1LWEdXLUVKR0VlVllodXlKSFFFMGQxS1ZYczNQdTgyLXlhV1BKdzBVSUJCdW9QcVl2aENTZDJZVjdXZ0FJcm9wZGFkcDBpT3pLWnZtLVNmT01xb2dGc01JamIxR0NPYWVhdmJoZFBjWU9yY3phXzUwQkNVVHln0gH0AUFVX3lxTE40YnZnWkpTdnl6dVBmTkNQVG54eXo3NUU3LUFEejRLVWxSdXczRHNhSGhVb0EtNlNLemtMU1AtQzhZUllFa1RCcXFpcF9ESkNxUVB1N2dQX3F0elZGeVh1WFJ2X2FCemlpWlZJXzlid2pnZ2xEcWN2WFBlbW94R2VXOXlmQWdrZUp2OGNwWWlmQUZMdjNGNEpMZFNYS0hRcTRTY0VmbE5OX1VkejdJcFNlV0JUR0NtN21OLTVnM204NjJ6aWdJQ2JYU3VLdkVBZ0YxeG5tWV9UcXJhZ1puZ04wWWN3T2lOanVpUnNyZVJWcnZsaWo","",,"2026-09-07T07:00:00+00:00","""road accident"" ""Tamil Nadu""","true","2026-09-24T17:31:45.624263+00:00","google-news","thehindu.com","The Hindu","Thrissur accident that killed 8 T.N. students: Forensic surgeon indicates possible alcohol use The Hindu","Thrissur accident that killed 8 T.N. students: Forensic surgeon indicates possible alcohol use - The Hindu","https://www.thehindu.com/news/national/kerala/thrissur-accident-that-killed-8-tn-students-forensic-surgeon-indicates-possible-alcohol-use/article71437714.ece"
,"https://newindianexpress.com/states/kerala/2026/Sep/06/8-engineering-students-from-tamil-nadu-killed-in-kerala-car-crash",,"THRISSUR: Eight engineering students from Tamil Nadu were killed after their car rammed into a goods truck parked on National Highway-66 in Thrissur district of Kerala around midnight on Friday.
Police have registered an FIR against the absconding truck driver for culpable homicide under Section 105 of the BNS, as he had allegedly parked the vehicle illegally on the under-construction stretch of the NH at Panambikkunnu Centre in Kaipamangalam.
The victims were students of PSNA College in Dindigul.
V Viswa of Salem was behind the wheel at the time.
The rest of the students were identified as I Suriya, Jeeva N, and K Yuvasanjith of Dindigul, and G Santhosh, R Prasanna, Joshua Hilson J and M Muralikrishnan M of Madurai – all aged around 20.
As per preliminary information, the car heading from Guruvayur towards Kodungallur was speeding. The FIR states that the truck was parked on the right side of the highway near a barricaded stretch where traffic had been diverted due to ongoing construction work. Viswa allegedly failed to notice the barricade and crashed into the truck.
The impact wrecked the car, forcing rescuers to cut open the vehicle to retrieve its eight occupants.
All eight engineering students are believed to have died on the spot. People sleeping inside one of the three goods trucks reportedly parked on the roadside alerted passersby, following which police and fire and rescue personnel rushed to the spot.
Preliminary probe indicates that lorry driver is at fault
The bodies were shifted to a private hospital in Kodungallur for further procedures. Hospital authorities have arranged ambulances to transport the bodies to their respective native places.
Using student ID cards recovered from the site, Kaipamangalam police contacted their families, some of whom were unaware of their sons’ trip to Kerala. Santhosh’s relatives told the police that he had recently purchased a car and that the group had planned a trip to Kochi. As the registration of the car was not complete, they had hired a rented vehicle for the trip.
The National Highways Authority of India (NHAI) is facing questions over alleged safety lapses after ambulance driver Shahul, one of the first to reach the accident site, along with accounts from residents, pointed to inadequate safety arrangements on the highway. Residents alleged that there were no warning boards at the site before the accident and that a board was installed only after the crash.
Footage reportedly recorded by the students inside the car shortly before the accident has also emerged. The NHAI has pointed out that the students had not informed college authorities about their trip and that the car was travelling at high speed.
Meanwhile, district police chief Mohammed Nadeemuddin said the lorry driver was absconding, but the vehicle owner had been identified, and the driver would be apprehended soon. A preliminary probe indicates that the lorry driver is at fault. “It is definitely a mistake on the part of the lorry driver,” he told reporters.
A special investigation team will probe the accident, while the district collector has sought an explanation from the NHAI project director.
Chief Minister C Joseph Vijay on Saturday expressed condolences to the families of the deceased. The state government sent five officials to Thrissur to expedite the procedures to bring their bodies home. The CM thanked the Kerala government for helping send the bodies to Tamil Nadu in ambulances.","3467","CBMiwgFBVV95cUxOV3lOY0l5Sk5xWUp3bEhqQmppdVI2UC1GeWx6M285aXh3ek1OT0R4SldSanU3SWF1WTUwd25GQTBKU25BRFFPR2c4bmZqX0dsQ19iRWlldWxxWWE1eHBDSjM0cEhHMUloWTFQbEI3U1dHdWE1MnVmSWtPbnlNbWJGTTYtbDBjTmdGbXI0dWtNM0tyWUcydzBXd2FzZ05kc0NnWGZZYjIzaDVlbVhSSWVoTzAzUmR6Y0VoZ3hrUENvR0MtUdIBzwFBVV95cUxOaVFUQkFvc3c3a0FuTUd6MUJOSnhRSlVlWmRxRmRZNGpQdTFfZnRBTjRnZm1Xd2VqVkVYUnN2S205Wl80ZzVGREdHczFuNl9RbXVBZ2dZLTJELVcxZUIyVWtCcmdJODN4SzkzYlRFNkNQYWpLcmFzdnJCRHQ0VDVTbkhSdXpDb1JuRnRlS0UzbXc0eGc3RU5iSVdMMllFbWdnWlA3QmtzTU1WQ216Xzd2SWtncjJyRkVUWmRqNmx5UVhQdV9mcGlndWhkVXRfblU","",,"2026-09-06T07:00:00+00:00","""road accident"" ""Tamil Nadu""","true","2026-09-24T17:31:45.624310+00:00","google-news","newindianexpress.com","The New Indian Express","8 engineering students from Tamil Nadu killed in Kerala car crash The New Indian Express","8 engineering students from Tamil Nadu killed in Kerala car crash - The New Indian Express","https://www.newindianexpress.com/states/kerala/2026/Sep/06/8-engineering-students-from-tamil-nadu-killed-in-kerala-car-crash"
,"https://newsonair.gov.in/tamil-nadu-10-killed-several-injured-after-road-accident-in-coimbatore-district",,"In Tamil Nadu, ten people were killed, and several others were injured after a van, while negotiating the mountain road, rolled down the hill in Coimbatore district. The accident occurred near the 9th hairpin bend on the Valparai ghat road. The injured have been admitted to nearby hospitals for treatment. 16 people from Kerala were in the van when the incident took place.
News On AIR | April 17, 2026 6:48 PM","411","CBMiqAFBVV95cUxOR0ROLXJDM3BFX0tKZFFpWU5hZ253ZFlZNEY4aHdWeGVTa3JHLWQwSkZRaWxzZHh1azRaeGhkMWt1QVliSU01MVd0UTkwRzQ2R1Q0U20xVVVXOFZ6bk5uaEF5YWUxS2xGUUplU21fc2lZZEF2YnJINUg1aUVWd1BJdjNvLWlyRmdldnNWSm1va3dtVkQzUTZTb0Y1U3VDaXRnbUtBUHgtdko","",,"2026-05-23T14:15:10+00:00","""road accident"" ""Tamil Nadu""","true","2026-09-24T17:31:45.624356+00:00","google-news","newsonair.gov.in","News On AIR","Tamil Nadu: 10 killed, several injured after road accident in Coimbatore district News On AIR","Tamil Nadu: 10 killed, several injured after road accident in Coimbatore district - News On AIR","https://newsonair.gov.in/tamil-nadu-10-killed-several-injured-after-road-accident-in-coimbatore-district/"
,"https://thehindu.com/news/national/kerala/thrissur-road-accident-tn-minister-visits-kaipamangalam-crash-site-promises-support-for-victims-families/article71435083.ece",,"Tamil Nadu Tourism Minister S. Rajesh Kumar on Sunday (September 6, 2026) visited the site of the devastating road accident at Panampikkunnu in Kaipamangalam in Keralam’s Thissur district, where eight students from Dindigul lost their lives in a crash on National Highway (NH) 66.
Expressing deep grief over the tragedy, the Minister said immediate steps would be taken, in consultation with the Tamil Nadu Chief Minister, to ensure all necessary assistance for the families of the students.
“This is a tragedy that should never have happened,” he said.
The Minister also raised concerns over what he described as unscientific and incomplete highway construction, saying such conditions could contribute to deadly accidents. He called for the remaining road works to be completed at the earliest and for stronger measures to ensure the safety of motorists.
There should be no lapses on the part of the National Highways Authority of India or other agencies responsible for the project, he said, adding that strict measures were needed to prevent such tragedies from recurring.
Published - September 06, 2026 05:27 pm IST","1120","CBMi_wFBVV95cUxOT1A3NFMwVmZzZHpPSFdHRXE0OVlQMUJSSWQzOGxHVW93VGtBN2JHRkFQR1BwQlRaRXdWdldiNjQyaGJpeTI2aWdHT1FEdkVaenpqT3lUOG9Sek9tZEMzd2VlS0dDeEdCdjZRYjJkblliS1FyMVBGSUtQTWFtYjB3ZG1NYXZSRDVFNjJ2WGNpMWJMUzd2anRyZTc2T1VRdm5waDJVNWg3a1pzMnBqVG9QaUJ2eU84anlldHlILTEtWGhnWGhYQlpMN3VWdThKLUoyeEtydDcyYkxhZFliSWtRNXlyV1liWjBNTGVXTWcyWVhQRmRmSHdRWWFWNWJ4bWfSAYYCQVVfeXFMTjg4eDViaHUtV0V3STVfaGd3cEpMczRRdFpwa3ZwLTF1QUs3VjlzX1VzTUVYcEQ3dElVbDZmbUdYTzFzNW5aM2ZtaFcyZkx0TENTYTYyejJCUjNuSDZVRWhWMWdHM1FTNVQ5ZFc5ZDBKVWZEMy0tMktwaXVDeVVXYXZGM0hHejgzal9aT3pNdzJZV1h0dTUwaExfNUpFSmZ6TDJPRnRKOEpBU2NBZlJVVXQ1dkdxc2hjYXQ4bW5fMTQ4V1h4TlZxYlhxdnE0SnprbTlzdnYwR1RfTU9YQUZLQmMwVlRVc0Jfb0ZVcUJpeFRkRkxmSWp0enE5cXR2Z3d2VnFMMzIwdw","",,"2026-09-06T07:00:00+00:00","""road accident"" ""Tamil Nadu""","true","2026-09-24T17:31:45.624409+00:00","google-news","thehindu.com","The Hindu","Thrissur road accident: T.N. Minister visits Kaipamangalam crash site, promises support for victims’ families The Hindu","Thrissur road accident: T.N. Minister visits Kaipamangalam crash site, promises support for victims’ families - The Hindu","https://www.thehindu.com/news/national/kerala/thrissur-road-accident-tn-minister-visits-kaipamangalam-crash-site-promises-support-for-victims-families/article71435083.ece"
,"https://newindianexpress.com/states/tamil-nadu/2026/Sep/07/26-year-old-man-killed-in-collision-involving-tamil-nadu-minister-jagadeeswaris-car-near-chennai",,"A 26-year-old man, identified as Iraiyanbu, was killed in a road accident after the two-wheeler he was riding collided with a car belonging to Tamil Nadu minister Jagadeeswari in Kattankulathur near Chennai.
Jagadeeshwari is the Minister for Social Welfare and Women Empowerment.
According to reports, the minister’s vehicle was heading towards Chennai when the accident occurred.
Iraiyanbu, who was riding the two-wheeler, sustained severe injuries in the collision and died at the scene.
The car driver has been arrested.
Senior police sources said the minister was not in the car at the time of the accident. The personal vehicle was travelling along with the minister’s convoy, which was heading towards Chennai as Jagadeeswari was scheduled to attend the Legislative Assembly.
The car was registered in the minister’s name. Police arrested its 28-year-old driver, Chinna Agni, a resident of Madurai.
The Maraimalai Nagar Traffic Investigation Wing police seized the car and registered a case against Agni under Sections 281 (rash and negligent driving) and 106(1) (causing death by negligence) of the Bharatiya Nyaya Sanhita (BNS). Further investigation is under way.","1172","CBMi8AFBVV95cUxNZjJGSG13OGxCeXBnMXNpaXRLNFVCeVBtWE9uanI5dEJDa3dDMmJPYm12cGVBSmhrRmRHeWF1VzRyQjdRNFJQSTNSTndWUGJybDJmT1ExeVl0VHNwY29OdzJPSlBFT2ZFSlRLRG5tNWpmRDhtYzJQVXctWExsenB2Z0NRWHg5SU4zeHBXSzZRdTR5d1dxRGlCZkVJclk4b3EzQk01bTIyYnh3Y2RsYVAxMDFjZ1g4MDVLY0JQbFlLSHJ3dHB1bWpTT0JFbHh0YnB6UzJuMUx4RHI0Y2RBNndWbV9JZldPQVBiaVdyNi16ZmbSAf4BQVVfeXFMUFZqaWZCRVJFYXRWWTFyVldpZVd3bklMTmNmVVhpa0dXc2Y0c19OM1pLVDNIdWxjaDZVUUFfM3o0ZU1jb0ZZb2xvNUpTS29lUDdtRDB1MGlGUGY2alZtWWxXTzhBY2hnTWc5eExSVUpNNjFTdUJfYVFsb3hjSmZpS3pVTm83dHZQQ21tUHFHbTBTRExvd0tOSUUwbTl5R0hoYkhDRnlOOHJyUm5TeWFUMVRwSDZPeFoxRkZldVVDZF9aREx1cEVkeFBVUTd1RzhFMVZXbm1TN21KWXhOVnNFTTFmYzg3Y0Vkd1NIaFR2QmE3T3RFQnVKQ0lyY3Q5U1E","",,"2026-09-07T07:00:00+00:00","""road accident"" ""Tamil Nadu""","true","2026-09-24T17:31:45.624479+00:00","google-news","newindianexpress.com","The New Indian Express","26-year-old man killed in collision involving Tamil Nadu Minister Jagadeeswari's car near Chennai The New Indian Express","26-year-old man killed in collision involving Tamil Nadu Minister Jagadeeswari's car near Chennai - The New Indian Express","https://www.newindianexpress.com/states/tamil-nadu/2026/Sep/07/26-year-old-man-killed-in-collision-involving-tamil-nadu-minister-jagadeeswaris-car-near-chennai"
,"https://thehindu.com/news/national/tamil-nadu/three-of-family-killed-in-road-accident-in-kallakurichi/article71157427.ece",,"Three members of a family hailing from Ramanathapuram were killed and three others sustained injuries when the car in which they were travelling in dashed against an advertisement pole at Sengurichi on the Chennai-Tiruchy national highway in Kallakurichi district in the early hours of Sunday (June 28, 2026).
The deceased were identified as Sakthi, his mother Sujatha and his brother Vetrivel of Kusavankudi of Ramanathapuram district.
Police said Hemalatha, 53 of Mandapam in Ramanathapuram district was returning in a car with her relatives after dropping her son Harish at the Chennai Airport. When they neared Sengurichi, Sakthi who was at the wheel reportedly lost control of the vehicle and hit against a roadside advertising pole.
In the impact, Sakthi, his mother Sujatha and brother Vetrivel sustained serious injuries and died on the spot. Hemalatha and two others sustained injuries and were admitted to the Ulundurpet General Hospital. A case has been registered.
Published - June 28, 2026 03:17 pm IST","1015","CBMiwwFBVV95cUxNcTZfUkY4ZlJrdi02ZU96N05RTl91aW5wUjdUUHl1alZUcEhFbGdNUW9wcklDLTVNYWVoWUhqWVJDSkRkLW5yUmxHQ2RuaDhvRGRtUFdwazYwaWtKeFVnMVNjd1R5YjBXelNmcnoyT1ZkVC1uTFhCaTNpUmQ4QlprbWxLN0dMcHZ2bXE0czN5T3NMVHFzalNqMElOU3YwV3pCSUFaNHFDZV9vUExtVm9KSkhTcTJjY2tVaGlrWUJ4UE13b1nSAcoBQVVfeXFMTXJFWkFpVlhHQ3AxdXl5eW5GLTR1U0RXWFhmLVpvQnQyQ1JKUUFVU3FpSFNMNUZBYklXTTZURFdBRGhrM0dJSUFwWG51LUNvRGNUWkQxLU8yM3Z3U2FfQ2trSng4NlBGQ3BZLW5ELU1KdTA3cVBENmk0UEtyUGdpZm9wWl95aGg0VzFvWGlNU0tJWFR2bFJHU0cyRElHT2k0dTZKZENNTDVqNGNwMUFlb0J2YlZaM1duUTRHRXBNMTcwWXNRbjRtUklvZw","",,"2026-06-28T07:00:00+00:00","""road accident"" ""Tamil Nadu""","true","2026-09-24T17:31:45.624630+00:00","google-news","thehindu.com","The Hindu","Three of family killed in road accident in Kallakurichi The Hindu","Three of family killed in road accident in Kallakurichi - The Hindu","https://www.thehindu.com/news/national/tamil-nadu/three-of-family-killed-in-road-accident-in-kallakurichi/article71157427.ece"
,"https://thehindu.com/news/national/tamil-nadu/one-killed-in-a-road-accident-near-sholinghur/article71381102.ece",,"A 40-year-old man was killed in a road accident after the two-wheeler he was riding was hit by a private van at Padiyanallur village near Sholinghur town in Ranipet on Sunday.
Police said the deceased has been identified as G. Duraisamy, an agricultural worker. He is survived by his wife and two children. Initial inquiry revealed that Duraisamy was returning to his house near Sholinghur town when the unidentified driver of the van lost control of the vehicle and hit the two-wheeler. The van was proceeding towards Sholighur town.
Police said that in the impact, Duraisamy was thrown off the vehicle and was badly injured. Immediately, other motorists and passersby admitted him to Government Taluk Hospital in Sholighur town, where doctors said that he was brought dead. They also alerted Sholighur Town police, who inspected the spot.
Police said that a case was registered. Special teams were formed to nab the van driver. Further probe is under way.
Published - August 24, 2026 12:50 am IST","998","CBMitgFBVV95cUxQdndJNzBIQU5yZDN6SmtmTDNpS0VNNEkzWm9ScnVvMGhiNWg4VHhXSUZJSHc5TTc2ZGdtZW5xWUFEbS1hTWpLT3FKcGlKWVJYcGYzVDRrVklqQ19NTmJkaFQwaEswT3YyRnRJQmNIWGM3SEhqNy1RRkJqWk5ZdWdkdmhrRGEyTUR6NVU4aEw4cERSSHhHU1lPQWkxMThheldLNlJTbmJpQ3A1cjJydE1taXlIVEJUQdIBvAFBVV95cUxORzc1cXBwLV85UVZNZFNITWRteHJzX012bExMSWZ1YklOZDJUZUs2OWpTQ3I5MTZxblR6dXVRU0NrVnNhWFAyZFA4ckttbUxLRjk4WlJISGdjRVdkWm1uQUVQOHNfQXEwZ1hhTWR4Y2FvSml2S01UUzVWalNneXloU090YUlvM0Z6YWFLMGtvVjdxYzRQbzhMN0k5aWk3bTBNdC1xOGdITE1JckVqM3lYT25DYnZSZmhjS00wTQ","",,"2026-08-24T07:00:00+00:00","""road accident"" ""Tamil Nadu""","true","2026-09-24T17:31:45.624673+00:00","google-news","thehindu.com","The Hindu","One killed in a road accident near Sholinghur The Hindu","One killed in a road accident near Sholinghur - The Hindu","https://www.thehindu.com/news/national/tamil-nadu/one-killed-in-a-road-accident-near-sholinghur/article71381102.ece"
,"https://thechenabtimes.com/2026/09/16/tamil-nadu-three-of-a-family-killed-four-injured-in-namakkal-road-accident",,,,"CBMiswFBVV95cUxPLUk2R0lUZnJlMWQtMWFFVVNtWm9lVUlVV3E2dTJRMEo3Z1BCV05LaG5rTTZ2eFV4X3BabXNQOW9UaldiYXV1UDZhd1MzVmlMSXByS0JSSmRMT1B3MXVMMDFERndQLWk5SkVQU1BDcnJnbU5sREtFWW5LN29EeTdMWm9YcXRPXzItbVAzNk1KcHAxR3hXUUg4VEExaVFObUp0elVsOVg0aFZtOXg3Z2RsclZhb9IBuwFBVV95cUxQT01sc2J3WGhFQU53NTkzQmN5MHFxLThFbUhTU1lWdzFRaEZUcjY0NUJidXBHVDI4S0ZZSnVHU0k1a0pNQUlNN1lfOENNV2tVSlZCajRIaTVZNVBDdEdiMW1zdFo3X0NxdHVFZkE0d2l2dGE0aUxPWmI3eDVkSFRyem16cXpsdy00QThGTXdrYnlrWHhxVWxrcnpHMl8yZ1FTNWhwU2M1VXFkNFVDczdHeGdxRTNLY00zTkdV","",,"2026-09-16T12:40:34+00:00","""road accident"" ""Tamil Nadu""","true","2026-09-24T17:31:45.624715+00:00","google-news","thechenabtimes.com","The Chenab Times","3 Family Members Die in Namakkal Road Accident The Chenab Times","3 Family Members Die in Namakkal Road Accident - The Chenab Times","https://thechenabtimes.com/2026/09/16/tamil-nadu-three-of-a-family-killed-four-injured-in-namakkal-road-accident/"
,"https://newindianexpress.com/states/tamil-nadu/2026/Sep/05/tn-government-announces-3-lakh-aid-for-families-of-four-students-killed-in-namakkal-road-accident",,"NAMAKKAL: The Tamil Nadu government has announced financial assistance of Rs 3 lakh each to the families of the four students who were killed in a road accident near Elachipalayam in Namakkal on Thursday evening.
Chief Minister C Joseph Vijay expressed his condolences to the families of the deceased and had directed this compensation to the victims’ kin from the CM’s Public Relief Fund.
Acting on the Chief Minister’s directions, Namakkal Collector L Madhubalan on Friday handed over cheques worth `3 lakh each to the families of the four deceased students, amounting to a total assistance of `12 lakh. The Collector also visited the families in person and offered his condolences.
The victims were identified as S Subitha Kalaiselvi (19), a second-year student of Tiruvalluvar Government Arts and Science College, Rasipuram; her younger sisters S Nivetha (17), a Class 11 student, and S Dhanushree (13), a Class 7 student; and their relative R Abinaya (12), a Class 6 student. The four were killed after the two-wheeler on which they were travelling was hit by a private college bus on Thursday.
Meanwhile, the Elachipalayam police have arrested P Murugan (23), the bus driver. Further investigation is under way.","1217","CBMi8gFBVV95cUxPbk9DR1U5dmR4ejN0bkdaR2dxc3FHR3ZVYzFRYUx5bnRoSC1Lb1JESmUxZjlReHV2ZFFBWmJETjNESkVJRnR3RHlicDFlNXBySGRxY2xaNGd5M2swQ2N4ZTVaZXVsMEpvZlpnZkExSW5sZ01XSnJBNFNQX1Z0cXJNRzJXa0R4clo2UEJfMkZZbXR0S2owRXlTelNncTV1N2tKUWtPYmIzMElwV1RfalNqdUdlLXE0WmRYaWcwcWE4WHl1UVJvVTd1UHFTZ3VwNEJydEl1OEI0eUpFWHo3TjF4WUZiN0tPRUNlUGVNeVFYa25Ud9IB_wFBVV95cUxPQTU3OEtKMERnTDRjTzlyWXNzSjhWRTA3OTQycnFFOTc4cDdjMHc5ci1aMDcxeGRHTklfSGtMcEtYTm9rLUQ2ZlhNR0dSZ2pZQ0p3OXFuY1ktVGtHX3RuZ1QzUnlZMWhmdXZRYkI3TU1IZndFX3JGVVhjWXlaaEJlTmZWcmxWcFJPQ0d3bVhvY2VjRnhVWndCcnVoWGdtQl94aktFUmJyQVdmX3ZwZWJuenhiTTZwYVNOdWlRY2J2OTRmR2R2WkotUXRTZVM4clZTa0h0a19oNFEtV3RyUzZkUV9PZmxtamdVdXl0dWp0SW5iTERBMEduX2VHYWhaNGs","",,"2026-09-05T07:00:00+00:00","""road accident"" ""Tamil Nadu""","true","2026-09-24T17:31:45.624793+00:00","google-news","newindianexpress.com","The New Indian Express","TN government announces ₹3 lakh aid for families of four students killed in Namakkal road accident The New Indian Express","TN government announces ₹3 lakh aid for families of four students killed in Namakkal road accident - The New Indian Express","https://www.newindianexpress.com/states/tamil-nadu/2026/Sep/05/tn-government-announces-3-lakh-aid-for-families-of-four-students-killed-in-namakkal-road-accident"
,"https://thefederal.com/category/states/south/keralam/thrissur-accident-forensic-report-alcohol-use-tn-students-255941",,"Keralam highway, Thrissur accident: Forensic report points to alcohol use by TN students
The students were also involved in an altercation with the locals while searching for accommodation when they had stopped at Pathamkallu in Thalikulam, 15 kilometres from the accident spot, reports said
Some of the eight Tamil Nadu engineering students who were killed in a road accident in Kaipamangalam in Thrissur, Keralam, had consumed alcohol before the crash, preliminary post-mortem findings have indicated.
Dr. Hitesh Shankar, Head of the Forensic Department at Thrissur Government Medical College and Hospital, who supervised the post-mortems, said in a Facebook post that initial examinations pointed to some of the students being under the influence of alcohol.
Altercation with locals
He, however, said the presence of alcohol in blood alone cannot be blamed for the accident.
“Alcohol consumption can affect a driver’s judgement, attention, reaction time, coordination and perception of speed and distance, significantly increasing the risk of an accident. However, the presence of alcohol in the blood alone does not establish that it was the cause of the crash,” he said.
Also read: Keralam highway accident: Eight killed after car rams parked truck in Thrissur
Reports said that the students were involved in an altercation with the locals while searching for accommodation when they had stopped at Pathamkallu in Thalikulam, 15 kilometres from the accident spot.
The locals informed the police about the incident and fearing the cops, the students fled the area and were travelling at high speed before the fatal accident, reports added.
Accident on NH-66
According to police, the deceased were students of an engineering college in Dindigul, Tamil Nadu, and were travelling from Guruvayur towards Kodungallur along NH-66. Police said five of the deceased — Surya, Yuvasanjith, Joshua, Murali and Jeeva — were from Dindigul, while Santhosh and Prasanna were from Madurai and Vishva was from Salem.
The accident occurred around 11:40 pm on Friday (September 4) at Panambikkunnu in Kaipamangalam, when the car, travelling from Guruvayur towards Kodungallur, collided with the rear of a Maharashtra-registered lorry, police said.
According to the police, their car rammed into a lorry parked ""illegally"" on NH-66 in Thrissur district of central Keralam.
Lorry parked illegally
The lorry was parked illegally on the right side of the highway near a barricaded stretch where traffic had been diverted as part of ongoing construction work, according to the FIR.
Police said the car was travelling at high speed and its driver apparently failed to notice the diversion barricade before the collision.
The students were pulled out of the mangled car during a rescue operation involving residents, fire and rescue personnel and police. Police said the identities of two others are yet to be confirmed.","2898","CBMiuAFBVV95cUxQUFdrN01HOGlwSzZRNC1mOVlKX0hNbGozTEhyaUllZk82eFlwSXdkNlU2MkhGanNFNEVyT3NkNmt3QmVwVnB4TkN5QkpRWlhQdmtkdWJ1dXZZMm5aOGNKZHBHUkducTR0THhBZjFlR0pQNlpEWDdPdzVVS2dWelBhSUtDUU5RRXN4OWdEOTZjR0F5dUpqSTFhSFpaempVVDhFbkJpRVd0bDRMcFl1MUtSRXMtVXJCYWFp","",,"2026-09-07T07:00:00+00:00","""road accident"" ""Tamil Nadu""","true","2026-09-24T17:31:45.624891+00:00","google-news","thefederal.com","The Federal","Keralam highway, Thrissur accident: Forensic report points to alcohol use by TN students The Federal","Keralam highway, Thrissur accident: Forensic report points to alcohol use by TN students - The Federal","https://thefederal.com/category/states/south/keralam/thrissur-accident-forensic-report-alcohol-use-tn-students-255941"
,"https://etvbharat.com/en/state/thrissur-crash-forensic-examnination-indicates-alcoghol-consumption-by-8tamil-nadu-students-killed-in-car-lorry-collision-enn26090702357",,"Thrissur Crash: Forensic Examination Indicates Alcohol Consumption By 8 Tamil Nadu Engineering Students In Car-Lorry Collision
Keralam Police arrested Tukaram Kamble, hailing from Pune in Maharashtra, in connection with the alleged illegal parking of the lorry without adequate warning measures.
Published : September 7, 2026 at 1:41 PM IST
Thrissur (Keralam): A forensic examination has indicated that the eight engineering students from Tamil Nadu who were killed when their car crashed into a parked lorry at Kaipamangalam in Thrissur had consumed alcohol, adding a new dimension to the investigation into the devastating road accident.
Dr Hitesh Shankar, Head of the Forensic Department at Thrissur Government Medical College and Hospital, who led the post-mortem examination, said preliminary findings indicated alcohol consumption among the deceased. Samples have been sent to the Chemical Examination Laboratory in Kakkanad, Ernakulam for further scientific analysis and confirmation.
The police are now investigating whether the students were speeding after leaving the scene of an alleged altercation with local residents shortly before the accident.
Altercation Before The Crash
According to preliminary police findings, the group had stopped at Pathamkallu in Thalikulam, 15 kilometres from the accident sport in Kaipamangalam, while searching for accommodation.
The students allegedly became involved in a verbal dispute with local residents, which reportedly escalated into a physical altercation. Local residents, suspicious about the behaviour of the group, subsequently informed the Vadanappally police.
Police are examining whether the students fled the area after learning that officers had been alerted and were travelling at high speed when the accident occurred.
Investigators have collected CCTV footage from the Thalikulam area and are examining the sequence of events leading up to the crash.
However, police have yet to officially establish the precise circumstances that led the driver to lose control of the vehicle.
Route And Alcohol Consumption Under Investigation
Investigators believe the group had visited Guruvayur before travelling through the Thalikulam area.
Police have intensified efforts to reconstruct their movements and have collected CCTV footage from several locations along the route between Guruvayur and Kaipamangalam.
Investigators are also checking footage from establishments along the highway to determine where the students stopped and whether they consumed alcohol before the accident.
The final forensic and chemical examination reports are expected to provide greater clarity on the level of alcohol, if any, present in the victims' bodies.
Eight Students Killed in High-Speed Collision
The accident occurred at around 11.45 PM on Friday at Panambikkunnu Centre in Kaipamangalam.
The students, who were travelling in a Kia car, crashed into the rear of a Maharashtra-registered lorry that had reportedly been parked on the National Highway 66.
The impact was so severe that the front portion of the car was completely crushed.
Six students died at the accident site, while two others succumbed to their injuries while being taken to hospital, according to preliminary information.
The victims were identified as Vishwa from Salem; Surya, Jeeva and Yuvasanjith from Dindigul; and Santhosh, Prasanna, Joshua and Muralikrishnan from Madurai. They were students of PSNA Engineering College in Dindigul and had reportedly travelled to Kerala on a trip.
Lorry Driver Arrested
Meanwhile, police have arrested Tukaram Kamble, hailing from Pune in Maharashtra, in connection with the alleged illegal parking of the lorry.
Police said the lorry had reportedly been parked without adequate warning measures. The driver allegedly fled after the accident but was subsequently caught and handed over to the police.
The bodies of the eight students were handed over to their relatives after the completion of post-mortem procedures at Thrissur Government Medical College.
Probe Into Highway Safety Lapses
The police and Motor Vehicles Department (MVD) are continuing their investigation into the accident, including whether there were safety lapses related to the parked lorry and the under-construction National Highway 66.
Investigators are also examining the role, if any, of the National Highways Authority of India (NHAI) and the contracting agency in ensuring adequate safety measures along the stretch.
While preliminary forensic findings have added alcohol consumption to the investigation, authorities are awaiting the final chemical analysis and other evidence before determining the complete chain of events that led to the deaths of eight young students.
Also read
Couple, 3-Yr-Old Son Die After Speeding Car Rams Into Bike In Thrissur, Driver Absconding
NCSC Issues Notice To Keralam Govt Over Alleged Attack On Congress MLA Ramya Haridas","4891","CBMigAJBVV95cUxORGxyQ0UyNGRSeFhTdkxsN24tbzZ4RTZUNjk2eXNRc0NVNG5VRDIyLXM5XzJ1UjJfSFR6QVFyWERQVVlSVHJYMWF1dlZBSmFySjNaaFZrNVJQdXViVExYNU5zanp6ZEtNWTJBWmJ4V2NBYTMtLWI1bzIxSHZTbzNFbGN5REpyVFI4SHdDcHZhcnpYVnptcnNNMEVEeDVrNlNmX2tFem9zeWpsbVp5T0pyYWwxbU13VTBST3VaQmNfTmotWklDLUVBdHdDR0c0ZThnb2VER2VjdHBFRkNCSVhNX3pBeWltR012Z1hoaWdVWDBLNEdhX2Q5ejFVazQ2azJH0gGGAkFVX3lxTE1MNjNwOWsxT1BaZmQ0YVd5YXVqN2poa01mSWVhLUpoUzFEeU9TU3otQWtZMGZSNDlMdVd1ajJzbEkxemI3aVktQ0M0ZUUzNm1PZExSN2xFMTZNM3YyWUQxMTZ6dl8teVMtTlhrU0t2Vmg1LVd2ejRVMHJMc2hXUFRxZGJmYzVIU0xsOGRfNGJrYTlBeTRhenBra0JvRXplSXdOMEZPbkFBeEFTZV9NWExvV2FkSDB5Sk9pRU9SOXZHWXBPdG9GQ29VY2F1SmpjbW82dnlpSXNRRmdJTzh2Yl9ZbE85ZVUxWGs1SWhtQUZQTTlmSW9WNmVGeGFvMXFJbHRJM0RqQVE","",,"2026-09-07T07:00:00+00:00","""road accident"" ""Tamil Nadu""","true","2026-09-24T17:31:45.624945+00:00","google-news","etvbharat.com","ETV Bharat","Thrissur Crash: Forensic Examination Indicates Alcohol Consumption By 8 Tamil Nadu Engineering Students In Car-Lorry Collision ETV Bharat","Thrissur Crash: Forensic Examination Indicates Alcohol Consumption By 8 Tamil Nadu Engineering Students In Car-Lorry Collision - ETV Bharat","https://www.etvbharat.com/en/state/thrissur-crash-forensic-examnination-indicates-alcoghol-consumption-by-8tamil-nadu-students-killed-in-car-lorry-collision-enn26090702357"
,"https://livemint.com/news/india/kerala-news-eight-tamil-nadu-students-killed-in-road-accident-as-car-rams-into-parked-lorry-in-thrissur-11788580643304.html",,"In a car collision in Kerala's Thrissur, eight individuals believed to be students from Tamil Nadu were killed, local police informed PTI on Saturday. The tragic road accident happened on Friday around 11.40 pm when the vehicle the youths were travelling in collided with the rear end of a parked lorry on the highway at Panambikkunnu in Kaipamangalam. The lorry number was registered in Maharashtra.
8 dead as car rams into parked lorry
Keralam police in a statement said, “Eight people were killed after a car rammed into the rear of a parked goods lorry on the National Highway at Kaipamangalam in Thrissur district. The accident occurred around midnight at Panambikunnu Centre. The car was completely mangled in the impact, and the occupants had to be extricated by cutting open the vehicle. Preliminary information suggests that those travelling in the car were students of an engineering college in Dindigul, Tamil Nadu,” ANI reported.
Although locals, fire and rescue personnel and police rushed to the spot to rescue the passengers but six of them died on the spot. The impact of the crash left the car severely mangled due to which rescue teams had to cut open the wreckage to recover their bodies.
Two of the injured who survived the impact were taken to a nearby hospital but later succumbed to injuries and were declared dead on arrival, police informed PTI.
Their bodies were pulled out of the car, which was registered in Tamil Nadu, and were taken to the mortuary of Thrissur Medical College for postmortem. The car was reportedly heading towards Kodungallur from the Guruvayur. The police suspects that the deceased were students from Tamil Nadu.
As per media reports, the victims were engineering students from Dindigul’s PSNA College.
The FIR suggested that the Maharashtra-registered lorry was parked illegally on the right side of on an under-construction stretch of NH-66. This section was barricaded and traffic had been diverted. According to the police, the car was travelling at high speed. The fatal accident occurred because its driver apparently failed to notice the diversion barricade and rammed into the rear of the lorry.
Kaipamangalam police registered a case against the lorry driver and six of the deceased have been identified. Four of the occupants were from Dindigul — Surya, Yuvasanjith, Vishva and Johua — while two others were from Madurai — Santhosh and Prasanna. The identity of the other two has not been established yet. Identity cards recovered from the bodies were used to identify the deceased. Charges under Section 105 of the Bharatiya Nyaya Sanhita have been levied against the lorry driver for culpable homicide.","2664","CBMi8AFBVV95cUxQMWtjOVhTeUtOdlpsMG1aN1pwOHJ5WEY1UGVEaVBHdmR5NXpkZ2ZoOHI0QWZ5TmF3cTBnMWtOM3dZd2pWN0dtTlVIN2hVbFRwaXR4SzZ0a1UweHJuQ1JSN1J5eU9DR0lKclJiNlJxWTlGdWc1bWhDVENVQlh0c0FhaEthWWNNX2diT1ZFZE12RXNSSHhaRTViaEQwTlB2ZXEyYWtLZGZIalNrOHI4ZDlWajFSNk5HRnhHSkxiejJCOURoazBIVmZ4ODhEMFl2R2N4ZzVLYUI5TzJKSkhGQWRQeHZ3NWRERGRTamlTTHEweEbSAfYBQVVfeXFMTjF6N29BcU4xNnR5MTlaSmRTNE1HVFR5ZHNaaU9hX1NGS3lCdVZOTnBwVHg1aklUalAwcklCdVN3cGRjV25WVm9Wa21Cclg4Tk9RVjBpamJsSzJQZ3Vhb0htbTF5d1Z4QWdWMnJSVFFuTTA0WngyRk05TlJOUHlodlhSbVhidzBUYWYyaUg5eF8xSndNTExfT1VIN3RiYzRPWmZVamFBeHZTNEtCekoyN3FyTkJQQzBVcHRtX0xiaXlVQlBZM19sT2I3cFJUSzBfeEptVzgxV0Z0Ums1Sjh2LW1uQ1VTYzhZeFd5bVRhRmJVNm5WaWdB","",,"2026-09-05T07:00:00+00:00","""road accident"" ""Tamil Nadu""","true","2026-09-24T17:31:45.625048+00:00","google-news","livemint.com","Livemint","Kerala news: Eight Tamil Nadu students killed in road accident as car rams into parked lorry in Thrissur Livemint","Kerala news: Eight Tamil Nadu students killed in road accident as car rams into parked lorry in Thrissur - Livemint","https://www.livemint.com/news/india/kerala-news-eight-tamil-nadu-students-killed-in-road-accident-as-car-rams-into-parked-lorry-in-thrissur-11788580643304.html"
,"https://gulfnews.com/world/asia/india/tamil-nadu-tops-indias-road-accident-chart-for-fourth-straight-year-1.500636203",,"State recorded more than 71,000 crashes and 18,505 deaths in 2025
Chennai: Tamil Nadu remained at the top of the national road accident chart in 2025, reporting more than 71,000 crashes. However, the state recorded a considerably lower proportion of fatalities compared with several other major vehicle-owning states, according to figures presented in Parliament.
Data provided in the Lok Sabha showed that 71,387 road accidents occurred across Tamil Nadu in 2025, claiming 18,505 lives. The figures were disclosed by Union Minister for Road Transport and Highways Nitin Gadkari in response to a question from Kerala MP Benny Behanan.
The state recorded about 26 deaths for every 100 accidents. The latest numbers also point to a continuing rise in accidents across Tamil Nadu. From 64,105 crashes in 2022, the total increased by more than 7,000 over three years to reach 71,387 in 2025, reinforcing concerns over road safety despite various enforcement and prevention measures.
Deaths from road accidents have followed a similar upward trajectory, although the increase has been more gradual.
Tamil Nadu recorded 17,884 fatalities in 2022, followed by 18,347 in 2023 and 18,449 in 2024. The toll rose further to 18,505 in 2025.
Tamil Nadu’s large and rapidly expanding number of vehicles is considered an important factor behind the high number of accidents. As of April 1, 2025, the state had 37.6 million registered vehicles, the third-highest in the country after Uttar Pradesh, with 50.5 million vehicles, and Maharashtra, with 39.5 million.
Despite having fewer accidents than Tamil Nadu, Uttar Pradesh and Maharashtra recorded substantially higher fatality-to-accident ratios of 55.47 per cent and 49 per cent, respectively.
The Centre has introduced a series of measures aimed at reducing road accidents and fatalities. These include mandatory speed-limiting devices for transport vehicles, with exemptions for categories such as two-wheelers, three-wheelers, quadricycles, fire tenders, ambulances and police vehicles.
Road safety specialists say Tamil Nadu’s comparatively lower fatality ratio could partly be attributed to faster emergency response and better access to medical facilities. However, speeding continues to be a major challenge, particularly on highways.
Experts have called for stricter speed controls, pointing out that modern vehicles are capable of travelling considerably faster than highway design speeds.
The road safety experts have also stressed the need to tackle driver fatigue alongside speeding and drunken driving. Measures such as random technology-assisted fatigue screening, stronger speed enforcement and tighter monitoring of highway traffic could help bring down Tamil Nadu’s persistently high accident numbers and prevent crashes from causing further loss of life.","2810","CBMiuAFBVV95cUxPZ1VYeU1JTFBKdkQ4dlFJUU9aM1h5R0ExbmVYU3BVcGowcE0wdTNQYW9CN1MyMHpraTVZSWRmMTFEZG10Z0k0cTFqX1RneHBvempPSk81Z1dQWDBVM21rbUY4VnAtcGg2TzZHMlRNemxXRHNsTGpkWDJyTG1yOU1WVGNhSnJ3RUVielZkZU1GUHhwc1R2TEhXOVhqNUlaTGFxN0IzNjA2Ti1Fei0tb3J5NVdJSVlfUDNp0gHOAUFVX3lxTE16NHc1eWs3RHVZMHg4Z3R4TGd2c1dtMlhvOC01RUR2RTFldlRXUzBXSDhBU2lfUUlGV01UVnpSYW1walJZbDRDSVZFMnE5eUN5S2lVSUpkLUE4anIwRjlJMWVYY2ZHMjM4OE4xU3M5OUlidGN5T0lPV3VFNGZoYXFuVlBFZXZsS0w5M1JsTDh0TGI0eEJDZHcxbUx2M1NUMGJ6SkppeWpCMmpJT2M3TlRxTVNyZWx0ZmhVeHczay1CbFlyYThCb05sQTVFaW1R","",,"2026-08-10T07:00:00+00:00","""road accident"" ""Tamil Nadu""","true","2026-09-24T17:31:45.625101+00:00","google-news","gulfnews.com","Gulf News","Tamil Nadu tops India’s road accident chart for fourth straight year Gulf News","Tamil Nadu tops India’s road accident chart for fourth straight year - Gulf News","https://gulfnews.com/world/asia/india/tamil-nadu-tops-indias-road-accident-chart-for-fourth-straight-year-1.500636203"
,"https://thehindu.com/news/cities/Madurai/six-persons-killed-40-injured-in-madurai-road-accident/article71215940.ece",,"Six persons including five passengers of two buses were killed after a Marthandam-bound omni bus collided with a TNSTC bus that was proceeding towards Tiruchi, near Karungalakudi on Madurai-Tiruchi highway in Madurai district in the early hours of Monday (July 13, 2026).
Forty passengers and crew members of both the buses were injured in the accident. The injured were rushed to Government Hospital in Melur, Government Rajaji Hospital (GRH) and a private hospital in Madurai.
The police said the driver of the omni bus lost control of the speeding vehicle and it suddenly swerved towards the right while it was proceeding at Vanjinagaram near Karungalakudi around 3.30 a.m.
The bus fell over the median and rammed against the TNSTC bus that was coming on the opposite lane. In the impact of the collision, the TNSTC bus turned turtle.
Within a few seconds, the omni bus turned towards the left and again jumped the median, the Superintendent of Police, Madurai district, N. Devanathan said. The omni bus came to a halt only after hitting the concrete bus shelter on the left side of the four-way highway.
Three passengers of the TNSTC bus, P. Anantharaj (46) of Tiruchi, K. Mohammed Yasin (60) of Tiruvarur and G. Surya (29) of Tiruchi, were killed on the spot. Two others travelling in the omni bus, J. Siriyapushpam (56) of Tirunelveli and J. Abraham, crew of the bus, from Thisayanvilai in Tirunelveli district, were also killed.
Senior police officers and firemen rushed to the spot and took up rescue operation.
C. Perumal (70) of Vanjinagaram, who was sleeping in the bus shelter sustained head injury. He was admitted to the GRH where he succumbed to injuries later.
While others were treated as outpatients at different hospitals, a total of 19 victims were admitted to the hospitals. A girl from Tiruchi suffered fracture on her shoulder, and many of them have suffered head injuries.
Madurai district police are investigating.
Madurai District Collector Nishanth Krishna, MP Su Venkatesan and others visited the hospital and inquired with the doctors about the treatment being given to the injured persons.
CM announces solatium
Tamil Nadu Chief Minister C. Joseph Vijay has announced an ex gratia of ₹3 lakh each to the families of those killed in the road accident.
In a press release, the Chief Minister said those who sustained grievous injuries would receive ₹1 lakh each, while those with minor injuries would be given ₹50,000 each.
“I have directed officials to ensure that the injured receive the best possible medical treatment,” he said.
Published - July 13, 2026 12:33 pm IST","2599","CBMiuwFBVV95cUxOSDhaQTNWejNDbFhNSkpFcXhaV2pma0hnc3I2b3BjNmVTbEhSeG50N0p0dm5CSkxyRjd6cWhRVE10czAxQVREeVNOdHVUeE5oeTBVUXd0R1hBektyS3R2VXBvRG9QbTZGSVVVamY4Z0kyS241VHVEbmlGcllTdkdiRjVKMTh6S3pVeDZjOUhKRzFscUxZTFVfOV9SY24ySVNtWGs3SmY2ZS1Mbk91T1NPem42SlItU0JwdlVz0gHCAUFVX3lxTE14cmEzaTVoZXRZNnVmc3N2VEQ4VXgzZC1ob21NbUpqbGtQcXRPNXNGRzBHY1J6ekxzTGZFcmU4S3JlWk5mRW5BWUVDT0RtdDRrei1iOGU4cXZjY3JjVmZyNjVOUFpPYjBublhtS3B3b1BOT1FMVFl1ak8yYVpwekRfVUhLcjZVWGd6MTVlcGxKS2hTTVdSS0tYV0FIS3VINXR5d3h4Y1JTZktOZFJ6cmk0SzZISGxJZG9aNUhhWVZLZFRB","",,"2026-07-13T07:00:00+00:00","""road accident"" ""Tamil Nadu""","true","2026-09-24T17:31:45.625198+00:00","google-news","thehindu.com","The Hindu","Six persons killed, 40 injured in Madurai road accident The Hindu","Six persons killed, 40 injured in Madurai road accident - The Hindu","https://www.thehindu.com/news/cities/Madurai/six-persons-killed-40-injured-in-madurai-road-accident/article71215940.ece"
,"https://thestatesman.com/india/deadly-midnight-crash-in-kerala-8-tamil-nadu-engineering-students-killed-as-car-hits-parked-lorry-on-nh-66-1503634976.html",,"Eight people were killed in a devastating late-night crash after their car ploughed into the rear of a stationary goods lorry on an under-construction stretch of National Highway 66 in Kerala’s Thrissur district.
The collision occurred around midnight on Friday at Panambikkunnu in Kaipamangalam. The lorry was parked near a diversion created for ongoing highway work when the Tamil Nadu-registered car hit it from behind.
Advertisement
  
The force of the collision left the car badly mangled. Those inside were trapped in the wreckage, forcing rescuers to cut open the vehicle to reach them.
Local residents joined police and emergency personnel in the rescue operation.
Seven occupants were reported to have died at the scene. Another was taken to the hospital but could not be saved.
Police probe deadly NH-66 crash in Thrissur
Personnel from Kaipamangalam police station reached the site after being alerted and began an enquiry into the crash.
Investigators are examining what caused the car to hit the stationary lorry. The location of the parked goods vehicle near the temporary highway diversion is also expected to be examined as part of the probe.
The car carried the Tamil Nadu registration number TN 59 DW 8299.
The bodies were subsequently shifted for further procedures.
Victims reported to be engineering students from Tamil Nadu
Initial information identified five of the victims as Vishwa, 20, from Salem; Surya, 20, and Yuvasanjith, 20, from Dindigul; and Santhosh, 20, and Prasanna from Madurai.
As per IANS, victims are the students of P.S.M Engineering College in Dindigul. Authorities were working to establish the identities of the remaining three and inform their families.
The crash occurred on a section of NH-66 where construction and widening work is underway, and temporary traffic diversions have been introduced.
Police are expected to inspect the vehicles and evidence from the accident site to establish the sequence of events.","1961","CBMi7gFBVV95cUxPRm9IRXpzOXNyWEtTd05mMHd1S2xkYk1kWkNQdzVKU01aWnNRLWRwVXhpYXA1T0FUdTh3b3U1TzBVSldKTVViODMtb3Rxb0ptbkhSWjY3Uk9tYndIXzBxbkN3VTdfTnNxX1pQY215NVYtRllZZXB6UFZBc1dUWHVUM0twNzFCb1hBQ1RXZkdLRGwtRnpTbWdqOHRUZV9lMldJeWc0Vlo2dVZJVTdfX2pNblJNa254MjJqalFhNHhlb3A5VDJldXdHaUJMT3hQcWMtSEE1Z1dWTmpNTmpLX19Ual9OT0NMa09McjdzMEhn0gHzAUFVX3lxTE1pVTZia1FUNVA1TVZ5ZmJWT3RkQVBLdUQ2R2FMME5odkZGR1Q0cG5BV2VFUC1hZ29OV1ZGcnlWOG00RndILTVZQnNvdWFjTmFhT1VPTlc0RzFfSkQyMmtJSTJFTW5kOXl5TmNVbTZJVGd3QnJHc1BibEFnTW42VmFXNS1lOW1aNzdFTEpxQjZqOWpjbXZSNDBaTUQtS2JsbzZRRTJHTzk5WlYyeGFnemE2V3psOGVWNWNoWWwtb0JFakpxTjFjbTZ3dFc1MERjTXhoOEtOOFcyWVBUc01ySjJmTFZLWjJORmtlMEw5SUxKdDd6OA","",,"2026-09-05T07:00:00+00:00","""road accident"" ""Tamil Nadu""","true","2026-09-24T17:31:45.625245+00:00","google-news","thestatesman.com","The Statesman","Deadly midnight crash in Kerala: 8 Tamil Nadu engineering students killed as car hits parked lorry on NH-66 The Statesman","Deadly midnight crash in Kerala: 8 Tamil Nadu engineering students killed as car hits parked lorry on NH-66 - The Statesman","https://www.thestatesman.com/india/deadly-midnight-crash-in-kerala-8-tamil-nadu-engineering-students-killed-as-car-hits-parked-lorry-on-nh-66-1503634976.html"
,"https://gulfnews.com/world/asia/india/eight-tamil-nadu-engineering-students-killed-in-kerala-highway-crash-1.500663932",,"Car carrying students from PSM college crashes into stationary lorry on NH-66 in Thrissur
Eight engineering students from Tamil Nadu were killed after the car they were travelling in crashed into a stationary goods lorry on National Highway 66 in Kerala’s Thrissur district around midnight on Friday.
The accident took place at Panambikkunnu Centre in Kaipamangalam, where road widening work is under way. The Tamil Nadu-registered car, carrying all eight students, reportedly hit the rear of the lorry parked near a temporary diversion created for the highway construction.
Get updated faster and for FREE: Download the Gulf News app now - simply click here.
The victims were students of PSM Engineering College in Dindigul, Tamil Nadu.
Local residents and emergency workers rushed to the scene after the crash. Rescue teams had to cut open the wreckage to reach those trapped inside.
Seven students were reportedly killed at the scene. The eighth was taken to hospital with serious injuries but later died.
Police and emergency personnel recovered the bodies and shifted them for further procedures. An investigation into the crash is under way.
Five of those killed have been identified as Vishwa, 20, from Salem; Surya, 20, and Yuvasanjith, 20, from Dindigul; and Santhosh, 20, and Prasanna, both from Madurai.
Authorities were working to identify the remaining three victims and contact their families.
The car, bearing registration number TN 59 DW 8299, was travelling along NH-66 when it crashed into the parked lorry.
Personnel from Kaipamangalam police station reached the spot soon after the accident and began investigating.
The crash comes as extensive widening work continues on several stretches of NH-66 in Kerala, with diversions and traffic restrictions in place at various locations.
Further details are awaited as the investigation continues.","1861","CBMiugFBVV95cUxOX1k0LTJ5LXNMSUstVFNUYWRnUERHX2lDOWZsVzlFSUtkWXlnUDN3ZnUwUG40bVJ0M2syZ1VSckJwRDFvdlJ1Y0k2enZBV2VvUWMtSEFOWUZTMVkwSXEyUzNrNktFcm9oMTZ2bFItMFpTdFpNbmlOVERrRTlQbVRhVk1FZ1hoZFVXX0NiSzBOLXJxMDJ1Z1Y4NHFFbW5PXzFJdVVhSjE5VHFtaHRmLTV6RFBxNnlBMFFUMkE","",,"2026-09-05T07:00:00+00:00","""road accident"" ""Tamil Nadu""","true","2026-09-24T17:31:45.625291+00:00","google-news","gulfnews.com","Gulf News","Eight Tamil Nadu engineering students killed in Kerala highway crash Gulf News","Eight Tamil Nadu engineering students killed in Kerala highway crash - Gulf News","https://gulfnews.com/world/asia/india/eight-tamil-nadu-engineering-students-killed-in-kerala-highway-crash-1.500663932"
,"https://thehindu.com/news/national/tamil-nadu/two-school-students-killed-in-road-accident-in-ulundurpet/article71089311.ece",,"Two school students were killed and two others were injured in a road accident at Mettathur on the Chennai-Tiruchi national highway on Thursday.
The deceased were identified as K. Justin, 16, and L. Bruno, 17, studying in Class XI and XII respectively in a private school at Siruthanur.
Police said the duo along with L. Alen, 15, and A. Sujith, 16, were going on a motorcycle from Gedilam to Madapattu. When they attempted to cross the road, an omni van hit them. In the impact, all four were thrown off the vehicle sustaining serious injuries. While Justin and Bruno died on the spot, the other injured were sent to the Government Villupuram Medical College and Hospital. A case has been registered.
Published - June 11, 2026 07:41 pm IST","740","CBMixgFBVV95cUxNNnZUMmYzaXV5TTFvbGJhVFhoeHB6YTRvTHkySUpRekkwbUdxQk9QUWZDNTJVNDBGWXpWZGgyQl9wNlhWOUx1cXpyRVZZTEtHRlc4dzJsLWpaYlV6RFJ0QVVqMVVsMVhabHJQelFFZHpPcE01UDgzNFl5RnUyUWNncEc2V1dFcko3a1A3MnFlb2RUTkZyWWFjajlreC1aRGl5MnlNcXpzQWZsWl9vTUhpTldyaU1lRVJZdU5BTTY4NlF0c1E0M1HSAcwBQVVfeXFMUGxlak5jbzZwMHZVV1ZaOXl2UnhZXzc3RjRaeGg0Mi1MT25EVWIxdTRCWmZhZm5oTVFOdlRTM0dtaXhzQTdyTGRCQXk2UHhkQXVzZXB0d1NiS210enM2YndXWVJCeHB3VVMzRWFSZkJVWHE3YzRfVEkxak1kUW52N1Foc1ZKd0R1REN2WkhMRXVfdXV0NGRxNWlwYlJoMDNoNDd4WGVWeWNGNE0tWkt2djBzNzVua1VEVkJHU3JneVhLV3R4ZnZpeldGRFFI","",,"2026-06-11T07:00:00+00:00","""road accident"" ""Tamil Nadu""","true","2026-09-24T17:31:45.625714+00:00","google-news","thehindu.com","The Hindu","Two school students killed in road accident in Ulundurpet The Hindu","Two school students killed in road accident in Ulundurpet - The Hindu","https://www.thehindu.com/news/national/tamil-nadu/two-school-students-killed-in-road-accident-in-ulundurpet/article71089311.ece"
,"https://theweek.in/news/india/2026/09/05/kerala-road-accident-thrissur-kaipamangalam-tamil-nadu-students.html",,"Eight students from an engineering college in Dindigul, Tamil Nadu, were killed after the car they were travelling in rammed into a lorry parked on the highway in Kerala’s Thrissur district late Friday night.
The accident took place at Panambikkunnu in Kaipamangalam around 11.40 pm when the speeding car collided with the rear of a Maharashtra-registered lorry. Six students died on the spot, while two others were declared dead on arrival at a nearby hospital.
The car was completely mangled in the collision. The victims were pulled out of the wreckage during a rescue operation involving local residents, fire and rescue personnel, and the police. Their bodies were later shifted to the mortuary of Thrissur Medical College.
According to police, the lorry had been parked illegally on the right side of the highway near a barricaded stretch where traffic had been diverted due to ongoing construction work on National Highway 66. Reports said the car was travelling from the Guruvayur side towards Kodungallur when the accident occurred.
Five of the deceased — Surya, Yuvasanjith, Joshua, Murali and Jeeva — were from Dindigul, while Santhosh and Prasanna were from Madurai and Vishva was from Salem.
The lorry driver, who went into hiding soon after the accident, has been booked under Section 105 of the Bharatiya Nyaya Sanhita for culpable homicide.
“It is definitely a mistake on the part of the lorry driver. An FIR has already been registered. Additionally, regarding the highway authorities and the contractor, we will inspect that as part of the investigation and take strict action,” Thrissur Rural District Police Chief Mohammad Nadeemuddin said.
Local media reports claimed that lorry drivers frequently parked their vehicles on the road and left the spot, making the stretch accident-prone.
Police identified the victims from the student identity cards recovered from the site and contacted their families. Some of the families were reportedly unaware that their children had travelled to Kerala, PTI reported, quoting officials.
A relative told police that Santhosh had recently purchased a new car and that the group had planned a trip to Kochi. However, as the registration of the car was not completed in time, they hired a rented vehicle for the trip.","2272","CBMiswFBVV95cUxQY1NaV2NnSDZDZVBPVFhsOXE0N1RaUko1OTg4dk9adUIyTnE1ZUhoVk1BV0VDcHU4M1VkRXR3MHlRMzZ5YWhQWlREOFpsVDJtaGJvSlhRUGYteVdab2owb2M5bEZnckRMcFlMVHl6N0IyMVBqbHpNUHlvZWEwSHlLM1pBd3JETU9yaEpGTWhUcTBrdG9BZWFUcXNGaEZ3TW5qbFl5TWh0c0dBSGRaRDVURWZxONIBuAFBVV95cUxOekY2cF9XajhHWWhnQ2kyWGItaG4zcjNvVU5zMWRkclR2RXJ2eDBMSFdxRW1rcExuX2hBYkU4bWIteHotTWZDRVJZb05maC1VMk1hSXQ4SFNWeDliWkNubWdXVXVDTVlPSDhlcGJVT000dXRtYmNGaVp5WlR2OGNRaTNFQjNPX0ZKTGZCajB1LThLV1JjYXNmMS04QUMxMlNiRzhvTzBWOVFwOGFTMDhSYkEtV19kbEJW","",,"2026-09-05T07:00:00+00:00","""road accident"" ""Tamil Nadu""","true","2026-09-24T17:31:45.625756+00:00","google-news","theweek.in","theweek.in","Thrissur accident: How a Kerala trip turned fatal for 8 Tamil Nadu students theweek.in","Thrissur accident: How a Kerala trip turned fatal for 8 Tamil Nadu students - theweek.in","https://www.theweek.in/news/india/2026/09/05/kerala-road-accident-thrissur-kaipamangalam-tamil-nadu-students.html"
,"https://thehindu.com/news/cities/Tiruchirapalli/three-killed-in-a-road-accident-near-aravakurichi/article71080755.ece",,"Three persons, including a pregnant woman, were killed in a road accident near Aravakurichi on Tuesday.
The victims were identified as Aravind (30) and his wife Janani (28), who was in an advanced stage of pregnancy, of Karuthiveeranpatti near Usilampatti in Madurai district, and car driver Veera (40).
The accident occurred when they were proceeding to Usilampatti from Bengaluru. The car driver was said to have made an attempt from hitting a two-wheeler that came across the road. However, he lost control of the vehicle during the process and hit a lorry parked on the side of the road. Two persons, who were travelling in the car, suffered injuries.
On information, the Aravakurichi police rushed to the spot and admitted the injured to a hospital for treatment. The bodies of those killed in the accident were transferred to the Government Hospital at Aravakurichi. A case has been registered.
Published - June 09, 2026 06:00 pm IST","939","CBMivgFBVV95cUxQWUp5RjRBX216LVpZQVNnVjlPSHItX21pRTZBZ2FBUXRBd0pRN2kwOUExUG04SFYtNldmQ1BYWG5YQ2FsSmNFYkJoUEJ4SndBQVV4bHFtTlBrckd4M3lUM1VBV01uMjN6eDZGY0NWVE1hX09fdGFpWndmNUUybnVLNDNST0hITWN4b3A1cFNDdVM4bkcxSzhrX3R6dU9YVUVqaGNGem02VXF4a0dnbWNWS0Q4ZjdMeVpobl8wTWhB0gHEAUFVX3lxTFBtTnFTTTdfRVI5X3U2OFNERmhxUW50U1BrN21maXZQSkFtUDR5QjhWMWRRVWRBLTEzdkJZbTdBNGlmSUh4cG16Z2xrd01Eam1TYlBUS1IyWkRkNUVfWTdjY3hkbXplMEdwMTdZS1pMcUw5RXZndFR0WGVSX18zbENWVzVIVjJRVmlqWWpsRVJXV2lZWi10YUtKWE13RGxUTzRWMm9KNmtGYXROaHFZN0lRZjUyR1JMTkEzNVBiakloRnAtNVE","",,"2026-06-09T07:00:00+00:00","""road accident"" ""Tamil Nadu""","true","2026-09-24T17:31:45.625800+00:00","google-news","thehindu.com","The Hindu","Three killed in a road accident near Aravakurichi The Hindu","Three killed in a road accident near Aravakurichi - The Hindu","https://www.thehindu.com/news/cities/Tiruchirapalli/three-killed-in-a-road-accident-near-aravakurichi/article71080755.ece"
,"https://etvbharat.com/en/state/two-elderly-killed-five-schoolchildren-injured-in-tamil-nadu-road-accident-enn26061303394",,"Two Elderly Killed, Five Schoolchildren Injured In Tamil Nadu Road Accident
While the auto-rickshaw with schoolchildren was moving along NH near the Nanguneri toll plaza, a car travelling from Nagercoil allegedly rammed into it from behind
Published : June 13, 2026 at 7:10 PM IST
Tirunelveli: Two persons were killed and several others injured in a road accident near Nanguneri in Tamil Nadu’s Tirunelveli district on Friday evening.
The incident took place after a car heading to Nagercoil hit from behind an autorickshaw carrying schoolchildren, killing two elderly persons. CCTV footage of the accident has now emerged online.
Students of a private school in Nanguneri regularly commute by auto-rickshaw. On Friday evening, after school hours, the autorickshaw carrying students was travelling towards Tirunelveli. “The autorickshaw was moving along the National Highway near the Nanguneri toll plaza; a car travelling from Nagercoil towards Tirunelveli allegedly rammed into it from behind at high speed,” said police.
Following the impact, the car lost control and overturned on the road. Radha (72), a passenger in the car from Nagercoil, died on the spot. Another passenger, Natarajan (70), who sustained serious injuries, died while on the way to the hospital.
Rajamohan, who was driving the car, suffered severe injuries and is undergoing treatment at the Government Medical College Hospital in Palayamkottai. Six others, including five schoolchildren travelling in the autorickshaw and one person from the car, sustained minor injuries. They were admitted to nearby hospitals for treatment.
CCTV footage of the accident, which has surfaced online, shows the speeding car crashing into the slowly moving autorickshaw from behind, causing the rickshaw to overturn due to the force of the impact. The visuals have caused widespread shock.
Police have launched a probe based on the footage. As the car driver is still undergoing treatment for serious injuries, investigators have not yet been able to determine the exact cause of the accident. ""We are examining whether the car lost control due to a mechanical failure, including possible brake failure, or whether the crash was caused by driver negligence,"" they said.
Also read","2236","CBMiwgFBVV95cUxOaTVua0VndFhXVklRVEV2UEFUWm1DcWpHamsxZWtZc3lweFh4cWxaSUUzMGV5Mm1rcGRqeGZWUl9OV2x0NjhRVkhxR0o5cXo1aXV4SjRqZl9kYktsQXN1dHRCYnM1RnJscU4zNERtMzk3OTZIU3pmOXZac293OHdUYTYzX2NuNUVmZ3A1QlJVQk4ydmNBWE11QnU0aXlLc2JmdDRJNXk0dngxa0dWV1pETmYwSnF4RlpENElsYVNGVC1mQdIBxwFBVV95cUxObzMyRVd5VXkwclRvdmg5WU92WmxWeTV4T0FIUVBGWGdpNGxaTmRmTXVUeGtnd1dYZlFwMTFLRWROQ3NTU2NGVjRZUWVrQjE4X3FqZDc3Q0VKaVRkb1hkNzEzUVItOVhoYWZ3OGJjS1ZuZzh0b0htRmZaaW9ob2FaSnlJWGF6UHBMd1RsNWJxWkFSNUl6WkJlQlRvOThwa010YkJaLVRjbldTOW1QalljdUlrYnc4cEwtQ01oMnN4R3gtaERsaGQ4","",,"2026-06-13T07:00:00+00:00","""road accident"" ""Tamil Nadu""","true","2026-09-24T17:31:45.625842+00:00","google-news","etvbharat.com","ETV Bharat","Two Elderly Killed, Five Schoolchildren Injured In Tamil Nadu Road Accident ETV Bharat","Two Elderly Killed, Five Schoolchildren Injured In Tamil Nadu Road Accident - ETV Bharat","https://www.etvbharat.com/en/state/two-elderly-killed-five-schoolchildren-injured-in-tamil-nadu-road-accident-enn26061303394"
,"https://timesofindia.indiatimes.com/city/coimbatore/6-year-old-killed-in-road-accident-in-coimbatore-two-arrested/articleshow/133249223.cms",,"Coimbatore: A 6-year-old girl died after a truck hit the two-wheeler she was traveling on with her mother, on the Thudiyalur–Saravanampatti road on Friday morning. The traffic investigation wing (West) of Coimbatore city arrested two people in connection with the incident.
The deceased child has been identified as J Niralya, 6, a Class I student at a private school in Thudiyalur. Her father, Jaganathan, works for a private company, while her mother, Divya, is employed at the same school where Niralya studied. The family resides in Pannimadai near Coimbatore.
Police said the accident took place when Divya was riding her two-wheeler to drop Niralya off at school. As they reached Vellakinar, a passing truck rammed their vehicle, causing mother and daughter to fall to the ground. Trapped beneath the vehicle, Niralya was run over by the truck’s rear wheels and died on the spot.
Police recovered the child’s body and launched an investigation. They subsequently arrested Marimuthu, 52, of Namakkal, the truck driver, for reckless driving; and 
Vijayan
, a local Xerox shop owner, who had illegally placed a commercial signboard projecting onto the roadway, obstructing traffic and contributing to the collision.
A case has been registered and further investigation is on.","1278","CBMi1gFBVV95cUxQaUdWVW01YmRreUxaNEJuYWVpejZvYnFnM2RtSnI5SWpZM1ZaWGtsTDdOdUxfdDB6SmMxUDhyMHdMTmxxM0N5OE4yaEN2WGNpY3AyeDRsMk1CUS1IUjVVRXlpeGRrOUVZdUtpQk52WGlzZzlldVd6LVBxTmtzQTBaMkMxNV9ZMGdiNGxOUm1xaFZWcUMxSXN5VlBUMFZtUzVhX3Y2UkFKUXBnTzB0UnBoZTNWQUhwSHlCYjVWZlFUQlh5VGpVRndaYklXOU5weWtMQUNUbXFR0gHbAUFVX3lxTE9LQWI0d1lPenJ4SHZCVngyNkRldWlDVk5MYVZGR0V5WjdUcjg4eVpTVEdvNjlqWGhnanR5b1owMHJ0RkZrMU83akVNU2w4ZFZHQ3BrTmNLUDNOMGsxNUNtRWxaRVdkWlowcFRhOVJsaU1YSzl5SmozcGc2UHN0N1BZWDVYM2hxVDJLaThTV0d0Q2tlNFQ1Yl9tVkF1Y2gzSzRvS0FDQ2ZrUFg0d3djVHcyTUFodzBsZ2tDb1NqZGphSGs5VEJDOUFjbzdna284eG9CREpobTNtVElPZw","",,"2026-08-14T07:00:00+00:00","""road accident"" ""Tamil Nadu""","true","2026-09-24T17:31:45.625884+00:00","google-news","timesofindia.indiatimes.com","The Times of India","6-year-old killed in road accident in Coimbatore, two arrested The Times of India","6-year-old killed in road accident in Coimbatore, two arrested - The Times of India","https://timesofindia.indiatimes.com/city/coimbatore/6-year-old-killed-in-road-accident-in-coimbatore-two-arrested/articleshow/133249223.cms"
,"https://thehindu.com/news/national/tamil-nadu/three-killed-in-road-accident-on-ecr/article70990119.ece",,"Three persons riding triples on a motorcycle, were killed in a road accident at Periyamudaliyar Chavadi on the East Coast Road on Sunday.
The police identified the deceased as Silambarasan, 29 of Alapakkam and his relatives Stalin, 37 and Karthikeyan, 33 of Kalapet.
The trio was proceeding on a motorcycle to Abishekapakkam taking Silambarasan to a hospital when a speeding State Express Transport Corporation (SETC) bus rammed behind a car and their two-wheeler. In the impact, the motorcycle got stuck underneath the bus between the two front wheels and was dragged for a few metres.
The three sustained grievous injuries and died on the spot. The bus driver Murugeshwaran, 30 of Dindigul district fled the scene. The bodies were retrieved and sent to Pondicherry Institute of Medical Sciences (PIMS). A case has been registered.
Published - May 17, 2026 05:20 pm IST","870","CBMiqgFBVV95cUxOdzd1aXVaZmtYNzlLRHQyMGZ3OENqanBIdUFpLTQ0WXZSZjk3Y09Pb042aGx3OFNBWHk0VHB5dXZJWkRvMmItRUwtdXZJN2djdzFpdUFPZzhETG9QU2g1V3pTVVVpdV9LcWpCY3dPSnVocURCX25xTTdQWE9hV1hsYy1ubEZkd3RMZlJVbW91cm1jN1NaYmJJUFRITEw4elIyQTlYYXE1VVRNUdIBsAFBVV95cUxPN1RrSGNadG9QNWtUNnlEYV9tZ1FDcGF5cWE5WEpxWkczUGFMeHNfbTBpb1hqYU1YMVptUGN5OTVzUHBQTkt0LTRkQ210dVhsdDU0cG5ZYnAya0lLMzEyR3FRYjY4NHBnZVRwYVlzejFrUzliUTJLaXRRUlpHR3VkTERxdk9HS1Q5NWx5UVRRbVFCNktOcTNJRXIzU1FyVGVvTFhLY0RJcU1kdlpPTmZTMw","",,"2026-05-17T07:00:00+00:00","""road accident"" ""Tamil Nadu""","true","2026-09-24T17:31:45.625926+00:00","google-news","thehindu.com","The Hindu","Three killed in road accident on ECR The Hindu","Three killed in road accident on ECR - The Hindu","https://www.thehindu.com/news/national/tamil-nadu/three-killed-in-road-accident-on-ecr/article70990119.ece"
,"https://timesofindia.indiatimes.com/city/coimbatore/woman-grandson-die-in-road-accident-near-rasipuram/articleshow/133213474.cms",,"NAMAKKAL: A woman and her two-year-old grandson died after the car they were travelling in with other members of the family collided with a truck near Rasipuram in Namakkal district on Wednesday night.
The deceased have been identified as Amudha, 52, of Nagiyampatti near Thammampatti in Salem district and her grandson, Niksith, 2.
The accident happened around 10.30pm when Amudha her husband Natesan, 60, their son N Praveen, 32, daughter-in-law Gomathi, 30, and grandsons Jeevith, 3, Niksith were returning home after visiting their family deity’s temple near Tiruchengode on the occasion Aadi Amavasai. Praveen was driving the car.
“Amudha and Niksith died on the spot while the others suffered serious injuries,” said an officer at the Namagiripettai police station.
On being alerted, police rushed to the spot and sent the injured to Rasipuram Government Hospital. Later, Praveen and Natesan were shifted to a private hospital in Salem for advanced treatment.
The bodies of Amudha and Niksith were sent to Rasipuram Government Hospital for postmortem.
Police registered a case.","1083","CBMixwFBVV95cUxPdy1ob3ZlZDVhOE8xX3J2bXJjZXhJVUJhOWVubnpSQzVPbGtURHc3VXBYd3hFSzRvb2h5c3d1Tkd2aWhXdjMzUWlyUEVFY00zNmNUZnVZdUpmNWo2eXZqX19FWS1HWEpTTGFpVzFwQnNLS1FfaTlSM1JXVFlUWC1pZTdNcEE2TlFnYjFNeDhUczdxZWxrS0ExSTZqRTdHUmt2MXp0WmlBXzFoQ3VRdnI2T0FOWUdxWHNOaVRZQXhfeWdtbWdpQzkw0gHMAUFVX3lxTE9iRmdYVVBIMmlSMmpYZlVIeThteE9tRWk2UE1LWnYtWmVCYlZsR0RHTTRrZUUwWTlXSFFuY3gwTHlwUGpBWkphQnZvenB0ejdkcGJvLUMzdUdxYk83enFYOGQ5Nlh1WEdWS3hCR1pXWmxSN0tHTXloR3ZtQURzaWludVdOdk5OVkRvRF9lSGZsczQ4T0w0bE5KTUVHUzI4cTVJSE5jNnA5cHA4cnNJN2thaktxanJRczc2dTlXSjEzeUV3aXhnNDNvZWo5aA","",,"2026-08-13T07:00:00+00:00","""road accident"" ""Tamil Nadu""","true","2026-09-24T17:31:45.625972+00:00","google-news","timesofindia.indiatimes.com","The Times of India","Woman, grandson die in road accident near Rasipuram The Times of India","Woman, grandson die in road accident near Rasipuram - The Times of India","https://timesofindia.indiatimes.com/city/coimbatore/woman-grandson-die-in-road-accident-near-rasipuram/articleshow/133213474.cms"
,"https://timesofindia.indiatimes.com/city/trichy/3-including-pregnant-woman-killed-in-road-accident-in-tamil-nadus-karur-district/articleshow/131606690.cms",,"TRICHY: Three including a 28-year-old pregnant woman and her husband were killed in a fatal road accident reported near Aravakurichi in Karur district on Tuesday. The speeding car in which victims travelled lost control and rammed a stationary truck from behind after a two-wheeler suddenly crossed the highway.
Karur police said that a family of three including V Aravindh, 30, and his wife A Janani, 28, their two-year-old daughter Dwitha were commuting in a sedan car from Bengaluru to Usilampatti, their native near Madurai. Janani was eight months pregnant. The car was driven by one P Veera, 40, of Usilampatti.
While approaching Esanatham junction near Aravakurichi on Salem-Madurai national highway at around 6 am on Tuesday, a two-wheeler attempted to cross the highway. Though the car driver Veera tried to steer the speeding vehicle away from the two-wheeler, the car after hitting the two-wheeler had lost control and rammed a stationary truck on the roadside.
Even as the safety airbags were deployed, Veera, and the couple Aravindh and Janani were killed on the spot. The couple’s daughter survived the accident with injuries. The two-wheeler rider identified as P Pandithurai, 32, of Aravakkurichi was severely injured. Police said that the injured were admitted to a private hospital.
Bodies of the deceased were moved to Karur govt medical college hospital for autopsy. Aravakurichi police are investigating the case further.","1442","CBMi6gFBVV95cUxOTlRRQWJaME9yc2NNRTlHRDBDSFNMVnVGNjRJMjhPUGdvMHJ2cVpxNWhVQ0xVUW5JbVR4cFE5SW1ZZkNtRS1PT0RJei1DVF9ZeHJFWlU0b0VoMmlNeFNLUzVlZmw3M1ZaNXBnSWVuYVNaSURFaVozU3JFeVBnaHU4dHF0N0ZaS2dxM1FmNTQ1SE1aUXlqQjJNSGFHZDdjbW56N214WGtHLTF3aTZtRkVlS0VFZWVnc3Z5NWM3WWpPaHBDY1NodkpkbC1iSGQ3YjJEN044Z3RaUjRlYzlXUHczYjZSbk4waHE4NnfSAe8BQVVfeXFMTmUwS0JETEZOUjkzeUNGMGdZcUVQYy03c2NuRnJMcGdMNXhqTmhUSGdkRzZxQjJVelJIOUtDVWZzOVVZQ2RxU0tmc2dreFZxV1pvZVlvc1hKXzJpckVrcERzTjVSQmEzSkRrMXZ6U000bzVpbjZlQTgxN2FFYkVqM0ZIWEJTcGxGMlk4anNxcEMzYTN3eExsN3Z1QnU1QmxjaDZBczNoOEhBQ3pkSlE3LUg0SWs4Q3BlN2tlTXhwMzNjXzh6TzlBVk9vS1RBdkU5eFhFRHpHZ0hIZ2pVYkt2V05OSlJlOHNMM2Q5ek9KelE","",,"2026-06-09T07:00:00+00:00","""road accident"" ""Tamil Nadu""","true","2026-09-24T17:31:45.626072+00:00","google-news","timesofindia.indiatimes.com","The Times of India","3 including pregnant woman killed in road accident in Tamil Nadu The Times of India","3 including pregnant woman killed in road accident in Tamil Nadu - The Times of India","https://timesofindia.indiatimes.com/city/trichy/3-including-pregnant-woman-killed-in-road-accident-in-tamil-nadus-karur-district/articleshow/131606690.cms"
,"https://newsonair.gov.in/vice-president-c-p-radhakrishnan-expresses-grief-over-cuddalore-road-accident",,"Vice President C P Radhakrishnan today expressed grief over the loss of lives in a tragic road accident in Cuddalore, Tamil Nadu. In a social media post, the Vice President expressed his condolences to the affected families. He also wished courage and strength to those who have lost their loved ones in the accident, and for the early recovery of the injured.","360","CBMipgFBVV95cUxQUndqODlvbDdBUWhnaDh3T244bkY0UlFBU1RuUU43S3VOQU9xTl9BZzA4Mlp2WUNVTEVPVEdnTk9yMG5raWpBQTBfckFidnRTSEhRdEZua3NGSkxwdTdZRXlwU2VCbXk5ZFVzbzdzV3VQb1RISjgzMEd2ZlhQVkh6akhJbVZJU0c5dnp3R3NPWG1NNWdjeC1XQXJUcURDOVJSb2l6b0RR","",,"2026-05-26T20:52:51+00:00","""road accident"" ""Tamil Nadu""","true","2026-09-24T17:31:45.626140+00:00","google-news","newsonair.gov.in","News On AIR","Vice President C P Radhakrishnan Expresses Grief Over Cuddalore Road Accident | Akashvani News News On AIR","Vice President C P Radhakrishnan Expresses Grief Over Cuddalore Road Accident | Akashvani News - News On AIR","https://newsonair.gov.in/vice-president-c-p-radhakrishnan-expresses-grief-over-cuddalore-road-accident/"
,"https://thehindu.com/news/national/tamil-nadu/head-constable-killed-in-road-accident-in-villupuram-district/article71188504.ece",,"A 40-year-old head constable was killed in a road accident at Kanjanur near Villupuram on Sunday (July 5, 2026) night.
The police said Panchamoorthy, attached with the Prohibition Enforcement Wing in Gingee, was riding his motorcycle to Villupuram when a lorry rammed his vehicle at Kanjanur. The accident occurred at around 7.30 p.m.
He died en route to the Government Villupuram Medical College and Hospital. The Kanjanur police have registered a case, and further investigation is under way.
Published - July 06, 2026 02:17 pm IST","533","CBMiywFBVV95cUxNUl9QRFVBWHpZNGZGYnB6N0s2cjRzV3Q5NmRlOE9FNUIteXMwdnpJVllXOVpiUS1TNk5UdkNYUFVsMXI5STRYbWViVzV1V0ZkNEZoMHpDWGlNQk43LTVhVGg5UUJvVTgtUWtpWWZIZjBUSGxPb3NXSWVlVk9UNnl0Y2ZBTU9mdHVfT3VqTGY2VDlhOTFmZV9Sa0tsc01veFNCdEkwNzA0cml1b3FHZTFhZDVmWkpsWTNRVmZxY0FEQzFvbG9MR3ZRS01YTdIB0gFBVV95cUxOME1qTGliYk5OcUJaaUNPVS1pVmV3TzRCYVk5S1BUSWd2X0F5TUNpdElXV00ybFRRaHI1VnVlRF9vOUhxaUROMVZPTEdZR3RJQTU0bk5aZUkwUFZ5bmk5a085WE1NdmFkV2lFNGhBTGNPNk1ZT0pqbC1ucy1EVkpoU2kyWS1LNDhFNlVibmUyTWRuZlFleEhjYlNObEZQS19vYVV2SDBlSW9VVWRsUXlaTVh2SktDSzBrdjF3YV9JRFVTbkF3aktUUllCXzBCQTZNYkE","",,"2026-07-06T07:00:00+00:00","""road accident"" ""Tamil Nadu""","true","2026-09-24T17:31:45.626279+00:00","google-news","thehindu.com","The Hindu","Head constable killed in road accident in Villupuram district The Hindu","Head constable killed in road accident in Villupuram district - The Hindu","https://www.thehindu.com/news/national/tamil-nadu/head-constable-killed-in-road-accident-in-villupuram-district/article71188504.ece"
,"https://timesofindia.indiatimes.com/city/coimbatore/college-student-die-in-road-accident-near-krishnagiri/articleshow/132460819.cms",,"KRISHNAGIRI: A college student died after a Tamil Nadu State Transport Corporation bus rammed his two-wheeler in Krishnagiri on Friday.
The deceased has been identified as Madesh, 18, of N Thattakkal village near Pochampalli in Krishnagiri. He was a first-year degree student at a private college. 
The accident happened when Madesh was returning home from Velampatti after seeing off some relatives. As he was negotiating a narrow, sharp curve near the Sendrayampatti bus stop, a TNSTC bus coming from the opposite direction rammed his motorcycle. Madesh fell under a front wheel of the bus and was crushed to death on the spot. 
Upon receiving information about the accident, the Nagarasampatti police rushed to the spot, recovered Madesh’s body and sent it to the Krishnagiri Govt Medical College Hospital for postmortem. Police registered a case and began investigations.
According to locals, dense tamarind trees line both sides of the road, completely obstructing the view around the narrow curve. Drivers are unable to see oncoming vehicles until it is too late, which they allege was the reason for this accident.","1121","CBMiywFBVV95cUxNMmFLN1RxVDFaRGFTMks2TlVlMjE4c0RnSFF5WmJLcnhqcVh2U0FSYVdsUEo1OG5tVk1UN21kdnZ1ZFlTT3J3d2gxWWVwNHR1OVBrWUFMQ1VmMmhoWUhwcngwTmNEQUt0SkkzU09OaUg5VEFTSFNaRWZxQ0dreFhHZU0tRW1FNWZPZmhoWm84Q3VrRzJZSm1LM1JFRUhlbTRBRC1Tejh5bW90Y2JTc0tWNGl2WWpYUWZKYUdqbWtWcmY5a3pxVk1oVTVnVdIB0AFBVV95cUxNZDg2OHhLOWd3SVduQU0zdU9vRm81bVBmaW0xTkQ1VDR0MEtzbXdvRzd2a1pMUGhINGZNWXlxckkzQlloeF9CU2JpbmNEUGVUdVllbjRjV1ZaajVoOFNuYXJnWUswVXo1Q1RTYWpmYnl0YkFRd3lOMVB1TEVOd21KV2lhVnRiUlUwSVpXdDlpYmp2bzZTbHdmd2s5ZU5rSDZCems0dXg2QjBBNTlpNUpHY2U1aFJ2QkZhTTZrY1lBSG1YZnN6c1Z2Y01pcjBEUlds","",,"2026-07-17T07:00:00+00:00","""road accident"" ""Tamil Nadu""","true","2026-09-24T17:31:45.626344+00:00","google-news","timesofindia.indiatimes.com","The Times of India","College student dies in road accident near Krishnagiri The Times of India","College student dies in road accident near Krishnagiri - The Times of India","https://timesofindia.indiatimes.com/city/coimbatore/college-student-die-in-road-accident-near-krishnagiri/articleshow/132460819.cms"
,"https://newindianexpress.com/states/tamil-nadu/2026/Jun/09/pregnant-woman-among-three-killed-in-road-accident-near-tns-aravakurichi",,"KARUR: Three people, including a couple, were killed and two others, including a two year old girl, were injured in a road accident near Aravakurichi in Karur district on Tuesday morning.
According to police, the deceased were identified as V. Aravind (30) of Karuthi Veeranpatti near Usilampatti in Madurai district, his wife A. Janani (28), who was eight months pregnant, and car driver P. Veera (40) of Nethaji Nagar in Usilampatti, Madurai district.
The injured were the couple's daughter, A. Vaveera (2), and P. Pandithurai (32) of Kalaivanar Street in Aravakurichi, Karur district.
Police said Aravind and his family were returning to their native place from Bengaluru in a car. When the vehicle was approaching Esanatham Cross Cut Road on the Karur–Dindigul National Highway at around 6 a.m. on Tuesday, Pandithurai, who was riding a two wheeler ahead of the car, allegedly took a sudden right turn.
In an attempt to avoid hitting the motorcycle, driver Veera swerved the car to the left, causing it to crash into a stationary van.
In the impact, Aravind, Janani and Veera were killed on the spot, while the other two sustained grievous injuries, police said.
On receiving information, the Aravakurichi police rushed to the spot, rescued the injured and admitted them to a government hospital for treatment. The bodies of the deceased were recovered and sent for postmortem examination.
Further investigations are under way, police said.","1444","CBMi0AFBVV95cUxPZDhXOVlOc0VpcTBIXzNBR0NHdTVvaEduUzB1UHhxVnkxTUtGNTJfMG93c1hzVjBoaVZJVEdCRVZEU3FVZnZwYmNjRFFFT251bWlsX2xQaVVxUy1BbDd3aU9GcTluMUs3c01rLWZtZ1J2NVVzODlTRkkzZjFhbVVCb3dqdmFWTlFfT2JpUDlfZW9VR3pLdWRiV1dCelh2NkV5R2FIT2FPbEdRN2ZTcWkydXE0ZmNCbDhUNHBYdWxtczB6dmZpU20wNXV6VVRZLW1z0gHeAUFVX3lxTE1CU3lnZkdjazdIWFQ4WmMxX2E0N3R1aWVETThZTk5sczJzdEo5cV9Ma29MWGs4dENZeVdlWEhlUE9lVV9DaUhva1JoeVVKMVBWc1psMDZ2X3pWZHQxZWYwN0hTN0Jtb0FfUGg2NW9NT1VhWm9hOTZDMVJ0TDhWaTdwYXU1b05BdExoTE54ekZPSzczWG5LUXVKYm9wWWM0S25lNjRMQkRJdk5MZjQxQWI3ekUxRTg3R296ZnpNNEY5U1RNd2NMdGVxVlVXWE9PdzR3OG9TMlJsbmRZRFZRUQ","",,"2026-06-09T07:00:00+00:00","""road accident"" ""Tamil Nadu""","true","2026-09-24T17:31:45.626416+00:00","google-news","newindianexpress.com","The New Indian Express","Pregnant woman among three killed in road accident near TN's Aravakurichi The New Indian Express","Pregnant woman among three killed in road accident near TN's Aravakurichi - The New Indian Express","https://www.newindianexpress.com/states/tamil-nadu/2026/Jun/09/pregnant-woman-among-three-killed-in-road-accident-near-tns-aravakurichi"
,"https://aninews.in/news/national/general-news/tamil-nadu-4-killed-in-car-lorry-collision-in-negamam20260511225215",,"Coimbatore (Tamil Nadu) [India], May 11 (ANI): Four people were killed in a fatal road accident on Monday in Tamil Nadu's Negamam, police official said.
The accident took place when a car travelling from Pollachi towards Palladam collided with a lorry coming from the opposite direction.
Police said the car was carrying five members of a family, including Dhanapal (37), his wife Menaga (35), Sneha (23), Kaniska (17), and Surjith (12), all residents of Salem district.
According to the Negamam police information, the lorry driver, Saravanan (39), while driving from Palladam towards Pollachi, allegedly lost control and rammed into the car in a rash and negligent manner.
Dhanapal, Menaga, and Sneha died on the spot. Kaniska and Surjith sustained injuries and were taken to the Government Hospital, Pollachi. Later, Kaniska was declared dead by doctors, while Surjith was referred to Coimbatore Medical College Hospital for further treatment.
Negamam Police said the lorry driver Saravanan has been secured, and further investigation is underway. The bodies of the deceased have been sent for post-mortem examination.
Further details are awaited. (ANI)
Tamil Nadu: 4 Killed in car-lorry collision in Negamam
ANI | Updated: May 11, 2026 22:52 IST","1249","CBMiuAFBVV95cUxNWGp3RTdHOXhCM2k3UldMVV9iWDg4a05xOVZLWTgzUWJPQXp6Y3lJQ3VKX29fNHdicGVOOEdiVXNyQllfVmNBTWNCYUd0azdpcmNsMXZWWHdCTTRJVzUtYnJ0YVZ3VmlJN3d0eTVHb3FsWndTd3oyaUxXY1hQb251aG8ySmRGT2lmVmM2VzUyaElUeXpOel9jWVl1VEtvSmUxZ3lFUlJwVjFRbUg4N0ZlMVN6RUEySEx2","",,"2026-05-11T07:00:00+00:00","""road accident"" ""Tamil Nadu""","true","2026-09-24T17:31:45.627362+00:00","google-news","aninews.in","ANI News","Tamil Nadu: 4 Killed in car-lorry collision in Negamam ANI News","Tamil Nadu: 4 Killed in car-lorry collision in Negamam - ANI News","https://www.aninews.in/news/national/general-news/tamil-nadu-4-killed-in-car-lorry-collision-in-negamam20260511225215"
,"https://timesofindia.indiatimes.com/city/coimbatore/two-women-die-in-road-accident-near-salem/articleshow/132092309.cms",,"SALEM: Two female contract employees of an Aavin dairy farm died after falling under the rear wheels of a truck from a two-wheeler near Tharamangalam in Salem district on Monday evening.
The deceased have been identified as S Chamundeeswari, 36, of Kattampatti near Jalakandapuram and R Chitra, 30, of Vennanampatti. They were employed as contract workers at the Aavin dairy farm in Kollapatty. 
The 
accident
 happened while they were riding on a two-wheeler towards Tharamangalam after their work hours. Chamundeeswari attempted to overtake a brick-laden truck near Park Nagar in Tharamangalam. “Seeing a car approaching from the opposite direction, Chamundeeswari applied the brake suddenly, causing the two-wheeler to skid. Both fell on the road and came under the rear wheels of the truck. Both women sustained head injuries and died on the spot,” said an officer at the Tharamangalam police station.
Police recovered the bodies and sent them to the Omalur Government Hospital for postmortem. A case was registered, and efforts were under way to trace the truck driver who fled the accident spot.
Chamundeeswari was a widow with two school-going sons. Chitra is survived by her husband Rajendran.","1201","CBMiuwFBVV95cUxQMlN2SjFMczFRRjdoOXZWcG5HZTE2WUl4SUhubHgtRlVRNGgwd2VmQU5rSVFldThobHV5bW5xTVhNU2h2TEl3RGd4TzdYVnRRYkFiMk96ZktRdXluU3lBeUdSVFRodVVDd09QSGx1V1pwSDN5alJsdWhxLWFnaFlGUnBkR2dPY1A0R0VIS05Nd195b0hUTnBWNnZTM1JxdVUxR3lrSnFWWW51VjhZaGRqOW5NQWJZa29wYkhz0gHAAUFVX3lxTE94UUZFS0JQUWdBRTE5ZTlXN0RINXhJUVZaYUxYZFRienN1alAyT2ZYeWNfa2pQdzRFa1BYZ3NBdHdNZ0xTa214d0VROWZUczNxRmd5Rk1xS1QxTEhJRk4tWTZ1Z0ZpX3dGTFF6U1JVeWd0Q3I1VHVocVZLTnhDX2NTckJ5THg4el9RQjJ1c3FJVGs2SjlHVFRvQmFhdFZiTGxDWmM1aWY4ZHRIRGpTQUhlZTBUbnBnNnl2cWdiTHBNRA","",,"2026-06-30T07:00:00+00:00","""road accident"" ""Tamil Nadu""","true","2026-09-24T17:31:45.627431+00:00","google-news","timesofindia.indiatimes.com","The Times of India","Two women die in road accident near Salem The Times of India","Two women die in road accident near Salem - The Times of India","https://timesofindia.indiatimes.com/city/coimbatore/two-women-die-in-road-accident-near-salem/articleshow/132092309.cms"
,"https://thehindu.com/news/national/tamil-nadu/constable-dies-in-road-accident-in-vellore/article71138087.ece",,"A 39-year-old police constable was killed after the two-wheeler he was riding on was hit by a government bus on Chennai - Bengaluru Highway (NH 48) at Konavattam, within Vellore Corporation limits, on Tuesday.
The police said the deceased was identified as G. Suresh Babu, a constable attached to Pallikonda police near Vellore town. Initial inquiry revealed that Babu was on his way to Pallikonda police station when the incident occured.
The police said Babu was caught unaware by a bus that suddenly took a left turn. He hit the bus and was badly injured. Passersby and other motorists admitted him at Government Medical College Hospital in Vellore where doctors said he was brought dead. A case was registered by Vellore North police. A probe is under way.
Published - June 23, 2026 11:03 pm IST","799","CBMisgFBVV95cUxQNnVqY21ad3JDc0pQcjhkX3ZjOVNrYnBTay11VXphQklXS3k2VXFZOE1hQmdLdEduLV9xeXF3d2NlUkZZeHRMdG1WUE5pWWZNUmMxRzJOVXhhY2RtOWJSaDA1azZPMFJQZVFqN3kxVUQ5cElYV0NGUjhhaXRraXVNTjNpMFM1c3N0X1pfRzIxX1RXUl95dHM5ckJQeWhNenZzSnVwRTV4d3Vhbmhxd2pNay1R0gG4AUFVX3lxTFBHNkVLRlJBcHR2YzVGZUYwVW1MNEI1WUlTR3BWTlk5Ml9ac1RsMk9wQWMwdkstY25HcUl4aUt2dFhYeElDVm01N2w1WmMzeEp0dnBiQnNxNktxWUNuZ2ctSnh0RzRCSnlhNWh6a1FTZ3pDb19FUXA4UTNLVmNMSHlEdUpReHFiYWdsVktldTI0bzFZNm01UUtDTXN4VU5aejFTamVtNm1FSl9tN3duaXVVS2MzMlBNeVk","",,"2026-06-23T07:00:00+00:00","""road accident"" ""Tamil Nadu""","true","2026-09-24T17:31:45.627593+00:00","google-news","thehindu.com","The Hindu","Constable dies in road accident in Vellore The Hindu","Constable dies in road accident in Vellore - The Hindu","https://www.thehindu.com/news/national/tamil-nadu/constable-dies-in-road-accident-in-vellore/article71138087.ece"
,"https://timesofindia.indiatimes.com/city/indore/mp-records-second-highest-road-accident-cases-in-country/articleshow/131185219.cms",,"Indore: Madhya Pradesh continued to remain among the country’s most accident-prone states in 2024, recording the second-highest number of road accident cases after 
Tamil Nadu
, while also figuring among the top states in road fatalities, according to the latest NCRB data. The report shows that despite years of traffic enforcement drives and awareness campaigns, the state continues to witness a high volume of crashes, deaths and injuries on both city roads and highways.
The NCRB data placed Madhya Pradesh just behind Tamil Nadu in road accident cases during 2024. The state also recorded over 15,152 deaths and more than 56,000 injuries in road accidents during the year, making it the fourth-highest state in terms of fatalities after 
Uttar Pradesh
, Tamil Nadu and Maharashtra.
Separate figures on traffic accidents painted an equally grim picture, with Madhya Pradesh reporting the highest number of traffic accident cases in the country. In traffic accident deaths too, the state remained among the top four nationally.
The NCRB data further showed that most road accidents across the country occurred between 6 pm and 9 pm, accounting for 20.8% of total road accidents. During this time slot, Tamil Nadu recorded the highest number of accidents at 16,823, followed by Madhya Pradesh with 11,208 and Kerala with 9,711 cases. 
The 3 pm to 6 pm period accounted for 17.4% of total road accidents nationally, while 12 pm to 3 pm accounted for 14.8%.
Road safety experts often link these hours to a mix of heavy traffic movement, reduced visibility, speeding and driver fatigue after long work hours.
Month-wise analysis revealed that the highest number of traffic accidents in the country took place in May, accounting for 8.8% of total cases. Time-wise analysis of traffic accidents in the country showed that the maximum number occurred between 6 pm and 9 pm, accounting for 20.4% or 1,01,232 cases, followed by the 3 pm to 6 pm slot with 17.1% or 84,837 cases out of the total 4,95,256 traffic accidents reported in 2024.
The report also highlighted the the vulnerability of commuters on National Highways. Uttar Pradesh recorded the maximum highway deaths at 7,621, accounting for 12.5% of the total 60,894 National Highway fatalities in the country. Tamil Nadu followed with 6,359 deaths, Maharashtra with 5,098, and Madhya Pradesh with 4,711 deaths reflecting the deadly combination of speeding, poor lane discipline and high-impact collisions on long-distance routes.
Another worrying trend was the high share of fatalities linked to driving under the influence of alcohol or drugs. Maximum fatalities due to driving under the influence of drugs or alcohol were reported in Uttar Pradesh at 36.4%, followed by Madhya Pradesh at 13.2% pointing towards weak compliance with drunk-driving laws despite frequent police campaigns and checkpoints.
The data collectively paints a picture of a state where rapid vehicular growth, expanding highways and weak traffic discipline continue to outpace enforcement and road safety infrastructure. With evening hours consistently emerging as the deadliest period and highways contributing heavily to fatalities, the NCRB findings raise fresh questions over road engineering, emergency response systems and the effectiveness of traffic policing in Madhya Pradesh.
GRAPHIC
Traffic accidents during 2024
Madhya Pradesh 57428
Kerala 47,053
Karnataka 43071
Uttar Pradesh 42582
Rajasthan 24969
Traffic accident Deaths during 2024
Uttar Pradesh 27071
Tamil Nadu 20390
Maharashtra 19475
Madhya Pradesh 16831
Karnataka 12399
Road accident cases during 2024
Tamil Nadu 67526
Madhya Pradesh 55711
Kerala 46591
Karnataka 43062
Rajasthan 24119
Road accident deaths during 2024
Uttar Pradesh 22923
Tamil Nadu 18449
Maharashtra 15888
Madhya Pradesh 15152
Karnataka 12390","3805","CBMiygFBVV95cUxQblhaOVBFcDh2V3ZfMVFOU2lidmUyVDR0QmJyVXZQeHQ1UlA0bXA3ZjMySnVULU41R2pXVEJUVXIyZFRzYzVOdFlROUJUV01PbnFoTExTY0NTaWtpbG9FZlBWUmZDZXM5U00wU1RfQVZEdm51akk1MkJkUkxrM0QzT24wV2JDWjdCTmozS01KdkFBc3FZMGpwZ1djV01sWUJVYXZEOGRDNEg3NzVjb3d5WGhYaUpJOWhYN3JLOE5LM2NuX3NkOUpiRlhR0gHPAUFVX3lxTFBsSzJWUUVMNlB1Q1FRbTNGYTJaRFY3S3p6U18wV05ycmcxSmwxWmRYMF9reGxWdXV6VGlESGhHQUVkV0JYdUtuTDVXbzVHb1JuWmlkOVpELWJSUURQeDQ3TnF0MWtTVlRrZmVzWlFUdHFKWHhQa0hETV9YbUdLY19lU3ZoU1ZtcjFFa3pwOHhqM1BRQ3JydTdVckY0SjFjYnJITUNxOTBoaUh1bkxEWHBhWlU0X1Aza201Y1dWOGZoaFlPYWJEUmxoUDQ2X1ItQQ","",,"2026-05-19T07:00:00+00:00","""road accident"" ""Tamil Nadu""","true","2026-09-24T17:31:45.627694+00:00","google-news","timesofindia.indiatimes.com","The Times of India","MP records second-highest road accident cases in country The Times of India","MP records second-highest road accident cases in country - The Times of India","https://timesofindia.indiatimes.com/city/indore/mp-records-second-highest-road-accident-cases-in-country/articleshow/131185219.cms"
,"https://timesofindia.indiatimes.com/city/chennai/chennai-road-accident-involving-unregistered-bike-dealer-rider-directed-to-pay-rs-97-lakh-to-deceased-assistant-professors-family/articleshow/132629009.cms",,"CHENNAI: A motor accident claims tribunal in Chennai has ordered a two-wheeler dealer, who allowed a new bike to be used on a public road without even having a temporary registration number, and the bike owner to pay a compensation of 97.18 lakh jointly to the family of a man who was fatally knocked down by the vehicle. 
Judge Dharmaprabhu passed the order awarding Rs 97.18 lakh as compensation to the family of Balamuthu Murugan, an assistant professor at Loyola College, who was killed in a road accident at Gummidipoondi in 2017.
Murugan was riding his motorcycle when a newly purchased two-wheeler, driven rashly and negligently and coming in the opposite direction, collided with his vehicle, resulting in his death.
His wife, children and mother moved the tribunal seeking a compensation of Rs 53 lakh. After examining the evidence, the tribunal enhanced the compensation to Rs 97.18 lakh. It further held that the dealer could not escape liability as the new vehicle had been permitted to ply on a public road without securing even a temporary registration, in violation of the law.
The tribunal directed the vehicle owner and the dealer to jointly deposit the compensation amount within one month.","1208","CBMirAJBVV95cUxNSXRGVXV6cDdTSG5KMlJmOUU1OHdpLXYyQVdzbDNBT3FKby1McWhYZF9MMnB4b3Z5RVJRMUVmZ2wyY29YdzJRMFVoNVc1RVNOdWtPRnY5Q01POWkzVmgzZTdrNkluUTltdDFWdkI4bW4zT1BjbUVIV0pVb25WZGdpcUdZWXV3Vy0yZzMtR2E4ZFpQVDFOOFY2MWdVczBlMTdZd0Y2LTdXazZLNW1lTk5DTHJPakNTOG4tTWwyWXZfUm5ieFVoLVQtaTlsTlQ0MnVKY3ZGQXg1MzRraXNEUUdySTE0SGRfcWdkOWdFMWNoZTd3VGdDbnpRVmNrbWJNS09Dc1VTc21DcHVsdWNFT1NPbUxDZTduYUJkUTQ3ZUJscExpcndOR3dkTzNxT2LSAbICQVVfeXFMTXdOcVBLaGxOMXNYVEVkTWpWMEdYZ3l2YXRyTmhYVEdCMmQwb1IzWWloRlBfdFRUNmZMTnJvQ3FNR0dKOW5BOFY0RjdlQk5mUndCbnZNRExHUl8yMnAzS1NseHlOVS1uX3ZOYzQtWDVHdjE2dmVZN1pQa28ySnJ6RjNJUGpqSE5Kcll1UGw2TjRlblpmUGlVWWJhMEFhOUM3UUdiLTdLLXBwemlMUnUwUWVXdHBqdElJdDFnZW00MWRzMzRGb19SajZQSDJ6cFg0NGJTNm9CZmdqTEdKU256dXR0VGppRUxLN3RyeWk0SG5kcDVKVFR5aHM1aWJlRzJhRUZKeXZhWWRMZ1psTTlFdkpyNVdjZHJGcWVpQVpHdTVlck00MWlWV25UMmx6TG9iMzlR","",,"2026-07-25T07:00:00+00:00","""road accident"" ""Tamil Nadu""","true","2026-09-24T17:31:45.627886+00:00","google-news","timesofindia.indiatimes.com","The Times of India","Chennai road accident involving unregistered bike: Dealer, rider ordered to pay Rs 97 lakh to deceased as The Times of India","Chennai road accident involving unregistered bike: Dealer, rider ordered to pay Rs 97 lakh to deceased as - The Times of India","https://timesofindia.indiatimes.com/city/chennai/chennai-road-accident-involving-unregistered-bike-dealer-rider-directed-to-pay-rs-97-lakh-to-deceased-assistant-professors-family/articleshow/132629009.cms"
,"https://timesofindia.indiatimes.com/city/chennai/more-than-10-injured-traffic-affected-in-road-accident-near-krishnagiri/articleshow/132438536.cms",,"KRISHNAGIRI: More than 10 people suffered injuries when a Tamil Nadu State Transport Corporation (TNSTC) bus rammed a granite-laden truck at Attakurikki in Krishnagiri district in the early hours of Thursday. The accident caused a severe traffic jam on the Chennai-Bengaluru National Highway that lasted almost two hours.The accident happened when the TNSTC bus was heading towards Hosur from Tindivanam. The bus rammed a truck that was trying to cross the highway.Bus driver K Mohan, 47, of Krishnagiri suffered leg fracture in the accident. “The driver and the other injured were rushed to Krishnagiri Government Medical College and Hospital for treatment,” said an officer at Shoolagiri police station.The accident caused a three-km-long traffic jam on the national highway. Police and fire and rescue service personnel removed the damaged truck and bus from the road and restored traffic.
V Senthil Kumaran is currently working as the Special Correspondent for The Times of India, focusing on the districts of Salem, Namakkal, Dharmapuri, Krishnagiri, and Erode.
As the sole representative for these five districts in Western Tamil Nadu, Senthil Kumaran covers a wide range of topics, including crime, education, and civic issues. He has exposed numerous scams and held several government officials accountable for their actions.
In addition to his journalism work, he holds an MBA in Human Resources, an M.Sc. in Psychotherapy, and an LLB, along with a BA in English Literature.Read More","1492","CBMi3wFBVV95cUxOaWhKeEIyaEMzaXI2eWJZSG1wbEpIbUw4N2x1OHQ5bDJDN1VPWHRsVHVzMF85UEZlWFB5VmYya2RVNkF6cHdSc0RpNURsYnVVOW5KM1N0bWpXR1pHTWxGbDJ3SlljOUNXVUVUaWczVzlfNVdTRTYyS0Y1alRhbHNvblF3TGgzVmp6MWo0Zmd0eUtuVnBXclZJMTNWcnNjNWJQZGpRSllYOHlTWXdSUGZoaVp4WVE5STBDdWNUZVc5ODAwMkVTQ2ZsNk5PMEMzUzdKc1lnUDZFVVZDUUFuWUEw0gHkAUFVX3lxTE8wdUxjbHpLZ281aU8zcUgxb0dVc3RDeVZvcHRPZU41MTFUR3M1MHBya2thUnp0Z0hPX0k2eU14eGdSaEZvV2JyRTVZMVBJMENNVnktdnJ3U0pxVXVWU2Y0YnR1N1F6N0g2dEZzQUh2dHNsTWZ0bUw2V1BwWXJuN0RwYUh1dzQtbnM3SGlwbTJ6Q1I4d3dOcHppbDhBVHFBQm9zWEl0N19WNHlHMDNyZ29sbW1yX2NpMlVMbS03aS01cExwa01QSm5GWDAwM1B2OVdybjc5bGl6WWEwaHVxMHRpMDg4bw","",,"2026-07-16T07:00:00+00:00","""road accident"" ""Tamil Nadu""","true","2026-09-24T17:31:45.628266+00:00","google-news","timesofindia.indiatimes.com","The Times of India","More than 10 injured, traffic affected in road accident near Krishnagiri The Times of India","More than 10 injured, traffic affected in road accident near Krishnagiri - The Times of India","https://timesofindia.indiatimes.com/city/chennai/more-than-10-injured-traffic-affected-in-road-accident-near-krishnagiri/articleshow/132438536.cms"
,"https://timesofindia.indiatimes.com/city/trichy/two-killed-one-injured-in-road-accident-in-trichy-city/articleshow/132420906.cms",,"Cleared/235 Words
Trichy:
 Two men were killed and one sustained grievous injuries after their two-wheeler going on the wrong side of the Trichy-Dindigul national highway (NH) rammed a truck approaching from the opposite direction on Wednesday morning.
The double fatal accident has thrown light on increasing traffic violations including overspeeding, wrong side riding, and overloading in the city.
Police said that R Vinoth, 35, of RMS colony, R Saravanan, 33, of Karumandapam, and Ramesh, 34, of Viralimalai in Pudukottai district, were staying in Karumandapam and worked as cooks in a private hotel.
On Wednesday around 11.15am, Vinoth was riding a two-wheeler with Saravanan and Ramesh as pillion riders. Police said the trio were travelling on the wrong carriageway to reach RMS Colony. As they neared a home appliances showroom on the highway, the two-wheeler rammed the truck, heading towards Pirattiyur.
Vinoth and Ramesh suffered severe head injuries and died on the spot. Saravanan, who sustained a leg fracture, was admitted to MGMGH in critical condition.
The Trichy south traffic investigation unit has registered a case and is questioning the truck driver, G Rangan of Ariyalur.
Locals blamed the recurring accidents on helmetless riding, rampant on-street parking along the Trichy-Dindigul NH and overspeeding by heavy vehicles on stretches passing through congested areas.
“Almost half the carriageway is occupied by two-wheelers and cars of people visiting commercial outlets in Karumandapam. Police should regulate on-street parking,” said K Subramanian, a Karumandapam resident.","1599","CBMixwFBVV95cUxOOTdVdldKMlFtaVR6UDRGczJ6UlFVMk0zdXJnRmZ0YzMxQkh0eHlaYU9GdHBuemFOaC1XZmpPZkRHYTRENXU4WEFXUklvMkx2RldWM1JtVUFoSWtDT2lsdjZrd2N1cURLRDBNV00wYW5KOERPZjluVGtTanJvNUVobzdGWU91aGZ2cnY0ZEZHUzhMXzJHVVpZalRaTlRsZEhVazQ2czdLeEhXZm1JZ0h5WGQ0b3JDekhTU05HYTBVeDFEUU81eEln0gHMAUFVX3lxTE1zV0RhcEVPVmpPZWJyODRYb0liQjZFOEVsa2hZdmFjSFRuTEpXZW8tOVRicGhrTVFhbEQ1Rk9ER2hiSVJZYUtqZGxmaFREcE14cWU0SUR2cWJpbHdrM0ttLTJ5cFNKRHlCbVZTVzdIM19Xb1A4WXJsbmZ1eXduN3RXaEhtSFVZS3hROVdLa3dXWGc2cXYzWkJoT0daLXlUcktIei1sT3dKMFZFWG5MVmVnT3hNaElXb0k0RWVIZ0drQUNPMkNrRGRsNE1xZA","",,"2026-07-15T07:00:00+00:00","""road accident"" ""Tamil Nadu""","true","2026-09-24T17:31:45.628397+00:00","google-news","timesofindia.indiatimes.com","The Times of India","Two killed, one injured in road accident in Trichy city The Times of India","Two killed, one injured in road accident in Trichy city - The Times of India","https://timesofindia.indiatimes.com/city/trichy/two-killed-one-injured-in-road-accident-in-trichy-city/articleshow/132420906.cms"
,"https://etvbharat.com/en/state/four-family-members-among-five-killed-in-tamil-nadu-car-crash-with-stationary-lorry-enn26080203576",,"Four Family Members Among Five Killed In Tamil Nadu Car Crash With Stationary Lorry
A speeding car crashed into a stationary lorry on a highway in Coimbatore, killing five, including four family members; investigation is victim ongoing.
Published : August 2, 2026 at 5:54 PM IST
Coimbatore: At least five persons, including four of the same family, were killed after a car crashed into a stationary lorry on the Pollachi-Pallani National Highway in Tamil Nadu’s Coimbatore.
According to police, a speeding car lost control on the highway and collided with a lorry carrying a water tanker that was watering plants, killing five people, including three women.
Four of the deceased belonged to the same family from Gurubampalayam near Madukkarai in Coimbatore. Police identified them as Kanagaraj, his wife Poornima, and their daughters Amritha and Aarthi. The identity of the fifth victim is yet to be confirmed.
#WATCH | Pollachi, Tamil Nadu | Five people were killed in a road accident near the Nallampalli Junction on the Pollachi–Palani National Highway, after a speeding car crashed into a stationary lorry near Pollachi in Coimbatore district. 
Four of the deceased were members of the… pic.twitter.com/D7Ri139sQE
Kanagaraj’s family was returning from Udumalpet when the car suddenly went out of control near Nallampalli on the Pollachi-Pallani National Highway and rammed into the lorry on the central median.
The accident resulted in five deaths, while the car was also completely destroyed. A police team from the Komangalam, which rushed to the spot, said they recovered the bodies of the five people in the car and sent them to the Pollachi Government Hospital by ambulance for an autopsy.
“We have registered a case and seized the footage recorded on the CCTV cameras on the national highway. An investigation is underway to find out the actual cause of the accident and the identity of the car driver,” police said.
Meanwhile, police have removed the car wreckage involved in the accident and cleared the traffic.
Also Read","2034","CBMizgFBVV95cUxOUjVMbzU0RUtmMVZjUFI1eFVVbXpIcHZRQ09jUTlPbzRaZlZWSXc3cFMzMU5kbDBIaF93a3I5TVAzYS1sYmQyd0luUnlYd3BFSnZYbUFxV2ZtdU1weGtZekdPN2Jta25HUEZKZHBvV3hSZmo0YzRpcUJfd09PY055VlNKSENnbGE0enZZbmhWNUNWQ1pqQjFwUEtHT2dYQVhqcHNnd19kRG1MMnlUUWhNMGc0SXEtMlZmVWlnV0R5ZlpGNXZoRmIyeERtRWVjUdIB0wFBVV95cUxNanVDRVEwZGRDZ0Z0VVdnMXJPZklPV1BmYkFSbkYzRG05dkRIaFFnRFBFMUdrS1Jrejd1ODc0aUJDcXVOM3YxTGt4eG5DX3drQWk1UlRMNVl5RnB5bnpKVnA2MHk5ZEcwNTE2cTlqaEhJYjBfV096UC1sbUg0QVJ5M3laN2Q5U3VQa09FeU1ORzI2TURfSFJhamozNmhHb3VsLVdBSUE3NnlKTW9zTjRNUk9yRUg2WkFVODRVbkhkbzRYTGxjT3dhbWRmOFFpbUcwak9r","",,"2026-08-02T07:00:00+00:00","""road accident"" ""Tamil Nadu""","true","2026-09-24T17:31:45.628473+00:00","google-news","etvbharat.com","ETV Bharat","Four Family Members Among Five Killed In Tamil Nadu Car Crash With Stationary Lorry ETV Bharat","Four Family Members Among Five Killed In Tamil Nadu Car Crash With Stationary Lorry - ETV Bharat","https://www.etvbharat.com/en/state/four-family-members-among-five-killed-in-tamil-nadu-car-crash-with-stationary-lorry-enn26080203576"
,"https://deccanherald.com/india/keralam/grief-sweeps-kerala-village-as-bodies-of-tamil-nadu-accident-victims-arrive-3972463",,"Malappuram: They had begun their journey together in a tempo traveller, bound by friendship and shared moments of joy. They came back, however, in nine ambulances -- lifeless, leaving an entire village grappling with an overwhelming sense of loss.The premises of a state-run school in Pang village here turned into a place of collective mourning on Saturday as the bodies of 9 people--teachers, non-teaching staff and their relatives associated with the Palliparamba Government Lower Primary School--were brought back following a fatal road accident in neighbouring Tamil Nadu on Friday.The convoy of ambulances, which left Pollachi after postmortem procedures that concluded in the early hours, reached the Ambalaparambu government higher secondary school in the morning.The bodies were placed one after another in the school compound for the public to pay their last respects.A large number of people gathered on the campus--students in tears, anxious parents, stunned colleagues and villagers who had long shared close bonds with the victims.Several people broke down on seeing the bodies, with some fainting and others crying inconsolably, reflecting the depth of the tragedy that has shaken them.""Now only three of us remain in the staff room,"" a teacher said, struggling to come to terms with the loss.Another colleague recalled how she had narrowly missed being part of the trip.""We were also supposed to go, but dropped the plan due to some reasons,"" the woman told a TV channel.Local villagers said the school community functioned like a close-knit family. ""We were all like one family,"" a neighbour said, watching the proceedings with tear-filled eyes..8 pilgrims, including women, from Karnataka killed in accident in Kurnool district.According to sources, a 13-member group comprising teachers, non-teaching staff, their relatives and a driver had set out on Friday morning.Nine of them were killed in the accident, while the remaining four, who sustained serious injuries, are undergoing treatment at hospitals in the neighbouring state, they said.The trip, which was not organised officially by the school, included a visit to Athirappilly waterfalls before the group proceeded towards Valparai in the Coimbatore district of Tamil Nadu, where the accident took place.Postmortem examinations of all nine victims were completed at a government hospital in Pollachi between midnight and 4 am, following which the bodies were transported back to Malappuram.Several leaders, including State General Education Minister V Sivankutty, MLA A P Anil Kumar and Manjalamkuzhi Ali, visited the school to pay their respects.The bodies were later taken to their respective homes for the last rites.Speaking to reporters here, Sivankutty said the tragedy had dealt a severe blow to the school, with most of its teaching staff among the victims.He said the government would take urgent steps to ensure adequate appointments before the school reopens after the summer vacation in June.The minister also said counselling support would be provided to students affected by the incident and assured that families of the deceased would receive financial assistance from the Chief Minister's Distress Relief Fund.He added that a detailed inquiry would be conducted into the accident and appropriate measures would be taken to help prevent similar incidents in the future.","3361","CBMixAFBVV95cUxPaFdlUnF2TnJGMk5oTmxnZjAwaXJycFU2Um85RWRpeERMQklEbjNudVZMV2kwRHo4djR4djRNbDY0ODVOY3o0cHJCZDJuOURxTHEtOW1qbU95TlhZbmZKczYtYVN1UlJ0U3dCWlFmYjVIZEszeUtUTzhNNllIZ0ZNU2NtTFZ4ZUlVSG1yYUpReWRHS19FZGsxQlBoWWlmcTZOeHNpSnI5dk5nTlJZZTJUbGsybHBSQ2lQMGV6Vl93dVRoUnJw","",,"2026-04-18T07:00:00+00:00","""road accident"" ""Tamil Nadu""","true","2026-09-24T17:31:45.628888+00:00","google-news","deccanherald.com","deccanherald.com","Grief sweeps Kerala village as bodies of Tamil Nadu accident victims arrive deccanherald.com","Grief sweeps Kerala village as bodies of Tamil Nadu accident victims arrive - deccanherald.com","https://www.deccanherald.com/india/keralam/grief-sweeps-kerala-village-as-bodies-of-tamil-nadu-accident-victims-arrive-3972463"
,"https://siasat.com/eight-killed-in-car-lorry-collision-in-keralas-thrissur-3536553",,"Thrissur (Keralam): Eight people, believed to be students from neighbouring Tamil Nadu, have been killed in a tragic road accident in central Keralam’s Thrissur district, police said on Saturday, September 5.
The accident occurred around 11.40 pm on Friday, according to the police.
The car in which the youths were travelling collided with a lorry parked on the highway at Panambikkunnu in Kaipamangalam near here.
All eight people in the car died on the spot.
The youths were pulled out of the car in a rescue operation carried out by locals, fire and rescue personnel and police.
Their bodies were taken to the mortuary of Thrissur Medical College here, police said.
The vehicle involved had a Tamil Nadu registration.
Those killed in the accident are suspected to be students from Tamil Nadu, police said.
The car was reportedly travelling from the Guruvayur side towards Kodungallur.","888","CBMikAFBVV95cUxQQTYxVkV4RkJpVVJGVk5iaEpLaDFDd1RtWVRqZGRnYy1tNlNUYVBJUGdRTUk1RWt2c3M0QnFuczJ5eUhkLWMteDVwOEVuSzg1c3o2ZWpvUVJPSFUxLU5Icmdla2VycGNIUjltZGxJTjh6YlZQeGJocUtDN0FMSllNam9DTG9jaGFDWEhMOWEzVmjSAZYBQVVfeXFMTkx3M1hKODhTNGN1YXdEZkVBM3IwMV94b2ptRWh5eVpsRnp4c0tVc01TbVVlZ3R1MVh0cjN5Z1lveVBJVzZiR29KWnlQQU5JWmtGM1Rrd3pXLVMzUURueHJGdnp0QmhKcVBncGx5dVlfbkJOam43SnNITmx0N1NIcU1XTUxpMlJiUFptaktyZ0dJYmRVZHh3","",,"2026-09-05T07:00:00+00:00","""road accident"" ""Tamil Nadu""","true","2026-09-24T17:31:45.629209+00:00","google-news","siasat.com","The Siasat Daily","Eight killed in car-lorry collision in Kerala’s Thrissur The Siasat Daily","Eight killed in car-lorry collision in Kerala’s Thrissur - The Siasat Daily","https://www.siasat.com/eight-killed-in-car-lorry-collision-in-keralas-thrissur-3536553/"
,"https://timesofindia.indiatimes.com/city/coimbatore/cop-among-six-killed-in-road-accident-near-tirupur/articleshow/131066382.cms",,"TIRUPUR: Six people, including a police constable on duty, died in a road accident near the Kurukkathi check post on the Coimbatore-Trichy National Highway in the early hours of Wednesday.
 The deceased have been identified as Ravichandran, 36, a constable attached to the Vellakoil police station; Senthil, 48, a truck driver; Ram, 22, a sport utility vehicle (SUV) driver from Alangulam and SUV passengers Narasimhan, 65, Santhalakshmi, 60, and Balaji, 36, of Mayiladuthurai.
 According to police, around 3 am, a truck transporting logs from Cuddalore to Vellakoil hit a barricade placed in front of the Kurukkathi check post. Truck driver Senthil parked the vehicle on the roadside and sought the help of constable Ravichandran, who was on duty at the check post, to reposition the damaged barricade.
 While the two were moving the barricade, a speeding sport utility vehicle travelling from Mayiladuthurai to Coimbatore hit them. After hitting the constable and the driver, the SUV rammed a stationary truck. All six people, including a woman in the SUV, died on the spot.
 On receiving information, the Vellakoil police rushed to the scene and recovered the bodies. The bodies were sent to the Tirupur Government Medical College Hospital for postmortem.
 Senior officials, including Coimbatore range DIG P Swaminathan and Tirupur district collector Manish Narnaware, inspected the accident site. A case has been registered, and a detailed investigation is under way.
 Tamil Nadu chief minister C Joseph Vijay announced compensation of Rs 30 lakh for the family of the constable who lost his life in the accident.","1617","CBMixwFBVV95cUxNSVhIME0xVkxxU2tKM2FtRFVEaEJzQk8zczFkc3RseE5wTWpBOFVPU1JadGxvRjhfMk5LRTY3RXlNQTVNQUJlV3h2aEpVRjFxcGVmU01aTDdJVHdGT2hBTXl5NlM4aUhyWldnRTJJLWRBMzM3WGpMTDIya0UwdEVsVHhzUUJEQjlnX2hienYtV3ZQUjlUM20ySVpqVzRLVVJzMlVPanJTWUhabm5QRWpIMzJxSTNzX2l2bEYzeHZJN29iVXV3dlBz0gHMAUFVX3lxTFBRN3FzdmRZVFgxamw0QVRaMWtHZ2JVNmN3TU83cjJReHNSUm4tUS1xSDBQRm9yYkkySVFydWo4YVZRdEtSXzBpSXhBcnQ5akwtcTNBMjJZRjRJSHVqdE1vVzNFdFA2T3RnYlp1TVhMeGV2MGN4ZkR5WnpLY3V1MHJpVEpGdGJCLVFSUEFocUFESkhiQ0NYV0w1YUtDSFFmS0MtR1I0MG5JblhLWkFJYTE3NE52T2o5QWZHVXpybnN5UUNFamZ6N3RsLXBnTQ","",,"2026-05-13T07:00:00+00:00","""road accident"" ""Tamil Nadu""","true","2026-09-24T17:31:45.629330+00:00","google-news","timesofindia.indiatimes.com","The Times of India","Cop among six killed in road accident near Tirupur The Times of India","Cop among six killed in road accident near Tirupur - The Times of India","https://timesofindia.indiatimes.com/city/coimbatore/cop-among-six-killed-in-road-accident-near-tirupur/articleshow/131066382.cms"
,"https://etvbharat.com/en/bharat/road-accident-deaths-rise-in-2024-despite-safety-push-enn26051202858",,"Road Accident Deaths Rise To 1.75 Lakh In 2024 Despite Safety Push
A study conducted in Maharashtra highlights that awareness and utilisation of emergency medical services remain at a very low level, reports ETV Bharat’s Gautam Debroy.
Published : May 12, 2026 at 2:07 PM IST
New Delhi: The death of a veteran film producer RB Choudary closely associated with megastar-turned-Tamil Nadu Chief Minister C Joseph Vijay in a road accident near Joontha village in Rajasthan last Tuesday has once again brought India's road safety crisis into sharp focus.
What began as another highway journey ended in tragedy, echoing the fate of thousands of ordinary citizens who lose their lives on roads every year due to speeding, reckless driving, poor visibility and inadequate emergency response systems.
The tragedy also underlines how road accidents in India cut across social and economic lines, from migrant workers and daily commuters to celebrities and public figures. Behind the statistics are families shattered without warning, livelihoods disrupted and dreams abruptly halted.
Official data show that more than 1.75 lakh people died in road accidents in 2024 alone, with over-speeding remaining the leading cause.
Safety experts warn that unless enforcement, road engineering and public awareness improve significantly, such tragedies will continue to recur with alarming regularity on India’s highways and urban roads alike.
Underlining persistent concerns over speeding, reckless driving and weak traffic discipline despite continued road safety campaigns across the country, a latest data compiled by the National Crime Record Bureau (NCRB) witnessed a fresh rise in road accidents and fatalities in 2024.
According to the latest official data, the number of road accident cases increased from 4,64,029 in 2023 to 4,67,967 in 2024, while deaths rose from 1,73,826 to 1,75,142 during the same period. The number of persons injured in road accidents also climbed marginally from 4,47,969 in 2023 to 4,48,365 in 2024.
The broader tally of traffic accidents in the country increased from 4,91,190 in 2023 to 4,95,256 in 2024. The rate of deaths per thousand vehicles also edged upward from 0.53 in 2023 to 0.54 in 2024, indicating that fatalities are rising faster than vehicle growth in several regions.
The data show that over-speeding continued to be the single biggest killer on Indian roads. In 2024, as many as 61.2 per cent of all road accidents were attributed to over-speeding, resulting in 1,01,649 deaths and injuries to 2,83,162 people. Although the proportion was slightly lower than the 61.4 per cent recorded in 2023, the absolute number of fatalities remained alarmingly high. In 2023, over-speeding had claimed 1,01,841 lives and injured 2,81,026 people.
Dangerous or careless driving and overtaking emerged as another major contributor to fatalities. Such incidents accounted for 26 per cent of road accidents in 2024, compared to 23.7 per cent in 2023. Deaths caused by reckless driving jumped sharply from 41,035 in 2023 to 46,132 in 2024, while injuries rose from 1,03,306 to 1,12,504.
Poor weather conditions contributed to 2.1 per cent of accidents in both years, suggesting that human error continued to outweigh environmental factors in causing road crashes.
Two-wheeler riders remained the most vulnerable category among road users. In 2024, 48.3 per cent of all road accident victims were riders of two-wheelers, up from 45.8 per cent in 2023. Victims travelling in SUVs, cars and jeeps accounted for 13.6 per cent of deaths in 2024, while trucks, lorries and mini-trucks contributed 7.9 per cent. Three-wheelers and auto-rickshaws accounted for 4 per cent of fatalities.
The rural-urban divide in accidents remained nearly unchanged. Rural areas accounted for 59.7 per cent of road accidents in 2024 with 2,79,412 cases, while urban areas reported 1,88,555 cases or 40.3 per cent of total accidents. In 2023, rural areas had accounted for 60.2 per cent of accidents with 2,79,572 cases, while urban centres reported 1,84,457 cases.
Residential neighbourhoods continued to emerge as dangerous zones for commuters and pedestrians alike. Nearly 31.2 per cent of all road accidents in 2024 — amounting to 1,46,232 cases — occurred near residential areas, compared to 30.6 per cent or 1,42,198 cases in 2023. The figures indicate growing traffic pressure within populated localities and inadequate traffic calming measures.
Among states and Union Territories, Mizoram recorded the highest percentage increase in traffic accident cases, rising from 47 cases in 2023 to 69 in 2024. Meghalaya also reported a notable increase from 232 to 268 cases. Telangana saw one of the steepest rises in absolute numbers, with accidents increasing from 23,673 to 26,503. Puducherry reported an increase from 1,317 to 1,440 cases, while Chhattisgarh recorded a rise from 14,003 to 15,270 cases.
Road safety experts have repeatedly stressed the need for stricter enforcement of speed limits, improved road engineering, better helmet and seatbelt compliance and stronger emergency trauma care systems.
The latest data suggest that despite infrastructure expansion and awareness campaigns, unsafe driving behaviour continues to fuel a public health and safety crisis on Indian roads.
It is worth mentioning that inspite of emergency medical services expanding through nationwide ambulance networks like 108/102 and the rollout of the unified 112 system in India, the overall system remains uneven and both urban and rural regions still face delays, limited resources, and care.
A study conducted by experts assessing public awareness and perceptions of emergency medical services in Maharashtra highlighted that awareness and utilisation remain at a very low level.
The study assessed public awareness and perceptions of Emergency Medical Services (EMS) in Maharashtra, using a questionnaire-based survey of 1,220 participants. Although EMS systems like the ‘108’ ambulance service are widely implemented, the findings highlight that awareness and utilisation remain suboptimal.
“While 76.2 percent of respondents correctly identified ‘108’ as the emergency number, a significant proportion either did not know or confused it with other numbers. Moreover, only 20.2 percent had ever actually used EMS services, indicating a gap between awareness and real-world activation,” renowned health expert associated with emergency medical services, Dr Tamorish Kole told ETV Bharat.
According to Dr Kole, the study also revealed concerning gaps in basic life support (BLS) knowledge and emergency response behavior.
“Only 17.5 percent of respondents stated they would check for responsiveness in an unconscious person, and notably, a large proportion of healthcare professionals also failed to identify this as an initial step. Many respondents preferred calling EMS rather than initiating first aid, reflecting limited confidence or training in immediate lifesaving actions,” he said.
The study further highlighted behavioural and systemic challenges affecting EMS effectiveness.
“While most people reported they would give way to ambulances in traffic, compliance was not universal. Additionally, misconceptions existed regarding the roles of paramedics and appropriate use of ambulances, including transporting deceased individuals. Cultural factors and fear of legal complications also influenced bystander response, with many people hesitant to intervene in emergencies,” Dr Kole added.
Also Read","7494","CBMipwFBVV95cUxQS255ZEhSdXp5T1pRZUZEckdhZFlxWncwNXF2ZkRfS2N6TEpRLVhMODh3ZnFqb21KcmQ3bWx4YVdtS0NfTmk0Y05YWUdRM2N5NUZyeGxkLU9sd2ZZVUJaajg1LU8ydmU3YkFmVG5ydEJUZTZFWm5ieHVuUTBwODE4V25MZXRqM1RvQ2NzU3hibl9DYkU4UGt6U0hVcjhIODMxTlpWSG9IMNIBrAFBVV95cUxPZ2tsQ2UyYzNpODhzS1h5RldmUktURUtHX3NNY2FadjNvWFljU01HZDlTNGRsWXFUcjJQd21vYnlpeDkxS3E5cDk2ZEhDNDRrbUVyVk4yTUI5ZjZad0p5LXJlVnRNclNoVGdZLTNXR29XdVJiY0IwMVI2Zi1hM3NraTRfcV9YcjZPNUZJUW0yVkFkN1U1eVhZLXhRQW1rUGVJZnE0Wm9namtwV0p6","",,"2026-05-12T07:00:00+00:00","""road accident"" ""Tamil Nadu""","true","2026-09-24T17:31:45.629635+00:00","google-news","etvbharat.com","ETV Bharat","Road Accident Deaths Rise To 1.75 Lakh In 2024 Despite Safety Push ETV Bharat","Road Accident Deaths Rise To 1.75 Lakh In 2024 Despite Safety Push - ETV Bharat","https://www.etvbharat.com/en/bharat/road-accident-deaths-rise-in-2024-despite-safety-push-enn26051202858"
,"https://siasat.com/telangana-records-steepest-road-accident-rise-among-major-states-3491748",,"Hyderabad: Telangana has recorded the sharpest rise in road accidents among India’s major states in 2024, with crashes jumping from 22,903 to 25,986 a 13.5 per cent surge that is nearly nine times the national average of 1.5 per cent, according to data released by the Union ministry of road transport and highways.
Large states such as Maharashtra, Tamil Nadu, Karnataka and Madhya Pradesh all registered increases of under 5 per cent. Only a handful of northeastern states fared worse than Telangana.
The state also recorded 7,900 road accident fatalities in 2024, a 3.7 per cent rise and the highest growth rate among southern states. Over-speeding was the leading cause, driving more than 7,500 accidents and around 2,760 deaths.
Hit-and-run incidents have surged in parallel. Around 2,400 such cases were reported in 2024 alone, and over 2,500 people have been killed in hit-and-run accidents across the state between 2022 and 2024. Rear-end and side-impact collisions claimed nearly 2,000 lives across roughly 8,200 accidents during the year.
RTA officials attributed part of the spike to improved reporting. “Even minor road accidents are now being recorded by the police,” an official said, adding that district road safety committees had been set up to address engineering, enforcement, education and emergency response.","1329","CBMinAFBVV95cUxPNWJMRzZ4MjRUaXlDOVZVRHdaTjRzUXp0TlphVVd1d0NUcWNaZkhqUEZ1cXE2QjVNa3FzNV9RNVVuTmN4clFONmVJcWIxaFhkaTk0OERUS1l5M1ZVcEZ1emN1Q1VxZXhKLVlOT3JWSEd3cWJFSXphUGl1RlBxdjBxSXdkc1I4Y3ZrWVVFTUVINjNPMXBXMXl4b0lzdm_SAaIBQVVfeXFMTTJYZmFlSlI0Mk9wZHpwZ0NOenp3WEtESUY4cE9qR3ZXS1NRTF9lNTJCN3JIVWJOY2RYX2dHd3gyNndodkxUdzBacUdkUUdTOGdCR1N4d0djeEw3TUVNUXd3ZFhzY0hnUThWMUwtMmtOZEVhRGNTcUtXZE9aZUVxbTM2bTJxQ2JDalVfVzBiLWVwU0dNdjJJWDAwUE1nTWRfdkR3","",,"2026-06-18T07:00:00+00:00","""road accident"" ""Tamil Nadu""","true","2026-09-24T17:31:45.629685+00:00","google-news","siasat.com","The Siasat Daily","Telangana records steepest road accident rise among major states The Siasat Daily","Telangana records steepest road accident rise among major states - The Siasat Daily","https://www.siasat.com/telangana-records-steepest-road-accident-rise-among-major-states-3491748/"
,"https://timesofindia.indiatimes.com/city/trichy/mini-truck-driver-booked-after-two-injured-in-road-accident/articleshow/130736579.cms",,"Trichy: A 19-year-old mini truck driver was booked by the Trichy North Traffic Investigation Wing police after a two-wheeler rider and his pillion passenger were seriously injured in an accident on the Trichy-Chennai National Highway in the city on Saturday night.
Police identified the accused as P Vishal, a native of Krishnagiri district. 
According to police, Vishal was driving a mini truck towards Chennai when he allegedly rammed a two-wheeler near Sangeetha Hotel at Sanjeevi Nagar. 
The rider, V Prabakaran, 59, of Subramaniapuram, sustained severe injuries to his right hand, while the pillion rider, A Terasamalar, 36, suffered a leg fracture. Both were rushed to a private hospital and admitted for treatment. 
Traffic North Investigation Wing police reached the spot and seized the mini truck. A case has been registered and further investigation is under way. 
MSID:: 130735247 413 |","897","CBMizgFBVV95cUxPbTh5dUpFZmdmSXlEMHpOR0kyYVhGODJTRy1Bc0YtYkxIeTVoV3NzbFRzel84R01BZHhSck83ZURWdUF2RXU4ak9VQ2FGYjlhUVozTGpvRDE1YlJIT05SRU9QRzNwZWhMLWJWanA5LUh4d050VXd6WGp1RGJmSDFEbHgwVWptY3YwRGFWbU11T3Q1MmF6LURMZThDdHozQWFmdi12OHAwRG54eGhHXzdiaHhYUUJyNl8yQlhDeVhNSzA5Q0xYUlc4WXVVcFdDQdIB0wFBVV95cUxNOUV1X21ERjdrMHUtb0g2OHNOY0lTS3R5STdGV21nTWhUTU90dy1GOHFqc3V1R3hOQ1BDbkhyYTZwRGN3eWZ0TkRweFFXLW5sX0w0bVVESHFXSFNWbTFHYmljQnR3RXdITU9yazlsaWtHLTZaUlp0WDEzMFFiNldWWllFci1mQVdpODJEQTJ1d2U0QmVOc25TNm80RnRDZkp1NV9acThtYk5pYllOc3hKZFh3OS1aaC1ydUVnWE5oUzZCRzBPd21SMHBQTkhLV0xTM2tF","",,"2026-05-03T07:00:00+00:00","""road accident"" ""Tamil Nadu""","true","2026-09-24T17:31:45.629747+00:00","google-news","timesofindia.indiatimes.com","The Times of India","Mini truck driver booked after two injured in road accident The Times of India","Mini truck driver booked after two injured in road accident - The Times of India","https://timesofindia.indiatimes.com/city/trichy/mini-truck-driver-booked-after-two-injured-in-road-accident/articleshow/130736579.cms"
,"https://aninews.in/news/national/general-news/deeply-saddened-by-loss-of-lives-president-murmu-expresses-grief-over-coimbatore-road-accident-that-killed-920260418080236",,"Coimbatore (Tamil Nadu) [India], April 18 (ANI): President Droupadi Murmu on Saturday expressed grief over the loss of lives in a tragic road accident in Coimbatore, which killed 9 people and injured several others.
In a post on X, the President extended condolences to the bereaved families and prayed for the speedy recovery of those injured.
""Deeply saddened by the loss of lives in a tragic road accident in Coimbatore, Tamil Nadu. I extend my heartfelt condolences to the bereaved families and pray for the speedy recovery of those injured,"" the President of India's post read.
Deeply saddened by the loss of lives in a tragic road accident in Coimbatore, Tamil Nadu. I extend my heartfelt condolences to the bereaved families and pray for the speedy recovery of those injured.
— President of India (@rashtrapatibhvn) April 18, 2026
Nine people died, and several others were critically injured after a tourist van plunged off a hairpin bend into a gorge in the Valparai hills in the Coimbatore district of Tamil Nadu.
The incident occurred when a vehicle lost control at the 13th hairpin bend and plunged to the 9th hairpin bend, according to Valparai Police.
The tourist van carrying a group of 13 tourists from Perinthalmanna, Keralam, met with an accident while descending from Valparai after sightseeing. The vehicle driven by Mohammed Fasith (21) is reported to have lost control while negotiating the 13th hairpin bend. Consequently, the vehicle skidded off the road and plunged down towards the 9th hairpin bend, according to a press note from police.
Upon receipt of information, the Deputy Superintendent of Police, Valparai Sub-Division, and the Inspector of Police, Valparai, rushed to the scene of the occurrence and supervised the rescue and relief operations.
A massive rescue operation was initiated, with 16 ambulances reaching the spot to manage the casualties, and 13 ambulances returning to Pollachi Government Hospital with injured occupants.
All the injured persons have since been safely rescued and admitted to the hospital. Further investigation into the cause of the accident is underway, and more details will be updated in due course.
Prime Minister Narendra Modi also shared his sorrow over the incident.
""Distressed to hear about the mishap in Coimbatore, Tamil Nadu. I extend my heartfelt condolences to those who have lost their loved ones in the mishap. Prayers for the speedy recovery of those injured,"" the PMO said in an X post. (ANI)","2474","CBMiggJBVV95cUxNcUNCV3ZUTkg0cHpORFVxRWExdWpHemhLeVJRd2RnUTduN1c3OWRNWGpqRThLT3FJaGJpNWxpUGlNNjZZaHM2MUJqVzhweENwZkhuWjRqazZtVG42cTBTbVluVzhlNG4zNFpUSGZKY2VMV0U4ZWhHbExRbHVFaW9aZGJMY1BCdFkzMmlVLWxvdk1DcnRoOVBsQ3pyQ1ZlcWJYQlMzNWJ1VFIyYzdTalRoeExsRDBvYVdxeE5QZVROZU04Z0NVam1tX3FNdzMtdFlOVUlMOTZWWW1INlFBaG54UkNMeVA2U2xYVzhsQWdKM3gwcUJ2ejVpb3JSTWRyZEFvNXc","",,"2026-04-18T07:00:00+00:00","""road accident"" ""Tamil Nadu""","true","2026-09-24T17:31:45.629795+00:00","google-news","aninews.in","ANI News","""Deeply saddened by loss of lives"": President Murmu expresses grief over Coimbatore road accident that killed 9 ANI News","""Deeply saddened by loss of lives"": President Murmu expresses grief over Coimbatore road accident that killed 9 - ANI News","https://www.aninews.in/news/national/general-news/deeply-saddened-by-loss-of-lives-president-murmu-expresses-grief-over-coimbatore-road-accident-that-killed-920260418080236"
,"https://timesofindia.indiatimes.com/city/chennai/3-dead-one-injured-after-car-bus-collision-in-tamil-nadus-hosur-while-returning-home-to-vote/articleshow/130436892.cms",,"KRISHNAGIRI: Three men died and another man suffered serious injuries after a car they were traveling in collided with a private omnibus near Hosur in Krishnagiri in the early hours of Wednesday. 
The deceased have been identified as Veeramani, 25, Pradeep, 25, and Mari, 24. Satheesh Kumar, 25, who suffered injuries in the accident, was admitted to Hosur Government Hospital. All were from Sigaralli village near Pennagaram in Dharmapuri district. 
The accident occurred in the Sanamavu forest area around 4am while the four men, staying in Bengaluru, were returning to their native place in Dharmapuri district to cast their votes in the April 23 Tamil Nadu assembly election. 
""Veeramani, who ran a shop in Bengaluru, and Pradeep and Mari, who worked in shops in Bengaluru, died on the spot,"" said an officer at the Uddanapalli police station. 
On being alerted, a team from the Uddanapalli station reached the spot, retrieved the bodies and sent them for postmortem. A case was registered and investigations were under way to determine the cause of the accident.","1067","CBMi-wFBVV95cUxNek9lbVQtM2wxV3VMaFYxT0ZWMG9FQmhwYnh4NWdnWElJSmxtTkxXck90dXhMU1BkY1RZTnhJX3lfVDJpcXFHSmlSMlVSaVFoOHZEOVYxOGxjcUFhclgtNDZGZUk3enZNWFVsMWx2TTZ2bXRDUkUyM1p4RWtnVVI4NWw2SjdWWXZud1d1S0N3by1udEEwV1g2UG5JajI0dEVwWmRlMmRBRVpLNGl2TV9lS2tVSHdWWDdfOV9UcnVybHAzb3RrWVViV2c2T29lOWJmWnRVeTVReXB0Z0gtdjlNWFN3ZHNJMVlvcGNTaDZlMXpxZXZaSWkyYndvY9IBgAJBVV95cUxPenJwQkN2elNCcnBheGlLTk1HZ0g4SDhBbnVoT1ZGY2hlS1hkVGp1R0RYZm9jRi1PRVRlSzRobkV5WFRuaEdoNWhndlRWWV9PZzVWQ1F2SE0zRjlPanBqSFlMcm44a1RXa3NfdjBRcDhhVVJwVHNVRVpqN0xwRXpMSGxvUEFBVkszSl9md2lDQWVhcXpMbExrQ0NETDVtbEJpQTktX1hhazAtcTB6RDU0TWVqbW9mUG1hZ0hVQnR6U2VENnlRTmhiZmhJSE42TUdFZk44M0FyV1YzTFNwQUV3YjhTNVJuRi1YcTIxZmJNbmY4cUFjaURGWmZLZFlBS081","",,"2026-04-22T07:00:00+00:00","""road accident"" ""Tamil Nadu""","true","2026-09-24T17:31:45.629847+00:00","google-news","timesofindia.indiatimes.com","The Times of India","Three men die in road accident near Hosur while returning to TN to cast their votes The Times of India","Three men die in road accident near Hosur while returning to TN to cast their votes - The Times of India","https://timesofindia.indiatimes.com/city/chennai/3-dead-one-injured-after-car-bus-collision-in-tamil-nadus-hosur-while-returning-home-to-vote/articleshow/130436892.cms"
,"https://newindianexpress.com/states/tamil-nadu/2026/May/30/organs-of-two-brain-dead-accident-victims-save-10-lives-in-tn",,"COIMBATORE: The organs of two road accident victims, including a 13-year-old, who were declared brain-dead, were donated to 10 people, giving them a lease of life.
The organs of both donors were retrieved at two private hospitals in Coimbatore district on Thursday and Friday.
According to the sources, Sathasivam (53) of Avinashi Road in Chinniyampalayam of Coimbatore district was declared brain-dead on Thursday at KMCH in Coimbatore after a road accident on May 24.
Sathasivam, who is survived by his wife and son, met with a road accident near Perundurai in Erode district and was admitted to KMCH after treatment at a nearby hospital. Despite efforts, he was declared brain-dead. With consent from his family, the organs were donated as per the guidelines issued by the Transplant Authority of Tamil Nadu (TRANSTAN). His liver, both kidneys, eyes, and skin were retrieved. While his liver and kidneys were donated to patients in KMCH, his eyes and skin were donated to another private hospital in the city.
In the second incident, the organs of a 13-year-old boy were donated at Royal Care Hospital in Coimbatore district on Friday. The victim Ritheeshkumar, son of Santhamoorthi and Tamilarasi from Mangalam in Tiruppur district, was declared brain-dead on Thursday evening at the hospital. He had been undergoing treatment after a bike accident near Mangalam. While his liver was donated at the same hospital, his kidneys and lungs were donated to three different private hospitals in Coimbatore, Chennai and Vellore on Friday.
The bodies of the deceased were handed over to their families with full honours.","1616","CBMiwgFBVV95cUxOTTlTUjZZWWFfb3hXSE9nUDJsaEg4ekxfMTg2a3JzQXQ4ZUVmWlRxWWxXZmlURkUtWExVOGpzRzcxLTFTQURuVFp2cFRtVWpKTHJUcmZuWS1USkFyenB5ZGd1RjdJREhtMnYycnZXTGdYWmFVQzF2TUh4aTRvbkltam9lY2o1WmRfWUhDTXJIWW9DZXl2M3RPT3N0TmZqTHA3YWNjZTloWnMxVnNmc0FjTjdJR0E0bW9CRjEtT1pESXBJUdIBzwFBVV95cUxNY010XzNGZ1FOZ3dJTy1vVHkwYUFkZW56Y05DbnBOdjBacW9TTlpmUEZ3YXVxUFJEMEg5eHFlZmlxdDF3cnFLcWt1NnNsQ3ZFdlN1WjZEanhvNjE0YWRGeDhqUlJkUDJPRkpuSzQ5bUpSY2w5UlJCdVJNTXp2UmhkaE9Pb1B4WWVKVFI3S3hSZ19VRGNWUkl5SFJqRHk0b2VvMWd5dGoxdk9qdEVlNjFzckNtVlhoSFBVQTV5WDMyV0VELWVkc2c4WTg5b25YTk0","",,"2026-05-30T07:00:00+00:00","""road accident"" ""Tamil Nadu""","true","2026-09-24T17:31:45.629906+00:00","google-news","newindianexpress.com","The New Indian Express","Organs of two brain-dead accident victims save 10 lives in TN The New Indian Express","Organs of two brain-dead accident victims save 10 lives in TN - The New Indian Express","https://www.newindianexpress.com/states/tamil-nadu/2026/May/30/organs-of-two-brain-dead-accident-victims-save-10-lives-in-tn"
,"https://keralakaumudi.com/en/india/general/six-of-family-killed-in-road-accident-in-tiruppur-1777691",,"COIMBATORE: Six members of a family, including two children, died in a road accident near Uthukuli in Tamil Nadu's Tiruppur district. One person is undergoing treatment after suffering serious injuries.
The victims have been identified as S Easwaran (55), a native of Salem Saminathapuram, his wife Thirumakal (50), his son-in-law M Mukilan (35), Mukilan's three-year-old son Sreenith, nine-month-old Kanish, and Easwaran's relative J Sivagami (65). Mukilan's wife, Hema (31), who suffered a serious head injury, is undergoing treatment at Tirupur Medical College Hospital.
The car the family was travelling in collided with a diesel tanker truck. The accident occurred while they were returning after attending a funeral. Easwaran was driving the car. The diesel tanker coming from the opposite direction collided with the car near Uthukuli.
The lorry driver fled from the spot after the accident. Uthukuli police reached the spot and sent the bodies to Tiruppur Medical College Hospital for postmortem. The police registered a case in the incident. A search has been launched for the absconding truck driver.","1110","CBMiogFBVV95cUxPWGl6NlBQbmlXWlU1Qm5EUFpIcWVROU8yaDQyQzVsc3RQOU9NOTRaQThRQjRXdU8wU08xX2pmRlU2RjFXMnhpbTk1SzdFejYzTjQxbkp0azkwSTRlZ2lKc1hCVkdkRlNWdzlFNlFiRHlUWm44YnV0YjNnbGdYTDVBT21uR3pETnhSZkRGMi1vdl9tSkZidmw5U3ZSNXRCajVEOGc","",,"2026-07-11T07:00:00+00:00","""road accident"" ""Tamil Nadu""","true","2026-09-24T17:31:45.629953+00:00","google-news","keralakaumudi.com","Kerala Kaumudi","Six of family die in fatal road accident in Tiruppur, probe ongoing - INDIA - GENERAL Kerala Kaumudi","Six of family die in fatal road accident in Tiruppur, probe ongoing - INDIA - GENERAL - Kerala Kaumudi","https://keralakaumudi.com/en/india/general/six-of-family-killed-in-road-accident-in-tiruppur-1777691"
,"https://etvbharat.com/en/state/three-school-students-killed-in-car-accident-near-mannargudi-enn26061107528",,"Three School Students Killed In Car Accident Near Mannargudi In Tamil Nadu
The mishap occurred when the students of a government high school were walking along the roadside towards their homes, after school hours, in the evening.
Published : June 11, 2026 at 10:35 PM IST
Thiruvarur: At least three school students were killed after they were struck by a car while returning home from school near Mannargudi in Thiruvarur district. on Thursday, police said.
The mishap occurred when the students of a government high school were walking along the roadside towards their homes, after school hours, in the evening.
At that time, a tire on a car traveling from Thanjavur towards Mannargudi suddenly burst. The driver of the car lost control of the vehicle and struck four school students who were walking along the road.
In this unexpected accident, three students—including Yogeshwaran (12) and Rakshith Rajamurali (13) were thrown onto the road. One student, who sustained severe injuries, died tragically on the spot.
Shocked by the incident, local residents immediately alerted the police. Two other students were rescued and rushed to the Mannargudi General Hospital, but they were declared dead upon arrival at the hospital.
The Mannargudi police personnel rushed to the scene upon receiving the information and recovered the body of the deceased student. All the three bodies were sent to the Mannargudi Government General Hospital for post-mortem examinations.
The police have registered a case regarding the incident and are conducting a thorough investigation. Preliminary investigations revealed that the car driver was under the influence of alcohol. Consequently, the Mannargudi police have registered a case against the driver laganathan and have arrested him. The incident has caused deep sorrow among the locals.
Read More","1835","CBMirwFBVV95cUxQNWZBU3VJUmdTZHpUanFERHVIc1pQU2xLa1VTelN3aDJDclh1MmV3M0NObExVRzhJblE4SFdlX294MlYydDcwNmJHVkQ5eFd4SlFHZWpVSmpOQ0xJNnVGUTdMQ2NqeU5qSnpLQkEyNG44WkdkVEs2a3BYU29DV2dxcE42NE4zWnlMWVgyenIwRDBiY3hrNVdYQmRUSDk5ZE9iazduMmlpNEh4NWo0NnFj0gG0AUFVX3lxTE9IZVU2LTBudGxQOHNBOGIxR0JxZ0NadWZ4RzFHc3IzakRWVm1BWksyN21nQm1rdGhzZXNaRF9RUEdkVXhyeVlXc1IteGQ3cDR4b1gzMk9jNER0N0pSXzVXcmg2YVBjNjdVVkRXc0dLMlVrckFfSEJnRkRsemtBamVaekF0S25XVHVvZVZxVHlDWEFJdVdFYnowalFQY0dCNW8yWTAyakV5YzNidlBhOWNac1FFNA","",,"2026-06-11T07:00:00+00:00","""road accident"" ""Tamil Nadu""","true","2026-09-24T17:31:45.630006+00:00","google-news","etvbharat.com","ETV Bharat","Three School Students Killed In Car Accident Near Mannargudi In Tamil Nadu ETV Bharat","Three School Students Killed In Car Accident Near Mannargudi In Tamil Nadu - ETV Bharat","https://www.etvbharat.com/en/state/three-school-students-killed-in-car-accident-near-mannargudi-enn26061107528"
,"https://timesofindia.indiatimes.com/city/coimbatore/valparai-ghat-road-accident-death-toll-rises-to-10/articleshow/130443679.cms",,"COIMBATORE: The death toll in last week’s van accident on the Valparai ghat road rose to 10 on Wednesday after an injured man died while undergoing treatment in Coimbatore Medical College Hospital.
The deceased has been identified as A Nowsath, 39, of Malappuram. 
A 13-member group comprising teachers and staff members of Pallipparambu Government Primary School in Kerala’s Malappuram district, along with their family members were on a trip to Valparai. 
The accident happened on Friday evening while they were returning home after visiting Valparai. When the van reached the 13th hairpin bend on the Valparai-Pollachi ghat road, the driver, identified as 21-year-old Mohammed Fasith, allegedly lost control of the vehicle. The van crashed through the retaining wall and plunged about 800 feet down the mountainside, landing upside down on the road near the ninth hairpin bend.
Eight people died on the spot, and another died on the way to the hospital. The other four were admitted for treatment. While 10-year-old girl Maijn was admitted to Pollachi Headquarters Government Hospital, Nowsath, Shahadin, and Fasith were referred to Coimbatore Medical College Hospital for treatment. Maijn returned home after treatment, while the others remained under medical care. Nowsath died on Wednesday morning without responding to treatment.","1336","CBMixwFBVV95cUxNTG0wNzlRcGdVa3N4LVk1d2ItSFNRNmwzcnk3TGZkaHZMVE84VWtsRnJNb0lxRXJyTFQ2SlJ6SDBwVGtmMDJyV1BncDVGbV9BSE1qd25pYmRjejlPTDNiRUIxV19MU01FNWZBbUpvZFdjZTdZNVdOakZjZjVJZDZ5bzQ5WlF3amNDN1hTOWlUdlZuSzA3aktqR2JBOXhJbDNPQ3JKcm5DZ09lQldLZW5LaFB0QkpCVGtzN3hELTFHNDNBRXBLRVdj0gHMAUFVX3lxTE5HREhmWGUwX1VmQ2JUeUYxQW9RazJ5YjJrdHRHbHFoWWNCQWhlZDlLeW9sajAtYU9ZV0JfRDhoUDB0RFM3TlM3d1lzb0RUc3hXelhnRlQzZnJQX2ZBRWFWRm5XckFYLWFoYlRzd3RYR2dyc0p1aGs5WnlWaXM1elpDUUxkT2dyc28zY1I3WERRd3d4Vk1MdmVnenl0ZTV5b3puQ0gxSS1kTDkxcUtIVzltLVh3TFp0Q2FTTFp6ZndfN19uQ0ZSa01RaUtmMg","",,"2026-04-22T07:00:00+00:00","""road accident"" ""Tamil Nadu""","true","2026-09-24T17:31:45.630081+00:00","google-news","timesofindia.indiatimes.com","The Times of India","Valparai ghat road accident death toll rises to 10 The Times of India","Valparai ghat road accident death toll rises to 10 - The Times of India","https://timesofindia.indiatimes.com/city/coimbatore/valparai-ghat-road-accident-death-toll-rises-to-10/articleshow/130443679.cms"
,"https://deccanherald.com/india/tamil-nadu/nine-killed-in-tamil-nadu-road-accident-kerala-village-mourns-loss-3972750",,"Malappuram (Kerala): They had begun their journey together in a tempo traveller, bound by friendship and shared moments of joy. They returned, however, in nine ambulances—lifeless—leaving an entire village grappling with an overwhelming sense of loss..The premises of a state-run school in Pang village in Malappuram turned into a place of collective mourning on Saturday as the bodies of nine people—teachers, non-teaching staff, and their relatives associated with the Palliparamba Government Lower Primary School—were brought back following a fatal road accident in neighbouring Tamil Nadu on Friday..The convoy of ambulances, which left Pollachi after postmortem procedures that concluded in the early hours, reached the Ambalaparambu Government Higher Secondary School in the morning..The bodies were placed one after another in the school compound for the public to pay their last respects..A large number of people gathered on the campus—students in tears, anxious parents, stunned colleagues, and villagers who had long shared close bonds with the victims..Several people broke down on seeing the bodies, with some fainting and others crying inconsolably, reflecting the depth of the tragedy that has shaken the community. “Now only three of us remain in the staff room,” a teacher said, struggling to come to terms with the loss..Another colleague recalled how she had narrowly missed being part of the trip. “We were also supposed to go, but dropped the plan due to some reasons,” she told a television channel..Local villagers said the school community functioned like a close-knit family. “We were all like one family,” a neighbour said, watching the proceedings with tear-filled eyes..According to sources, a 13-member group comprising teachers, non-teaching staff, their relatives, and a driver had set out on Friday morning. Nine of them were killed in the accident, while the remaining four, who sustained serious injuries, are undergoing treatment at hospitals in neighbouring Tamil Nadu, they said..Grief sweeps Kerala village as bodies of Tamil Nadu accident victims arrive.The trip, which was not officially organised by the school, included a visit to Athirappilly waterfalls before the group proceeded towards Valparai in Coimbatore district, where the accident occurred..Postmortem examinations of all nine victims were completed at a government hospital in Pollachi between midnight and 4 am, following which the bodies were transported back to Malappuram..Several leaders, including State General Education Minister V Sivankutty, MLA A P Anil Kumar, and Manjalamkuzhi Ali, visited the school to pay their respects..The bodies were later taken to their respective homes for the last rites..Speaking to reporters, Sivankutty said the tragedy had dealt a severe blow to the school, with most of its teaching staff among the victims..He said the government would take urgent steps to ensure adequate appointments before the school reopens after the summer vacation in June..The minister also said counselling support would be provided to students affected by the incident and assured that families of the deceased would receive financial assistance from the CM’s Distress Relief Fund..He added that a detailed inquiry would be conducted into the accident and appropriate measures would be taken to prevent similar incidents in the future..Later in the day, Leader of Opposition V D Satheesan visited the homes of the deceased and offered condolences to their families..Speaking to reporters, he said it was a shocking and painful incident and urged the government to ensure maximum support to the affected families..""We want the government to consider each case separately and provide maximum assistance. In many families, the deceased were the sole breadwinners, and other members were completely dependent on them,"" the Congress leader added.","3865","CBMivAFBVV95cUxPTkNOcnZ5bGQ5Smx1TFhfVWVzUlZ0enZndmRjS2ZGYTVUczZCRXQxbWpUVmRiRm1sZG53cFA4VS0xVnVyNWpNcmJUTkRtSWpJWmwwamtLblRvU0xJM1hDWDRCU1RldHNseGpiUVZFR3JTVTROQWpSSUp0cUlGTkp0SUtWQTN1M3pHUkJXcHVZdU1BMjlZVThiZGN6MmJUelZfbkNuOE9Xd3ZZc25KODBxSmVhS3kwSFRzX2VDYg","",,"2026-04-18T07:00:00+00:00","""road accident"" ""Tamil Nadu""","true","2026-09-24T17:31:45.630131+00:00","google-news","deccanherald.com","deccanherald.com","Tamil Nadu accident: Nine killed in road crash, Kerala village mourns loss. deccanherald.com","Tamil Nadu accident: Nine killed in road crash, Kerala village mourns loss. - deccanherald.com","https://www.deccanherald.com/india/tamil-nadu/nine-killed-in-tamil-nadu-road-accident-kerala-village-mourns-loss-3972750"
,"https://etvbharat.com/en/state/over-a-dozen-people-get-injured-in-noida-road-accident-enn26061402617",,"Road Accident In Noida Leaves Over A Dozen People Injured
More than a dozen people were injured after a bus met with an accident at Noida Phase-1 police station area.
Published : June 14, 2026 at 4:38 PM IST
Noida: More than a dozen people were injured on Sunday when a speeding passenger bus, which was on its way from Farrukhabad to Delhi, met with an accident in Noida.
The bus lost control and collided with a road divider in the jurisdiction of the Noida Phase-1 police station area, leaving the passengers terrified, who screamed for help. The accident occurred near the Mahamaya Flyover. Due to high speed, the bus overturned, resulting in injuries to on-board passengers.
Noida ADCP Manisha Singh said that the bus, which was enroute from Farrukhabad to Delhi, overturned, causing injuries to the passengers. Singh said that the injured were taken to the hospital for treatment.
“Police arrived at the scene immediately after receiving the report, and all injured persons were immediately taken to the hospital,” said the ADCP.
#WATCH | Noida, UP: Several passengers injured after a bus overturns upon hitting a divider near the Mahamaya Flyover. 
Noida Police personnel are present at the spot. Further details are awaited. pic.twitter.com/XFdhN4dYVs
Singh said that the traffic, which was briefly disrupted, has been restored. According to police, traffic on the route was affected for a while due to the accident, and additional personnel were deployed at the site to restore the vehicular movement.
The police personnel were on the job to remove the remains of the damaged bus from the road. After the accident, local police and rescue teams rushed to the scene and removed the injured passengers from inside the bus. The wounded people were later admitted to nearby hospitals for treatment.
According to officials, all the injured received timely medical attention, and were undergoing treatment.
Also Read","1919","CBMipwFBVV95cUxPcGhONkFHOGxBM3JFdkItWURtWXRNYlR6MDNjQ2V0TWxrOFpVYm5ka0xWd1pabHdRLVFuc19hTENoeUZtbWxTRFZ6aVNSUkxfWG5Jenp4NjFVUzlxQm8zbE1BRDk3ZTYxTm8yMWN5WEpZanJxUU8wLU5lMVhsTFhObzZYOTBacmllOG9UY1dhUXJCc2hnVFg1U1lpMGgzSTVTaFMxdHN0b9IBrAFBVV95cUxNRVNFanh4MVZ1QjhWRWx5a19tS1pvZms3T0d1eXhMZ2FpVHF2d21TaEo1S1FIcUhCT3lSam85V09RWENRN2kzaWhJeEVESUVSQ0E3c0hNSUMwNHl6WlY2Y1NzaTVzeHNENE5XeDExb1NuajhDdzlPUnEwWlpWakFSeVJUdWgwSTlINkU5b0tPUTVkNkJBN2lxTi0ybjZ5UlU0emsxM3owUGRsNXUz","",,"2026-06-14T07:00:00+00:00","""road accident"" ""Tamil Nadu""","true","2026-09-24T17:31:45.630360+00:00","google-news","etvbharat.com","ETV Bharat","Road Accident In Noida Leaves Over A Dozen People Injured ETV Bharat","Road Accident In Noida Leaves Over A Dozen People Injured - ETV Bharat","https://www.etvbharat.com/en/state/over-a-dozen-people-get-injured-in-noida-road-accident-enn26061402617"
,"https://thechenabtimes.com/2026/05/17/three-killed-in-tragic-road-accident-on-east-coast-road-tamil-nadu",,,,"CBMiqAFBVV95cUxPOEl2RUw3aE1vUlR1OFhyRkJLUm1IemFrRTF1eXR5M01ibllwNGNlY3VDMUNCTDgzWlBEMVRQYlMxQ1VNQ29TemprQ29DS2NweGhRa0NpOTROYUxrb0hfRUkxdGZFV21QaklYNVhCb3dWZndOcjFjZHNHdl9jQUx5WFpOeEc0Z1pkdmN5Z3VOV1d1VS1ZSmhuOW91M1RNVkU4YWkwbzkwYW_SAbABQVVfeXFMUEpVMVBLVlhtY1pHTXo2R2pzaWM1ajczRVdVZ182dks3bHFJRlBuM0MxNjNvdzNfaWZ0ZGlpLWNfMFVsNmJzRTJJMG9kS3pSUnh5Tmh6VURyeVE1MVdadlY4Wk9PY0ZDMGYzdE1iSXFzenc0X3o4Vk1iTnNzcDZieEU2NW13YW5RZEZWRk95VUJRV3BjSWV1eWtQZnNPOUlnU0VIUzljQXFETmUzODN6dFA","",,"2026-05-17T07:00:00+00:00","""road accident"" ""Tamil Nadu""","true","2026-09-24T17:31:45.630428+00:00","google-news","thechenabtimes.com","The Chenab Times","Three Killed in ECR Road Accident in Tamil Nadu The Chenab Times","Three Killed in ECR Road Accident in Tamil Nadu - The Chenab Times","https://thechenabtimes.com/2026/05/17/three-killed-in-tragic-road-accident-on-east-coast-road-tamil-nadu/"
,"https://thenewsmill.com/2026/04/president-murmu-expresses-grief-over-coimbatore-road-accident-killing-nine",,"President Droupadi Murmu expressed sorrow on April 18 over a fatal road accident in Coimbatore, Tamil Nadu, that resulted in the deaths of nine people and left several others injured.
In a post on X, the President conveyed her condolences to the families of the deceased and prayed for the swift recovery of the injured, stating, “Deeply saddened by the loss of lives in a tragic road accident in Coimbatore, Tamil Nadu. I extend my heartfelt condolences to the bereaved families and pray for the speedy recovery of those injured.”
The accident occurred when a tourist van carrying 13 people lost control while descending from Valparai in the Coimbatore district. The vehicle, driven by Mohammed Fasith, 21, skidded off the road at the 13th hairpin bend and plunged down towards the 9th hairpin bend in the Valparai hills, police said.
Authorities responded promptly, with the Deputy Superintendent of Police of Valparai Sub-Division and the Inspector of Police, Valparai, leading the rescue and relief efforts. A total of 16 ambulances were dispatched to the site, transporting 13 injured occupants to Pollachi Government Hospital for treatment. All those injured have since been safely rescued and admitted to hospital.
Investigations into the cause of the accident are ongoing. Further updates will be provided in due course.
Prime Minister Narendra Modi also expressed his condolences on X, stating, “Distressed to hear about the mishap in Coimbatore, Tamil Nadu. I extend my heartfelt condolences to those who have lost their loved ones in the mishap. Prayers for the speedy recovery of those injured.”","1607","CBMiqwFBVV95cUxQR2hnbFMwM3IwSUR6Mm8yTmhrMTNuMWRpZWtQYk1xYU5hUk04aGE0ZzQtUkdqNzc0c2pNSzhQSk9Xb1BQdlBUdHVzblZXSkN6UUpYVzFodi1WUWFoamQwT0N1Y2c2c29vR3lTNEZJMzU5dVZxenFiZ0lhb3JKbEk0cDRIRVh1ZU1WQkk0UUhpZ3pLazFpWVBqOXQyTk1nQURlYk9oSU53Y1VGVUE","",,"2026-04-18T07:00:00+00:00","""road accident"" ""Tamil Nadu""","true","2026-09-24T17:31:45.630587+00:00","google-news","thenewsmill.com","The News Mill","President Murmu expresses grief over Coimbatore road accident killing nine The News Mill","President Murmu expresses grief over Coimbatore road accident killing nine - The News Mill","https://thenewsmill.com/2026/04/president-murmu-expresses-grief-over-coimbatore-road-accident-killing-nine/"
,"https://deccanchronicle.com/southern-states/andhra-pradesh/chittoor-three-killed-five-injured-in-road-accident-near-shantipuram-1974296",,"Chittoor: Three Killed, Five Injured in Road Accident Near Shantipuram
Tempo rams into bike and water tanker on Kuppam–Palamaneru highway; elderly couple and 4-year-old among deceased, injured shifted to Kuppam hospital
Chittoor: Three persons, including a four-year-old boy, were killed, and five others sustained serious injuries in a road accident on the Kuppam–Palamaner highway near Kadapalli in Shantipuram mandal of Chittoor district on Monday.
According to police, the accident occurred when a tempo traveller crashed into a motorcycle and then hit a water tanker parked along the roadside.
Two of the deceased were identified as A. Sundarappa (60) and Muni Venkatamma (50), residents of Beeranakuppam village in Shantipuram mandal, who were travelling on the motorcycle. The third victim was a four-year-old boy who was standing near the parked water tanker at the time of the accident.
The injured were identified as Satvik, Nandini, Lakshmi, Kangavali and Akshaya. They were shifted to the government hospital in Kuppam after locals rushed to the spot and alerted the police. Police reached the accident site and registered a case.
Fake job racket: Man arrested, ₹3 lakh cash seized
Ballikurava police arrested a man for allegedly cheating job aspirants by promising government jobs through a fake consultancy and collecting large sums of money.
The accused, Muttana Nagaraju (36) of Ongole, was arrested under the supervision of Darsi DSP P. Balamurali. Police seized ₹3 lakh in cash, fake appointment orders and two mobile phones from his possession.
According to police, Nagaraju operated a consultancy office in Ongole and falsely claimed to have links with ministers' OSDs, senior police officers and district collectors to lure unemployed youth. In one instance, he allegedly collected ₹12 lakh from a home guard after promising a Junior Assistant post for his wife in the Collectorate and later handed over a forged appointment order. He subsequently collected another ₹9 lakh from the same victim by promising him an SI post through fake calls impersonating a minister's OSD.
Police said Nagaraju allegedly cheated several job seekers of nearly ₹3 crore and already has three criminal cases registered against him. Further investigation is underway to identify more victims.
Three held in Tirumala for pickpocketing, cheating pilgrims with fake TTD ID
Tirumala Two Town police arrested three members of an interstate gang for allegedly pickpocketing pilgrims and cheating them using a fake Tirumala Tirupati Devasthanams (TTD) identity card.
The accused were identified as Balaji Akade (33) of Karnataka, Appasha Mane (65) of Maharashtra and Kaltireddy Keerthi (31) of Nellore district. They were arrested at the Rambhageecha car parking area during the investigation of a case registered at the Two Town police station.
According to police, the gang targeted pilgrims at crowded places by stealing wallets, cutting bags and taking away cash and valuables. During the investigation, police found that the woman accused allegedly posed as a TTD employee using a fake TTD identity card. She reportedly collected money from devotees by promising VIP darshan, special entry tickets and accommodation. Police seized a stolen wallet, ₹5,100 in cash, a fake TTD identity card, three mobile phones, a cutter, a knife, blades, imitation jewellery and other documents from the accused.
The trio was produced before a court. Tirupati Superintendent of Police L. Subba Rayudu and TTD Chief Vigilance and Security Officer K.V. Murali Krishna urged pilgrims to use only official TTD channels for darshan tickets and accommodation and report suspicious persons or fraud by calling Dial 112 or approaching the nearest police station.
Vizag cops recover stolen goods worth ₹1 cr
The Visakhapatnam city police recovered goods, including gold, cash, bikes, mobile phones, and valuables worth over ₹1.08 crore, which were stolen in June this year.
The commissioner of police, Dr Shankabrata Bagchi, said a total of 95 property offences were reported in Vizag city in June 2026, of which the police have detected 71 cases, arrested 84 property offenders, and recovered over 534 gram of gold ornaments, 700 gram of silver ornaments, ₹1.16 lakh in cash, 27 bikes, five auto-rickshaws, one laptop, three cycles, and 470 (missing and stolen) mobile phones, all worth over ₹1.08 crore from the offenders. The police handed over stolen property to the owners during the recovery mela on Monday.
A total of 11,130 mobile phones (stolen and lost phones) worth `17 crore were recovered in the past two years in Vizag city. As many as 10,279 people benefitted from the property recovery melas in the city. As of today, the police have recovered over `24 crore in stolen property, and they have handed over to the owners.
The commissioner said that to prevent future crimes, they have implemented a multi-faceted approach and installed 203 CCTV cameras across the city in June, significantly enhancing surveillance capabilities. Of the total recorded 95 property cases in the city in June, PM Palem police solved nine cases and arrested 14 offenders; six cases were solved, and Dwaraka police arrested six persons, and Arilova police solved three cases.
The department also conducted 204 crime awareness meetings to educate the public about criminal activities and prevention strategies in June. The police said special patrolling in crime-prone areas was conducted with crime teams during day and nighttime. Drone beats are being continued in isolated areas for surveillance over criminal and illegal activities.
Red sanders smuggler gets five years in jail
A special court in Tirupati on Monday sentenced a red sanders smuggler to five years in prison and imposed a fine of ₹6 lakh after finding him guilty in a red sanders smuggling case registered by the Red Sanders Anti-Smuggling Task Force (RSASTF).
The Red Sanders Special Additional District Judge, Narasimha Murthy, delivered the verdict in Crime No. 61/2018. The convicted person was identified as P. Suresh, a resident of Mangalapuram village in Polur taluk of Tiruvannamalai district in Tamil Nadu.
According to the prosecution, Suresh was arrested behind the NCC Firing Range in the Alipiri forest beat under the Tirupati forest division while attempting to smuggle red sanders. The prosecution proved the charges before the court through Special Public Prosecutor Aluguri Amara Narayana. Following the conviction, the court directed that Suresh be lodged in Nellore Central Jail.
RSASTF Superintendent of Police P. Srinivas said the judgment serves as a warning to those involved in illegal entry into the Seshachalam forests for felling and smuggling red sanders. He said the task force would continue taking strict action against such offenders.
Murder case cracked in Yerraguntla; two held, minor involved
Police in Yerraguntla of Kadapa district have swiftly cracked a murder case, arresting two accused while identifying another as a juvenile in conflict with the law.
According to police, the incident occurred on July 11 at around 6.30 pm near the railway track in the Nadivuru area. The victim, Sambaturu Veeranjaneyulu (46), was chopping firewood in front of his house when three unidentified persons approached. A local resident, Suresh, questioned them, leading to an argument in Hindi. The victim intervened, escalating the dispute.
During the altercation, one of the accused stabbed Veeranjaneyulu in the abdomen, causing severe injuries. As locals rushed to the spot, the assailants pelted stones and fled towards the old school, crossing the railway gate. The injured man was shifted to Proddatur Government Hospital and later to RIMS, Kadapa, where he succumbed on July 13.
Based on eyewitness accounts, technical evidence and material clues, police identified the accused as Meka Guru Sai, Shankar alias Badri, and a juvenile. Acting on the directions of Jammalamadugu DSP, a special team led by inspector S. Viswanatha Reddy and SI B. Naga Murali nabbed the accused near Anjaneya Swamy temple on Proddatur Road.","8081","CBMi1gFBVV95cUxOOXlXOHozcFhfUTRtNmRraWhCR3RPT1dtVU04cWFmQ0FocjBFTVRKUU9MVzFfaWtLaGZraTJBY3FjaXdGY3ZxVVdKbGFZd0c4dDlpblZhcnBwMFlMS05jWTdNb1NCbHo4S0tVNnAyQlphY1ZzWW9Wd2c4R3BST1U0bmNuMXdmS0ZySDNuZjZsaWRPNDRFY3NROTBoZ2tVbHB5Z1NnUU5DMGktR1J6SmYya25rZEVpSE5KTE5ieDNuNzNtZ0NqOEVaNjd2M0hFNjNGQTFDa2Z30gHbAUFVX3lxTE1FbG5TTDdzV2hQbmhYaVVCNmR6SlY3SVVrVmljRHVfYWExQWZJZEVhZGw4VFhCQW1Kc3NNcEVQWUFGeUFpaXNieEpqU3MxYmtMOXF5RU9jWnhud0ZDQ3lscGdqNEpPOUZhOGtxRnNPT3Raalhqa0d4NkpyMkUzLUoyYlVPZFIxWlRMVnhIVXI2Um93bnBDakEtVUtRM194N0VOX3NUd211aHhSdHQ1RlBlblY0cXVaSmdoNDhPQWJwLUt0cTBLOUREcFViSmMwQUZFS085YUhDSXBqSQ","",,"2026-07-27T07:00:00+00:00","""road accident"" ""Tamil Nadu""","true","2026-09-24T17:31:45.630670+00:00","google-news","deccanchronicle.com","Deccan Chronicle","Chittoor: Three Killed, Five Injured in Road Accident Near Shantipuram Deccan Chronicle","Chittoor: Three Killed, Five Injured in Road Accident Near Shantipuram - Deccan Chronicle","https://www.deccanchronicle.com/southern-states/andhra-pradesh/chittoor-three-killed-five-injured-in-road-accident-near-shantipuram-1974296"
,"https://awazthevoice.in/india-news/president-murmu-expresses-grief-over-coimbatore-road-accident-that-killed-57300.html",,"Coimbatore
	President Droupadi Murmu on Saturday expressed deep sorrow over a tragic road accident in Coimbatore district that claimed nine lives and left several others injured.
	In a post on X, the President conveyed condolences to the bereaved families and wished a speedy recovery for those injured.
	“Deeply saddened by the loss of lives in a tragic road accident in Coimbatore, Tamil Nadu. I extend my heartfelt condolences to the families of the deceased and pray for the swift recovery of those injured,” her post read.
	The accident took place in the Valparai hills when a tourist van carrying 13 passengers plunged into a gorge after reportedly losing control at a hairpin bend. According to police, the vehicle slipped from the 13th bend and fell down to the 9th bend.
	The van, which was returning after sightseeing, was driven by a 21-year-old identified as Mohammed Fasith. It was carrying tourists from Perinthalmanna in Kerala when the mishap occurred.
	Following the incident, police officials including the Deputy Superintendent of Police of Valparai rushed to the spot and supervised rescue operations.
	A large-scale rescue effort was launched, with multiple ambulances deployed to transport the injured to nearby hospitals. Authorities confirmed that all injured passengers were shifted for treatment.
Further investigation is underway to determine the exact cause of the accident.
	
READ MORE: Award winning Urdu litterateur Dr. Shaista Yusuf is also an entrepreneur
Prime Minister Narendra Modi also expressed grief over the tragedy, offering condolences and praying for the recovery of the injured.","1622","CBMiwAFBVV95cUxPUmdKTXNPYkJWMDNmbENENFI0RW1RYlYyN29Dc2RrdmVWQjE1T1l5MGczSGo1SW5QNG9KajY2cUZ5V0ZJSmx4RVdmbGdrWHNpdVBlZVFnUFBwODhKandfTXU0NHdRbXh3Vk12WDBoeWRnSS1hT2ZOcWRwb0NhY3dkUDVCby1ITDMwcnk5YUVWb2FHMkJQbk00Qy0tOFVTaEVyMWRlbGR4LVRnTHV4c0JqRkxsY3FLSUVLXzVKMkVndkI","",,"2026-04-18T07:00:00+00:00","""road accident"" ""Tamil Nadu""","true","2026-09-24T17:31:45.630831+00:00","google-news","awazthevoice.in","Awaz The Voice","President Murmu expresses grief over Coimbatore road accident that killed 9 Awaz The Voice","President Murmu expresses grief over Coimbatore road accident that killed 9 - Awaz The Voice","https://www.awazthevoice.in/india-news/president-murmu-expresses-grief-over-coimbatore-road-accident-that-killed-57300.html"
,"https://aninews.in/news/entertainment/producer-rb-choudary-dies-in-road-accident-in-rajasthan20260505224903",,"Jaipur (Rajasthan) [India], May 5 (ANI): Ace producer RB Choudary, who bankrolled films in Tamil, Telugu, Malayalam and Hindi languages under the banner of Super Good Films, died in a road accident near Joontha village in Bewar district of  Rajasthan on Tuesday. He was 76. 
According to the Assistant Sub-Inspector of Raipur Police Station, Manohar Lal Khoja, said the accident took place near Jhoontha village on the National Highway. His car driver, Gautam Seervi, sustained serious injuries and was referred to Jodhpur.
According to the police, RB Choudary was returning with his nephew after attending a relative's wedding ceremony in Lilamba village. During the journey, near Joontha village, their car suddenly went out of control when cattle strayed onto the road. The vehicle subsequently crashed into a roadside wall. The impact of the collision was so severe that RB Choudhary died on the spot.
Former Rajasthan Chief Minister  said the demise of the producer ""heartbreaking"". Taking to his X handle, Ashok Gehlot wrote, ""The news of the demise of RB Choudhary, President of the Tamil Nadu Seeravi Mahasabha and a South Indian film producer, in a road accident in Beawar is extremely heartbreaking. I pray to God to grant peace to the departed soul and strength to the bereaved family to bear this sorrow. I also wish for the injured driver to recover swiftly.""
The mortal remains will be taken to Chennai for the final rites. In a career spanning over four decades, the producer bankrolled several films which turned out to be superhits, including films 'Nattamai', 'Gokulam', 'Suryavamsam' and others. 
His last production was 'Maareesan' was directed by Sudheesh Sankar. It starred Vadivelu and Fahadh Faasil in the lead roles. The film's music was composed by Yuvan Shankar Raja. It was released in July 2025. (ANI)","1830","CBMisAFBVV95cUxQS1NMTHhaSnQzcjR6VUVFS2NJYkNidmRCTC00YzF1Mkg1Z0V0TXotODB3a2o3bEtXUlg4NUJ5Vm43SWt4T1ZMZ29GQWhFclFsenk0RzFyaEM1R2REcHJDZmt6UHpJd2tJQzZYa2JEY1NiOW1YMW1kVUxaN19OZ01WQkRfMl9lbDRQTkY2NndZekhsbi0xeXNibU4zbnM1WDZfMkVQSTk5RWJNUmR6NkNNMA","",,"2026-05-05T07:00:00+00:00","""road accident"" ""Tamil Nadu""","true","2026-09-24T17:31:45.630978+00:00","google-news","aninews.in","ANI News","Producer RB Choudary dies in road accident in Rajasthan ANI News","Producer RB Choudary dies in road accident in Rajasthan - ANI News","https://www.aninews.in/news/entertainment/producer-rb-choudary-dies-in-road-accident-in-rajasthan20260505224903"
,"https://timesofindia.indiatimes.com/city/patna/two-youths-die-in-begusarai-road-accident/articleshow/130794280.cms",,"Begusarai: Two youths died when a speeding truck hit their motorcycle on SH-55 under Begusarai mufassil police station area on Monday morning. The incident took place between Khamhar and Mohanpur villages while the two were returning from a wedding reception at Barauni Refinery township. Police said the victims were identified as Aman Kumar (25) and Shivam Kumar (18), both residents of Manjhaul village under the same police station.
Manjhaul panchayat-3 mukhiya Rajesh Kumar said, “More than a dozen co-villagers, riding seven bikes, were accompanying them while on way back to home. However, as soon as the two reached near Banduar village turn the accident took place. They died on the spot.” Rajesh said Aman was the son of the former Manjhaul-3 panchayat mukhiya, Neelam Devi.","784","CBMitAFBVV95cUxPZmJ5d1Jpb1duYkJUd21BMC1qRW5BSnQ1WGVrNjlxc0tJa2Q1aEpmS3kxMXR6UlVrT1dzZUM2bGFpNzdPekI3QTl5LVc5bHFMS1MzT0J3TER6MGw2Rk9lVDhlaFQ2OFg3djhuaXJ6YkRxZno4ak1rVmg0UFFoTkJ5ckxZal9QczJFSnU2SEZlbkxNcGZ6eHpVLVNlSDZBZ0liOXlwV21udVBrYTZTTEpkb1c0LUfSAboBQVVfeXFMTW9HZ3FubzQ0U1VTNV9HdkpxWFJEVjVNZzlfd2RhdnNpZUNnMGY1RzBjZVVNYzd4YVBOaVd0MC01MklnSVh5SFFxWjJyX0NMVzVmSkVNZTI1bEFxdGNvTS1RM1ZnVkdQNUxTYTZtWFB4TDF3QmVKMURmT1hzNEd0amZLeUlXZVNyNkktQmxuWkEzN1c2ellFVG1EQXdZQWZVX1NnS3dGRVhiMXI5bkFzSDlfWF9USVI4Skdn","",,"2026-05-04T07:00:00+00:00","""road accident"" ""Tamil Nadu""","true","2026-09-24T17:31:45.631024+00:00","google-news","timesofindia.indiatimes.com","The Times of India","Two youths die in Begusarai road accident The Times of India","Two youths die in Begusarai road accident - The Times of India","https://timesofindia.indiatimes.com/city/patna/two-youths-die-in-begusarai-road-accident/articleshow/130794280.cms"
,"https://thechenabtimes.com/2026/04/18/tamil-nadu-eight-teachers-die-in-valparai-ghat-road-van-accident",,,,"CBMipgFBVV95cUxOLU1ZZXAtcHpwd2RralNDUTFTcUcyamhuYmlfS0lycmt6MzBNYUxXT2dCR3hxdmxmUTlzXzdadEYtUmkyOGRwM2VsM2NFSXVYWUdONjZPb0MyNFk4cGpHR1N6ZXViX3o3M1ZMVHhQUDhad2tfQ2czNml5dnRmV0Jha1dsMXJ5d3AxcnRJRklKejNMcHhZQU8xVkI0UVJraTZBMkEtVHVB0gGuAUFVX3lxTE5waXNLa0xXejRxQlVQcEF4S3V3bFlYdmpjYVB4bmlsM0FLZ1pDTmFtMkF2Y253ZGJWeGtpN0RFQU5WVzJ2SWdCeUdBQTdaMFEyYnRhNy1fMjJmbUdxZG9acHRaVGVXVlI3eVk1NFdnUWYyNi03OVJ6dFpYYXhFQkhlN2hYbGVnaHJlNmlRVV9JRU5ReHJ4SktmLUhWWm1ScHh6SEtfNEhPczFNeVBNQQ","",,"2026-04-18T07:00:00+00:00","""road accident"" ""Tamil Nadu""","true","2026-09-24T17:31:45.631073+00:00","google-news","thechenabtimes.com","The Chenab Times","8 Teachers Killed in Tamil Nadu Valparai Ghat Road Accident The Chenab Times","8 Teachers Killed in Tamil Nadu Valparai Ghat Road Accident - The Chenab Times","https://thechenabtimes.com/2026/04/18/tamil-nadu-eight-teachers-die-in-valparai-ghat-road-van-accident/"
,"https://hindustantimes.com/india-news/road-crash-fatalities-likely-to-decline-in-2026-up-sees-highest-road-deaths-govt-101785472551699.html",,"Road crash fatalities likely to decline in 2026, UP sees highest road deaths: Govt
The parliamentary reply showed that National Highways, including expressways, accounted for 77,234 accidents and 62,122 (35%) fatalities till July 27
India is on course to record a 3.2% decline in road crash deaths in 2026 despite an increase in accidents, according to official data tabled in Parliament on Thursday.
Based on figures available till July 27, around 177,500 (going by the daily average) road fatalities are expected in 2026, down from 183,434 deaths reported in 2025, while total road accidents are estimated to rise 1.3% to about 520,200, compared with 513,474 last year.
Road crash deaths have risen by 25.5% over the past decade, from 146,133 fatalities in 2015 to 183,382 in 2025.
The projections are based on data submitted by the Union ministry of road transport and highways (MoRTH) to the Lok Sabha, which showed that India recorded 296,447 road accidents and 101,139 fatalities till July 27 this year.
The data for 2025 and 2026 (up to July 27) is sourced from the electronic Detailed Accident Report (e-DAR) portal, where information is entered by state police and highway officials, whereas figures for previous years are based on official MoRTH data, union road transport minister Nitin Gadkari said while replying to questions by MPs Naveen Jindal and Gowal Kagada Padavi.
Uttar Pradesh continued to account for the highest number of road deaths, reporting 14,794 fatalities till July 27, followed by Tamil Nadu (10,298), Maharashtra (9,279) and Madhya Pradesh (8,098). Tamil Nadu also recorded the highest number of crashes at 39,666, followed by Madhya Pradesh (34,947), Uttar Pradesh (26,718) and Karnataka (24,929).
Also Read: 3 booked for 3 separate road accidents that left 3 dead
The parliamentary reply showed that National Highways, including expressways, accounted for 77,234 accidents and 62,122 (35%) fatalities till July 27. Uttar Pradesh recorded the highest number of fatalities on National Highways at 7,573, followed by Tamil Nadu (3,520), Maharashtra (3,894) and Karnataka (4,372), according to the ministry’s state-wise data.
The ministry said over-speeding continued to be the single biggest traffic rule violation linked to road crashes, accounting for 46,075 in 2026. It was followed by drunken driving (1,443 accidents), driving on the wrong side or lane indiscipline (2,397), jumping red lights (193) and mobile phone use while driving (84). Pedestrian deaths also remained high, with 24,446 fatalities reported till July 27. Bihar recorded the highest pedestrian death toll at 2,423, followed by Tamil Nadu (2,328) and Maharashtra (2,002).
Velmurugan S, senior advisor at National Council of Applied Economic Research and former road safety scientist at Central Road Research Institute, cautioned the fog season especially December carries a heavy burden of road crashes and fatalities which might negate the progress made in the summer months in terms of reduction in fatal incidents.
“Even if the figures hold true till the end of the year, we have to see if this decline is consistent for the next couple of years to establish a clear trend.”
He further said the worrying cause remains that pedestrian fatalities remain high and significant fatalities are occurring on expressways and highways, suggesting faulty speeding regulations.
Separately, the government said PM-RAHAT (Road Accident Victims’ Hospitalization and Assured Treatment), launched by Prime Minister Narendra Modi on February 13, 2026, has processed 12,727 claims, of which 7,871 have been settled, with about ₹10.1 crore disbursed towards cashless treatment of road accident victims as of July 28. Gujarat ( ₹4.6 crore) and MP ( ₹3.4 crore) are the leading states to benefit from this scheme.","3800","CBMi2wFBVV95cUxNSjZuWnFJOTlQQnc3SHJzTmxxUnhIQ2RJU3I3VnRCUnZMN2IyaHVnRGg5ZHJ5bnpiM2JhQzZwQWgwUHZOMjdSMXJ4N0J5VUl1cGJjUnpGM2dycG5kdkthMjNyODBHWElwNU5ueGl6VmhOLVBsNU1keHZLeVRBX2dwVjg4WE45bTBrTktVcUtSeThveFJrSWFENmFfRlA1NnZLVzRfbzFkenN0em5iTzEwVGViS1VKWThWalR3WDN2bVEyNWVkcm92UUs4WlhvaGJjNTJ1QjRzb1JyTkHSAeABQVVfeXFMTU9ITWlxZ1dDc0l0VFItVmZHbzNLamhVU3ZuYkVDYVNRc0hJZGdBZWdJd0VQWWpKZ2N2SktkMGllM2xJdTdReEplMFo3RURENDlERXFXUFpxMU5xR0szZUtiV3NER2FRQ0YxeGhMVnZZQV9PQUhOakNvc2lHTllEeTNGWGxiZXFyWUxqcTJUcm9ucDF0ZUZ3cUptVWt3ejlEZGoyMFZCYUFYd0c4QkltSklKV05NcDBwWFJqVHljSDVNeUNhY3pyT0JESEx5SW9IMXlaNmRYYnZMUWtneV8tLWM","",,"2026-07-31T07:00:00+00:00","""road crash"" ""Tamil Nadu""","true","2026-09-24T17:31:46.458046+00:00","google-news","hindustantimes.com","Hindustan Times","Road crash fatalities likely to decline in 2026, UP sees highest road deaths: Govt | India News Hindustan Times","Road crash fatalities likely to decline in 2026, UP sees highest road deaths: Govt | India News - Hindustan Times","https://www.hindustantimes.com/india-news/road-crash-fatalities-likely-to-decline-in-2026-up-sees-highest-road-deaths-govt-101785472551699.html"
,"https://timesofindia.indiatimes.com/india/returning-to-tamil-nadu-for-polls-3-killed-in-road-crash/articleshow/130455014.cms",,"KRISHNAGIRI: Three men died, and another man suffered serious injuries after the car they were travelling in collided with a private bus near Hosur in 
Tamil Nadu
’s Krishnagiri on Wednesday morning.
The accident occurred around 4 am while the four men, staying in Bengaluru, were returning to their native place in the Dharmapuri district to cast their votes in the April 23 Tamil Nadu assembly election.
A case has been registered, and police are probing what led to the accident.","482","CBMiwgFBVV95cUxPUHJpUkVaZ0F3OXRZYlhidFYxdjJMQkpYMUxjU2s2RFVySmM3Q1JQblZPWmZWZmdpOUlNdW9RaFV1d0xVaXZOb2ZEQzBHMkJVTUZkQWVqbXotdGxYVEJIS2Zzb2JDMXZmNG9seXN4Y0dtRm50N0Y3bWc4Vk4yamFrWUc3Mzc2LW1TZTd1eVhpYU5PaGxjcDJYQk1qQTVMdVVBdW1Vc2gtMWlQZGYtQVk2TXZYX1ZNUHUza3h5bkZnVkJrQdIBxwFBVV95cUxNVEh2Nm5yOVcyNkZkOU84dUVxaGZFZnJkd1pRXzFSUW1JWC1NQXEwclk0US1VSGNiSjRpcnQtOFZnUWJyazhjdjRPeUxrMW9lNEt3Z1dIV2MxUzlOd1NlVGx0M3ZCcXFFZnhiaXJ2OVNWZUdfbnJkM3BEdmxKUng1eUhiVmNCUnA1VG1SR0F3U2RHaGxIb3RDaVNkcDhjX3Ytb0VqbURBQmU3ZkYyTFFpbTg3TGk4QWpVVTRaQVVVMGZtTGN2dXlj","",,"2026-04-23T07:00:00+00:00","""road crash"" ""Tamil Nadu""","true","2026-09-24T17:31:46.458125+00:00","google-news","timesofindia.indiatimes.com","The Times of India","Returning to Tamil Nadu for polls, 3 killed in road crash The Times of India","Returning to Tamil Nadu for polls, 3 killed in road crash - The Times of India","https://timesofindia.indiatimes.com/india/returning-to-tamil-nadu-for-polls-3-killed-in-road-crash/articleshow/130455014.cms"
,"https://timesofindia.indiatimes.com/city/delhi/ashoka-road-crash-truck-driver-arrested-for-killing-two/articleshow/130837176.cms",,"New Delhi: A week after two cousins lost their lives in an accident on central Delhi’s Ashoka Road, police have arrested the truck driver in connection with the case The accused was apprehended from Yamuna Khadar in northeast Delhi on Monday and got bail.
The accused, identified as Tuntun alias Titu, had reportedly been working as a truck driver for the past year.
The incident took place on April 27, when 14-year-old Abhav Bhatia and 20-year-old Yagya Bhatia were returning home after watching an IPL match. During interrogation, the accused admitted that he was driving at high speed at the time of the incident, which is believed to have led to the crash.","661","CBMixwFBVV95cUxQems4RjZJTm1ZOGtkOE5hd3czc242QzFtZzN6M2ZaSm5sSmJLUXVhS1ZXMWlDUDRfcjNJSHhJcFRXZlpxczJjSzRzcURocEFILWVwU2M0QnkzU2VPQWNxSDdhVm82U05nM21ZTEJXS2N5V1NuU1hFS2Nzcm1UdWoyRHN4WFpNMGFFWkh5YTdwMlEyT2xIOEp2alVUZHVvQ0otMFV6ZFU5azJVc1B3RDVxWmFBTG0zNEM2UzlHY3RVMGhyNnJxQ2840gHMAUFVX3lxTE5yTGdCYkI2cjZEdy1VRWlDZS1peFFLNzY3d24xTXdfMzU2M3J0T3hTZjlwNE1VUGp5Ymt1NVNUSmNabjVhVldPSFNvUjdqVi1UWlAzMXBUWHFOVDl3Zl90bXBuWmIwbF90SGwyekxyV2Q5ZzdBR0VrbHIycnhXS3lpdTJtcGFKTGp6Ni0zN0V0ejVhWk5NQkNFdUJjLWttM2txaEF4eXJEeS1xN0ZEcDB3ZWsxUW5HRnBjVmJGdkFpLXpJVjI1bGJ2RXpnUA","",,"2026-05-05T07:00:00+00:00","""road crash"" ""Tamil Nadu""","true","2026-09-24T17:31:46.458262+00:00","google-news","timesofindia.indiatimes.com","The Times of India","Ashoka Road Crash: Truck driver arrested for killing two The Times of India","Ashoka Road Crash: Truck driver arrested for killing two - The Times of India","https://timesofindia.indiatimes.com/city/delhi/ashoka-road-crash-truck-driver-arrested-for-killing-two/articleshow/130837176.cms"
,"https://gulfnews.com/world/africa/zimbabwe-crash-involving-church-minibus-kills-27-1.500656320",,"Zimbabwe mourns after churchgoers die in fiery minibus-truck collision near Chivhu
Harare: A minibus carrying churchgoers collided head-on with a truck in central Zimbabwe, killing at least 27 people, police said Saturday, in the latest deadly road crash to hit the country.
The crash occurred at around 1830 GMT on Friday near Chivhu, about 140 kilometres (87 miles) south of the capital Harare, police said.
The foreign-registered haulage truck was overtaking another vehicle when it collided with the minibus, which was carrying worshippers to a conference.
Get updated faster and for FREE: Download the Gulf News app now - simply click here.
Both vehicles were carrying an ""unknown"" number of passengers, police said. Seven people were injured in the crash.
Footage shared on social media by public broadcaster ZBC showed the mangled minibus charred to a shell, with the truck coming to rest on the opposite side of the road.
The crash occurred in a flat, remote stretch of road, with low vegetation lining the roadside and open terrain beyond.","1048","CBMimgFBVV95cUxOc0w3TEZJVXRycVJlakhmbHFGN3hPQXZEeVRfT3gtQlNaSktMYWtXa0FYRmxpVHIzWGk3TXdKRWNRNlRHQ25wQmhvYnFlT3AyQWM1amxDeFRPQ3hSR2FiV0pGaEFoQWJGc3RoemNPa2ZrUHpfQWstS08tQ2ZBbHNXdm9ISlJ2Z0E1X2VGbVlMeWFEZ29hc3Y1alZ30gGsAUFVX3lxTE02dWROZEJaUkI0Q2piVWZrUC1USmpBTlZtaWlGOEpzbl9lbmI2eEVqSVFtellkVmRDdmtYTi1QV3JoM0hQa2FFXzNfbkdPNGd1Qnd2YlplY0NXamMtNjd6dFNqRzJaQ2UwZm1uUjdBMk1mc1lzYnJnbkxwUHhLRV9rZVlQVGZlRlhVQjdCRWxQdGt5NzR4ZnFOelo0NkpNekhxQ3dySi12dHpVT2o","",,"2026-08-29T07:00:00+00:00","""road crash"" ""Tamil Nadu""","true","2026-09-24T17:31:46.458329+00:00","google-news","gulfnews.com","Gulf News","Zimbabwe crash involving church minibus kills 27 Gulf News","Zimbabwe crash involving church minibus kills 27 - Gulf News","https://gulfnews.com/world/africa/zimbabwe-crash-involving-church-minibus-kills-27-1.500656320"
,"https://blogs.worldbank.org/en/endpovertyinsouthasia/road-safety-how-state-india-leading-way-lower-road-crash-deaths",,"Road safety is a critical development priority for South Asia, impacting health, wellbeing and economic growth. Countries in the region must work together if they are to achieve the goal of halving road crash deaths by 2030. This blog is part of our Together for Road Safety campaign.
“Every life lost on the road is one too many” resonates viscerally in Tamil Nadu, which until recently, was one of the worst-ranked states in India for road crashes and fatalities .
In 2014, more than 15,000 people were dying every year from road crashes in Tamil Nadu. But decision-makers have turned the situation around through strategic vision and leadership.
In 2019, road deaths in Tamil Nadu fell to 10,000, a reduction of over 25 percent. What’s notable is that improving road safety did not come at the expense of economic development but rather supported it.
 
   Tamil Nadu focused on coordinated management of interventions, bringing all key stakeholders to the table.
Strong leadership and improved road safety management
Tamil Nadu focused on coordinated management of multi-sectoral interventions, bringing all key stakeholders to the table, and establishing a Road Safety Executive Leadership Group - responsible for decision making across the state. A Road Safety Management Cell supported the leadership to implement actions, review monthly road safety initiatives, statistics and targets at the district level while crash trends were reviewed monthly by no less than the state’s Director-General of Police.
Interdepartmental coordination and standard operating procedures included teams of Police, Highways and Transport visiting every fatal crash site and reporting on causative factors, remedial and punitive measures within three days. This provided the recipe for sustained and holistic management of the road safety problem in the state.
  
 
   Tamil Nadu has brought down the post-crash response time of emergency medical teams to 14 minutes.
Focus on post-crash response
Improving the trauma care system was an essential component of road safety management in Tamil Nadu . The state established Emergency Care Centers and Accident Relief Centers on high crash-prone road stretches in national and state highways.
Response time was dramatically improved through a dedicated call-line as well as proactive allocation and dynamic positioning of ambulances. The state also introduced triage and acuity scoring systems at the pre-hospital level to ensure prioritization of patients. Effective traffic management of emergency vehicles at signalized junctions helped reduce travel time.
These efforts were supplemented through institutional, data management and capacity building efforts such as developing a Centre of Excellence in trauma care in Kanchipuram, implementing trauma registries in hospitals for systematic data analysis, and first-responder training. These successes have also enabled Tamil Nadu to be well-positioned to quickly adjust and provide additional ambulance support to patients during the COVID-19 pandemic.
A ‘first of its kind’ crash database system
Tamil Nadu is a leader in the use of data-driven, scientific approaches to address road safety challenges with its web enabled GIS-based Road Accident Database Management System (RADMS) developed over a decade ago. This “first of its kind” system, which maps road accidents, identifies the most crash-prone hot spots, and pinpoints corrective action, has now been adopted as the template for replication at a national level for all other states.
Use of RADMS with its linkage to medical facilities across the state has brought down the post-crash response time of emergency medical teams to 14 minutes , at par with the world’s best trauma services.
Adapting infrastructure to a fast urbanizing state
Tamil Nadu has a tradition of good road building with safety improvement measures built in. It also adapted its infrastructure to urbanizing conditions through pedestrian footpaths, fencing and crossing facilities, traffic calming, signage, and channelization.
Between 2014 and 2018, the state Highways Department spent almost $200 million on special road safety programs and on rectifying more than 200 crash hotspots; about 2% of the capital expenditure under its Core Road Infrastructure Development Program has been earmarked for road safety, and the state also effectively utilized the Central Road Fund earmarked to states for safety engineering works. 
  
Improving road user compliance
Stringent enforcement has also significantly improved road user compliance and transparency. Enforcement of helmet laws, working hours of tourist/maxi cab drivers, and wine shops along highways was tightened; district collectors were asked to rationalize the speed limits on highways and a control room activated to monitor highway police patrol; and traffic regulations strictly enforced with e-challans issued through smart integration with the national vehicle and license databases.
This yielded impressive results on behavior change - between 2018 and 2019, two-wheeler fatalities in Tamil Nadu due to non-wearing of helmets declined by 28% . The state is now embarking on the next level of deterrence of risky user behaviors through automated speed enforcement systems and modernized equipment and tools.
The road ahead
Tamil Nadu’s early successes show that data-driven evidence-based road safety interventions when applied well are likely to produce the desired results. Mobilizing large resources for road safety is also possible despite the lack of a lead agency and dedicated funding arrangements.
The World Bank worked closely with the state government to support these multi-sectoral road safety initiatives, through projects including the Tamil Nadu Road Sector Project and the Health System Reform Program.
Going forward, sustaining these achievements will require that Tamil Nadu’s efforts on road safety management, post-crash care, infrastructure safety, and digital enforcement are continued. Other states in India would do well to traverse a similar road towards lower road crash deaths.","6084","CBMitwFBVV95cUxQSEN2R2FiSVpoaTlmWXo2TnVqRGtwVWVpQ3dYM1hBTndxUkVGNU5ISVE3V3cydVBralBtQTdjRlVKRU13UXliaXNhYWs1OHVFUGtlT2xmb0paQWRKMmJWaXQ3T21mdjdHZUg0TXJsakVVSzE0SnhoRGR5LXhBWTV6eWxBWmZNZU1wMEtxbUpKMjhoZWNheTQzX0tCNXhndExQanlvZWdqRURCWWFYUWhqN1ZNeHBiSVk","",,"2021-01-18T08:00:00+00:00","""road crash"" ""Tamil Nadu""","true","2026-09-24T17:31:46.458406+00:00","google-news","blogs.worldbank.org","World Bank Blogs","Road safety: How a state in India is leading the way to lower road crash deaths World Bank Blogs","Road safety: How a state in India is leading the way to lower road crash deaths - World Bank Blogs","https://blogs.worldbank.org/en/endpovertyinsouthasia/road-safety-how-state-india-leading-way-lower-road-crash-deaths"
,"https://frontline.thehindu.com/news/data-road-crash-deaths-down-by-5-per-cent-globally-but-india-numbers-rise-who-global-status-report-on-road-safety-2023/article67638045.ece",,"The WHO report reveals an alarming lack of progress in putting people at the centre of transport systems.
The annual number of road traffic deaths dropped by 5 per cent to 1.19 million per year, according to the latest Global Status Report on Road Safety by the World Health Organization, even as the numbers continue to rise in India. While the numbers have slightly reduced globally, with more than two deaths occurring per minute and over 3,200 per day, road traffic crashes remain the leading killer of children and youth aged five to 29 years, the report said.
“The tragic tally of road crash deaths is heading in the right direction, downwards, but nowhere near fast enough. The carnage on our roads is preventable. We call on all countries to put people rather than cars at the centre of their transport systems, and ensuring the safety of pedestrians, cyclists, and other vulnerable road users,” said WHO Director-General Tedros Adhanom Ghebreyesus.
Also Read | Over 4.45 lakh crimes against women in 2022, one every 51 minutes: NCRB
According to the report released on December 13, road traffic deaths have fallen by 5 per cent to 1.19 million annually since 2010. The “Road Accidents in India 2022” report, released in November 2023, said that the number of deaths reported in India due to road crashes in 2018 was 1,50,785 and it rose to 1,53,792 in 2021. The number was 1.3 lakh in 2010.
Progress in over 140 countries
The Global Status Report on Road Safety 2023 details the scale of global road traffic deaths, and progress in advancing laws, strategies, and actions to reduce them around the world. The fifth report in a series, it provides an overview of progress between 2010 and 2021 and sets a baseline for the United Nations Decade of Action for Road Safety 2021-2030 target of halving road traffic deaths and injuries by 2030.
Among UN Member States, 108 countries reported a drop in road traffic-related deaths between 2010 and 2021. Ten countries—Belarus, Brunei Darussalam, Denmark, Japan, Lithuania, Norway, the Russian Federation, Trinidad and Tobago, United Arab Emirates, and Venezuela—succeeded in reducing road traffic deaths by over 50 per cent, the report said. Another 35 countries made notable progress, reducing the deaths by 30 per cent to 50 per cent, it said.
The report has noted that 28 per cent of the global road traffic deaths occurred in the WHO South-East Asia Region, 25 per cent in the Western Pacific Region, 19 per cent in the African Region, 12 per cent in the Region of the Americas, 11 per cent in the Eastern Mediterranean Region, and 5 per cent in the European Region.
Nine in 10 deaths occurred in low and middle-income countries, and fatalities in these countries are disproportionately higher when set against the number of vehicles and roads they have.
The risk of death is three times higher in low-income than high-income countries, yet low-income countries have just 1 per cent of the world’s motor vehicles.
Pedestrians at risk
“Fifty-three per cent of all road traffic fatalities are vulnerable road users including pedestrians (23 per cent); riders of powered two- and three-wheelers such as motorcycles (21 per cent); cyclists (6 per cent); and users of micro-mobility devices such as e-scooters (3 per cent). Deaths among car and other 4-wheeled light vehicle occupants fell slightly to 30 per cent of global fatalities,” the report said.
The pedestrian deaths rose 3 per cent to 2,74,000 between 2010 and 2021, accounting for 23 per cent of the global fatalities. Deaths among cyclists rose by nearly 20 per cent to 71,000, accounting for 6 per cent of the global deaths.
“Meanwhile, research indicates that 80 per cent of the world’s roads fail to meet pedestrian safety standards and just 0.2 per cent have cycle lanes, leaving these road users dangerously exposed,” the report said. “And while 9 in 10 people surveyed identify as pedestrians, just a quarter of countries have policies to promote walking, cycling and public transport,” it added.
According to WHO, the report reveals an alarming lack of progress in advancing laws and safety standards.
Best practices
Just six countries have laws that meet WHO best practice for all risk factors (speeding, drunk–driving, and use of motorcycle helmets, seatbelts, and child restraints) while 140 countries (two-thirds of UN Member States) have such laws for at least one of these risk factors.
Of note, 23 of these countries modified their laws to meet WHO best practices since the Global Status Report on Road Safety 2018, the report said.
Also Read | How Maruti Suzuki tried to turn men into machines at Manesar
“The global motor-vehicle fleet is set to double by 2030. Yet just 35 countries—less than a fifth of UN Member States—legislate on all key vehicle safety features (advanced braking systems, front- and side-impact protection),” a WHO statement said.
“The report also reveals major gaps in ensuring safe road infrastructure, with just 51 countries—a quarter of UN Member States—having laws that require safety inspections that cover all road users,” it said.
(with inputs from PTI)","5112","CBMihAJBVV95cUxPSmF0VzlmaUFVR1VDOGxWYkhjX3FndGQ4NkRGTElfVjJvbGo2UlpLTkZuVmYxNlhXSlVYX3dPQ190M3FFNlNTR2JSUWRRejB6d0hFWlJvUDNzeXMyaGtDa0hERlBBM1RjTVZwdllaNnM1OV9ZekdieHdKODk5VzY1NXljc1hzNUVpWUdWWHZZYzByUGFDdHU5X3U3emlwWURDbG45NjAyLU5fbmE3YWM3LWszX0M2bEI2TEswZl9UNEduQ2FDYUs4VzJhZ0h3b1VNUVEtd2tZMmZoMDFBZ1NfVVJ4QVo1a2JPZDZOLThfSXdCaG1JdEVFd1BkbTNMT0VHZVdRX9IBiwJBVV95cUxPdEQ4SWpKZ0hfbUY2TXhZNVRGYnZYNmpMd2wyLXhSb1ZhTkN5SDNQeDRHQU5kM3dtV3pHUHhZYXJRS1JhSk9BaEJuZDlfcVcxQnBldG1qcHdvRkt2ajhYcEJ5RERNeWxfUlJIcjBUZnJFbjkydVRFUDFucm9fdFlNNDFvU29va2dOVWJfczhLUi1Ka0VZZzdJa1FzYUN6UHBkdVJUZG1HM0NDTjVBblBWU0hsa2p2ZTBpX0lVMDFUNWtuZHRpLTJhaXJoZVpCbEpUUEJkSWJCd1M2d3Nxb3EtS0s3MzUzYkMxWU1QMmsxR1M3VjhHb3kxRkJnbTEtMy04MDNsTldzR3BJSFE","",,"2023-12-18T08:00:00+00:00","""road crash"" ""Tamil Nadu""","true","2026-09-24T17:31:46.458531+00:00","google-news","frontline.thehindu.com","frontline.thehindu.com","Data | Road crash deaths down by 5 per cent globally but India’s numbers rise: report frontline.thehindu.com","Data | Road crash deaths down by 5 per cent globally but India’s numbers rise: report - frontline.thehindu.com","https://frontline.thehindu.com/news/data-road-crash-deaths-down-by-5-per-cent-globally-but-india-numbers-rise-who-global-status-report-on-road-safety-2023/article67638045.ece"
,"https://timesofindia.indiatimes.com/city/vijayawada/head-constable-dies-two-critical-in-vizag-road-crash/articleshow/130499985.cms",,"Visakhapatnam: A 44-year-old head constable with the prohibition and excise department was killed, and two others suffered severe injuries in a road accident when his bike was hit by another speeding bike near Kancharapalem in Vizag on Friday.
The deceased was identified as Lagudu Simhachalam Naidu, a resident of Susarla colony in NAD of Vizag and a head constable at Seethammadhara excise station in the city.
The locals said a speeding bike hit Naidu's motorcycle from behind when Naidu was heading towards Kancharapalem from Tatichetlapalem on Friday.
As a result of the collision, Naidu succumbed to his injuries. The two young men involved in the accident, Devupali Karthik and Botta Ekanth, sustained severe injuries and were admitted to a hospital, where their condition is said to be critical. The police registered a case, and the investigation is underway.
Excise minister Kollu Ravindra expressed grief over the death of Naidu in the road accident and said that the govt will extend support (a job to Naidu's family and Rs 1.1 crore amount through SBI insurance) to Naidu's family.","1094","CBMiygFBVV95cUxOMTdDTnV5ekNBRlVMWUd3azZqcUZ0cUw1OU8wclMtb2EtbGJoVXpKekRneWhlRVlqQ0I5aHk2NFZONjZjMzJ3ZFVqZzVXSVlDU1FfUHBXVWFQRTdaekpvMWJCOF81TW8tejBlYVZ4bEgxR3VQc0ctdTZ2c3VKbWpOVW1QM3ZGXzRUUzl6NThnYVlyZjQydUtveThnU3ZuYzVJWDVMczl6Znl6Y3dUS3lleE5NM2cwUGtJQXNIb0lzUVZEdXRtYk9fUDR30gHPAUFVX3lxTFBXc0xHR0h5TW96YkRCbk8zZVVXQ1RiNlUyLUgtbXpSZnY0ZWdsdjItWE5WMmk3azBNazVhWXcyM3JVbzc5UmtNWFgzTDRFNW5xSDBzWWN6VVJfZ1o3MlR4S2xoaGkwOFlYN3ZpdVI3NjFPMGY0OWV4NUNMdkRHaWRrbEVvY3VOV1pIbkhPMjROa1FvekpFQUp1WF95cTJyUjg2V1hsWWx5Vk53eF9CZFVLemVfamtyS1ZBYkV5Y1pQV1Y4Y1JhMTFRc3pWLUZ0OA","",,"2026-04-24T07:00:00+00:00","""road crash"" ""Tamil Nadu""","true","2026-09-24T17:31:46.458614+00:00","google-news","timesofindia.indiatimes.com","The Times of India","Head constable dies, two critical in Vizag road crash The Times of India","Head constable dies, two critical in Vizag road crash - The Times of India","https://timesofindia.indiatimes.com/city/vijayawada/head-constable-dies-two-critical-in-vizag-road-crash/articleshow/130499985.cms"
,"https://bbc.com/news/world-asia-india-67282165",,"Speeding led to 70% of India road crash deaths
At least 168,491 people were killed on India's roads last year, data released by the government shows.
The country accounts for just 1% of the global vehicular population, but has the highest number of accident-related deaths in the world.
The fatalities recorded in 2022 represent an increase of 9.4% on the previous year, a new report by India's transport ministry said.
Seven out of every 10 lives, or 70%, were lost due to speeding, it added.
Road accidents are common in India, often due to poor driving or badly maintained roads and vehicles.
The report, which was released on Tuesday, said that the country lost 462 lives a day and 19 lives every hour to road accidents last year.
Road accidents also injured 443,000 people in the country and the number of accidents rose by 11.9% between 2021 and 2022. Most of these were caused by vehicles being hit from the back or hit-and-run cases, the report said.
The southern state Tamil Nadu accounted the highest number of accidents followed by the central state of Madhya Pradesh, the report said.
It added that the country did manage to buck the trend momentarily in 2020 when the Covid-19 pandemic broke out.
Data shows that there was an ""unprecedented decrease"" in accidents and deaths, particularly during the months of March and April when the country imposed a countrywide lockdown to curb the spread of the virus, the transport ministry said. But the numbers picked up again.
The ministry said it has been making efforts to curb the problem such as improving the design of roads, increasing surveillance on highways and imposing ""stiff penalties"" for traffic violations.
In an interview with MoneyControl website last month, Transport Minister Nitin Gadkari said that government intervention would not be enough unless citizens start following traffic rules more seriously.
""Frankly speaking, we are not satisfied, and are not seeing a fall in accidents because we need to change human behaviour,"" he said.
A World Bank study shows that road crashes are estimated to cost the Indian economy between 5-7% of GDP a year.
More than half of the victims are pedestrians, cyclists, or motorcyclists and almost 84% of all fatalities are among road users between the working ages of 18-60 years, it said.
BBC News India is now on YouTube. Click here to subscribe and watch our documentaries, explainers and features.","2414","CBMiX0FVX3lxTE9OeVZhbGxiZnNUTGk3M0tzc2k5ekItaS1qclNGU1RpN2FuS05XV1BhQ20zNXhvbTVkalZRMEVhUFNNZG4yNElBN2lNdlVxb0tNTG9IcE5rWC1ROWYwS3c0","",,"2023-11-01T07:00:00+00:00","""road crash"" ""Tamil Nadu""","true","2026-09-24T17:31:46.458681+00:00","google-news","bbc.com","BBC","Speeding led to 70% of India road crash deaths BBC","Speeding led to 70% of India road crash deaths - BBC","https://www.bbc.com/news/world-asia-india-67282165"
,"https://assamtribune.com/national/tenkasi-tragedy-six-dead-over-20-hurt-in-tamil-nadu-bus-crash-1598953",,"Chennai, Nov 24: In a devastating road accident, six passengers were killed and more than 20 others were injured when two buses collided head-on near Duraisamipuram, close to Kadayanaallur in Tenkasi district.
The incident occurred around 11 a.m. and immediately sent shockwaves through the region.
According to police sources, a private KSR bus was travelling towards Tenkasi when it reached Duraisamipuram junction. At the same time, another bus — operated by MR Gopalan Travels and heading from Kovilpatti to Tenkasi — was approaching from the opposite direction. In a split second, both vehicles rammed into each other with immense force, trapping several passengers inside.
Local residents, who rushed to the spot upon hearing the loud crash, joined police and fire-rescue teams in pulling out the injured.
The Tenkasi district administration, led by District Collector and District Superintendent of Police reached the site within minutes and is supervising rescue operations, which are still underway.
The injured have been admitted to Tenkasi Government Medical College Hospital, where several remain in critical condition. Officials fear that the death toll may rise.
Eyewitnesses described scenes of chaos, with shattered glass and twisted metal scattered across the road. Several passengers had to be extricated using hydraulic cutters, and emergency teams faced considerable difficulty due to the impact of the collision.
Monday‘s accident comes at a time when Tamil Nadu has witnessed multiple fatal mishaps in a short span, raising serious concerns about road safety and vehicle regulation.
Just days ago, four members of a family died in Tiruvannamalai district after their car collided with a lorry. In another incident in Coimbatore, two college students were killed when their motorcycle was hit by a speeding bus.
Last week, three persons lost their lives in Ramanathapuram after a private van overturned due to reckless driving. Data from the state transport department indicates that Tamil Nadu continues to rank among the states with the highest number of road fatalities in India.
Police officials say speeding, fatigue of long-distance drivers, and poor enforcement continue to be major factors.
As rescue teams continue their work at Duraisamipuram, authorities have ordered a detailed enquiry into the cause of the collision. The tragic accident has once again underscored the urgent need for stricter safety protocols and regular inspection of private buses operating on busy inter-district routes.
--IANS","2532","CBMipgFBVV95cUxOMWJpRE1YMS1iUkxXUmpCTW9hYndtd0czRlhlREZocTJwRzlVWjBRV0xQTEZIcnJSMl9VQmx1RzQ3N0pVcW9IcndTVmJtYXZoVnFqdzdaVkozeHYtMF9WZ2pfc3d6ZjduY0lZS1RUVzJKMThWZ29NM3NVdHZYckVWam93RTFXbE52d29MOXFBNEFTenQ2SFAtcDJiWDg1VWt4Qm9tcmdB0gGrAUFVX3lxTE1ZTFhpaFRsbUpEaUV1ZWlzcnBHeUxoV0JzSWh6NTFfN0hETjRGOS1US3dNWjlpSkZKV3dGeUJqUFV4YnZ0VkZkWVl4SmNjVXN4Y1M1cURXcUtvaEJZWmk5bTltLWNnUS1OS3pVX2oydU9ZNkhvUkNyb0NCbVRtVlMzRnFScmtBanFOM0hqYWVLT1BocFNMbGRHQkhUYTdpZ1dNR3hvWGszaHJQNA","",,"2025-11-24T08:00:00+00:00","""road crash"" ""Tamil Nadu""","true","2026-09-24T17:31:46.458850+00:00","google-news","assamtribune.com","The Assam Tribune","Tenkasi tragedy: Six dead, over 20 hurt in Tamil Nadu bus crash The Assam Tribune","Tenkasi tragedy: Six dead, over 20 hurt in Tamil Nadu bus crash - The Assam Tribune","https://assamtribune.com/national/tenkasi-tragedy-six-dead-over-20-hurt-in-tamil-nadu-bus-crash-1598953"
,"https://worldbank.org/en/country/india/publication/traffic-crash-injuries-and-disabilities-the-burden-on-indian-society",,"Road crash deaths in India are among the highest in the world. What’s more, the socio-economic burden of road crashes is disproportionately borne by poor households. And most of those unfortunate ones, who are involved in a crash, do not have adequate access to medical and social safety net. The burden of the crash is borne not only by the victim but by their entire household.
This study, done in collaboration with SaveLIFE Foundation, assesses the social, financial, gender, and psychological impacts of road crashes on poor and disadvantaged households. It is based on the survey data collected from four Indian states – Uttar Pradesh, Bihar, Tamil Nadu and Maharashtra.
Over 40% of the households in rural areas reported at least one death after a road crash compared to 12% of households in urban areas. Similarly, low-income households reported twice the numbers of deaths post-crash vis-à-vis high-income households. Victims from low-income households and rural areas are also twice more likely to suffer a disability after a crash than their high-income counterparts.
The decline in total household income was sharper among low-income households (75%) than high-income households (54%). The severe impact of decline in income was highest among low-income households in rural areas (56%) compared to low-income households in urban areas (29.5%) and high-income households in rural areas (39.5%). Within households, women bear the brunt of caregiving activities post-crash, leading to a double burden of physical and mental stress and exacerbated inequality of opportunities in returning to livelihoods and income generating tasks.
Inequality in insurance coverage and delay in accessing compensation mars the quick recovery process for low-income households. Insurance coverage was significantly higher among high-income households and households in urban areas vis-à-vis low-income households & rural areas.
It identifies key areas needing immediate improvements and provides some key policy recommendations for the national and state governments.
This state fact sheet highlights the impact of road crashes on people belonging to different social categories in the state. The fact sheet uses data from the 2021 study titled “Traffic Crash Injuries and Disabilities: The Burden on Indian Society”.
“Every life lost on the road is one too many” resonates viscerally in Tamil Nadu, which until recently, was one of the worst-ranked states in India for road crashes and fatalities.
In 2014, more than 15,000 people were dying every year from road crashes in Tamil Nadu. But decision-makers have turned the situation around through strategic vision and leadership.
What important lessons can other Indian states learn from Tamil Nadu’s successful experience in improving road safety? This blog tells more: https://wrld.bg/CukC50DyKyG
In India, two-wheelers – motorbikes and scooters - remain the first choice for upwardly mobile families and young commuters as they buy their first motorized vehicles. The e-commerce boom has added to the numbers of two-wheelers on Indian roads, and they now dominate urban delivery systems.
Despite the gain in accessibility two-wheelers offer, they pose a danger to themselves and to others as they weave and swerve unpredictably through traffic, take over sidewalks or park anywhere.
Yet, we remain far from managing or providing for them. This blog tells how we can make Indian roads safer for this mode of transport: https://wrld.bg/vLKk50DyKlu","3490","CBMiwAFBVV95cUxQWC1xZkJJQ0lEOG9qRUxCRHpxMmc5SXJwNEN5VHRscWExSEdwX2dsb19pTmhLdjdlQ0JjYlRLek9GZDBqU2Mta1pkcEF0UmNhREgtZ2tmTHh2YVFlRHlURnp1VllnYVBvRFZkZUFuVjRrZEVETndMM0ZOS2IydDY2c1VURC1iUE5zTnI3S2NOUUZJazJ2SFZOUThZSl9Ec1Y2REVzampTOUE5b2hQY01USzVOcnRXdXZTaThicGpHX0o","",,"2021-02-13T08:00:00+00:00","""road crash"" ""Tamil Nadu""","true","2026-09-24T17:31:46.458928+00:00","google-news","worldbank.org","World Bank Group","Traffic Crash Injuries and Disabilities: The Burden on Indian Society World Bank Group","Traffic Crash Injuries and Disabilities: The Burden on Indian Society - World Bank Group","https://www.worldbank.org/en/country/india/publication/traffic-crash-injuries-and-disabilities-the-burden-on-indian-society"
,"https://timesofindia.indiatimes.com/city/mumbai/road-crash-victims-wife-challenges-teen-drivers-release-in-childrens-court/articleshow/130118433.cms",,"Mumbai: Claiming that there is deliberate deletion of evidence during pending investigations and attempts to subvert criminal justice by offering Rs 40 lakh as blood money, 32-year-old teacher Menal Patel has moved the children's court at the city sessions court to challenge the release of a 17-year-old driver involved in a high-speed collision that claimed her husband Dhrumil Patel's life and left her injured.
The appeal against the teen submitted through advocate Ruben Mascarhenas, said the ""best interest of the child"" principle, often used to grant leniency to minors, should not override the ""ends of justice"" in cases involving grave offences.
""The JJ (Juvenile Justice) Act is not a blanket amnesty for juveniles charged with the gravest offences. In cases involving culpable homicide not amounting to murder, where evidence of deliberate recklessness, tampering with evidence, financial capacity to influence proceedings and inadequate parental supervision are all present, the ‘best interest' principle must be weighed alongside the interest of justice and the rights of victims. The... JJB failed to undertake this balanced exercise,"" the appeal said. The prior stunt videos, on Instagram, since deleted, ""establish precisely that knowledge and conscious disregard for human life that is the foundation of the charge.""
The plea said that the teenager stands charged with one of the gravest offences in the penal code, carrying a maximum punishment of life imprisonment. ""The JJB's superficial analysis of this exception, and its failure to apply it to the specific facts of this case, renders the order erroneous and liable to be set aside,"" the appeal said.
The appeal follows a March 6 decision by the Suburban Juvenile Justice Board (JJB) to grant bail to the teenager, the Child in Conflict with Law (CCL), on a bond of Rs 25,000, despite charges of culpable homicide nor amounting to murder.
The appeal requested that the court cancel or revoke the bail. It further sought a direction to place him in an observation home while the investigation and trial were pending completion. Alternatively, the appeal stated that if the court chose to maintain the release on bail, it should substantially enhance and modify the existing bail conditions.
Last week, Menal petitioned the Bombay high court to seek cancellation of bail that the sessions court granted on March 4 to the driver's father.
On Feb 5, 2026, the couple were heading back to Ghatkopar from Parel, where Dhrumil worked, on his scooter when a car from the opposite direction ""violently struck them"", the appeal said. Dhrumil sustained grievous head injuries, rib fractures and fractures to his left knee and right wrist, while Menal too broke her right hand and sustained grievous injuries to her right eye and other parts.
The appeal also alleged the teenager was driving without a licence and that his father enabled the incident by giving him the vehicle.
The appeal also alleged that the teenager's family has actively worked to undermine the investigation. The plea referred to the alleged offer of Rs 40 lakh in """"blood money"" made by the teenager's father and his brother. The victim's family claims this meeting, originally presented as an offer to help with medical expenses, was actually an attempt to buy their silence and force the withdrawal of the police complaint.
The appeal also disputes the board's dismissal of material allegedly showing a pattern of reckless conduct, including Instagram stunt reels. ""The... JJB dismissed this evidence on the ground that such prior stunt reels are ‘not directly related to this incident'. This reasoning is legally untenable. The evidence of habitual recklessness goes directly to the ingredient of knowledge under Section 105 (culpable homicide not amounting to murder) of the BNS..., ie, that the CCL knew his rash driving was likely to cause death,"" the appeal said.
A key allegation is that the teenager's Instagram account was deleted while the investigation was underway. Patel has described this as destruction of evidence and a sign of possible future interference. The plea states: ""The deliberate deletion of evidence during a pending investigation is itself an independent ground indicating a propensity to interfere with prosecution evidence."" The appeal contended that releasing the teenager—who had already shown a predisposition to destroy evidence—raised a legitimate fear that prosecution witnesses might be influenced.","4471","CBMi4gFBVV95cUxPR25uaUxCR1NkQWJtRVpCVzFkb0wybldrNnRZTUxSRzRMck1xT1ZBUjAxaFI3VVVyNHBpbVJXS1BoUEZUOWZTNUJxRGNVWVI1TVpHOHBHSlNJSlBtTDhQM2libVhIZzYxcDhSOUxpeHd6VEZETS1icEc2MThNMGYtNlVGMVhvWWRVWVVjcTIyT2xhWDlwaUdsVE5oOEhjRnZoNzRLU0M4N3NmWVprLUl0cnhZLXVTM01VR2otalp6UmlvYzY3SjRjRzljUE1PX1JhTWpSZ3NGMFY0cnRFWUlmSXF30gHnAUFVX3lxTE9mcDE2bC1NbkktUkNfY041X21YVm40ZmlEMnZFejBPVjNhU2pFTWd3Y21zeFRfNDFRRlpnOEVONDRDSzNEY3YwbjlmN1gzbFFTMWxtWUZQc0RMajhZSk14ZXBFdkx6ZU0xTHVTS09PdzZKTnI5VmZVTG8xTkxfcWJ1Yjg5bjFZNVNlWWFMTlRjaW45UkI3cmd1el9pWWpjcWxyaVRhN2FRQVNFYXZFQkU3QS1tSUNoTnltM2NzOXZEMXcyMHpTaEltbnVSZXczb1NERlJXUVNaZTRaRXpMRWs2a2dqRTI0UQ","",,"2026-04-08T07:00:00+00:00","""road crash"" ""Tamil Nadu""","true","2026-09-24T17:31:46.459017+00:00","google-news","timesofindia.indiatimes.com","The Times of India","Road crash victim’s wife challenges teen driver’s release in children’s court The Times of India","Road crash victim’s wife challenges teen driver’s release in children’s court - The Times of India","https://timesofindia.indiatimes.com/city/mumbai/road-crash-victims-wife-challenges-teen-drivers-release-in-childrens-court/articleshow/130118433.cms"
,"https://newindianexpress.com/states/tamil-nadu/2026/Jul/22/teens-joyride-in-fathers-car-ends-in-crash-biker-injured-in-tn",,"TIRUCHY: A 16-year-old boy driving a car collided with a two-wheeler, crashed into a steel crash barrier and hung precariously from the bridge on the Karur bypass road in Tiruchy on Monday night. The minor boy and his five teenage friends escaped unhurt, while the biker sustained injuries.
According to police sources, the boy, a Class 11 student at a private school, hails from Gandhi Market area. On Monday night, he took his father’s car for a drive. He was driving the car with his five friends from Thillai Nagar towards the Karur Bypass Road.
As the car approached the bridge on the bypass road, the boy allegedly lost control of the vehicle and collided with a two-wheeler before crashing into the steel crash barrier on the right side of the bridge. The impact led the vehicle getting lodged on the barrier and hanging precariously from the bridge.
Locals and passersby helped in rescuing all six occupants from the car. The biker, J Ramasubramaniyam (39) from Thiruvanaikoil, sustained injuries and was admitted in the MGMGH.
The Tiruchy Traffic North Investigation Wing reached the spot and seized the car. Till Tuesday night, police sources said they were yet to register a case. Since the car is owned by the boy’s father, he might be booked along with the minor boy.
It may be noted that a 14-year-old boy died after the bike he was riding crashed into a cement wall on Students Road on July 03.","1409","CBMiwwFBVV95cUxNNUhpOXNrTHRvOC01V21vdmdFZEFveHhpczJTOTdKSkNxeGh3VDVQZ2FtWjViTHh3YXk1WldSVElnUE5tbjJNcGZPenRMdmFETmVqQ2VPdkZwMVZBdnVWaGRtenZhTEx6YlMzNi1CanQ1Vm5la0JVb01ZSDVFZ0FPa3VjRGFRaEJRS2MySEl2RzF2ank0cFJaTUMwSW83NmhWbUlxQzRJbE9PcHhFYWp0aFgtZ1kwUS1FMzNvSTdNNE5OSHfSAdABQVVfeXFMTjg3bTRIU2E0VnhkQmhMYTR5RGJRdlZVY2xKX0E4eTdueHZIaDh3RUh2N0UycjdTVE9sVzhVZVBHQzY5NVgwOUxZZEU0T3ByYU4tdDByY1FERGpuTUpkUVBiaWF5MG9lWUctMk1CZEc5aW9xYTdpUzktekpMOEowN1JuVVRZQXJOaFc4R0ROdlVQRHBFWHpianRXeTliZGxKems5cEFxc1dIQ1U1enItM1ZfS3F3WmdxaFcxbDh5aExxSWpsaFVOSHRpU1p3ZkZyVQ","",,"2026-07-22T07:00:00+00:00","""road crash"" ""Tamil Nadu""","true","2026-09-24T17:31:46.459238+00:00","google-news","newindianexpress.com","The New Indian Express","Teen’s joyride in father’s car ends in crash, biker injured in TN The New Indian Express","Teen’s joyride in father’s car ends in crash, biker injured in TN - The New Indian Express","https://www.newindianexpress.com/states/tamil-nadu/2026/Jul/22/teens-joyride-in-fathers-car-ends-in-crash-biker-injured-in-tn"
,"https://newindianexpress.com/states/tamil-nadu/2023/Dec/16/man-hacks-wife-in-tiff-kills-stranger-dies-in-road-crash-in-tn-2641999.html",,"THANJAVUR: A man who was on the run after hacking three people, including his wife, on Friday died after his car collided head-on with a truck on the Thanjavur-Tiruchy highway, sources said. Of the three the man assaulted, a private dairy shop owner succumbed to injuries at Thanjavur Medical College Hospital.
According to sources, T Sundar Ganesh (42) of Victoria Nagar in Nanjikkottai road was a gold appraiser in a private bank before he resigned two years ago. On Friday he entered into a quarrel with his wife Nithya (39), who was a manager at a nationalised bank, over disposal of a house they bought recently. Suddenly, Ganesh hacked Nithya with a machete and sped away in his car.
Later Ganesh visited a private dairy shop at Yagappa Nagar main road, run by M Gopinath (32) of Keezhathiruppoonthurthi, and assaulted him. He also hacked M Thamaraiselvan (34) of Keezhathirupponthurthi who was employed in the shop. Even as both lay grievously injured, Ganesh sped away. Meanwhile, the Tamil University police headed to Victoria Nagar and sent Nithya to a private hospital. The Thanjavur South police separately sent Gopinath and Thamaraiselvan to TMCH.
Even as police alerted check posts across the district about Ganesh, the latter drove his car against traffic on the Thanjavur-Tiruchy main road and collided head-on with a truck near Muthandipatti. In the impact, Ganesh died on the spot, sources added. Meanwhile, Gopinath died at TMCH without responding to treatment.","1480","CBMi1AFBVV95cUxOVTA5VzVBeVNCaVhKb1JjcF9IallSV0ZHTXJaaDB1U1B4Tk5QMHgxN2lQVEI0YjdQNjhRNVNmRm1LVlljUzZPWjdzWUFHMGt0OEVRdUtPM2NDZDl5ZFBrdEFnV19qenB4WWZTc1hFajRiaTlyNldUakJaY1FWMkQwVVNnSXVwSTFlWG9NRU9OSWJnUUtTS1VXSWxIa3ZwSVVDLW0wWjdETWFPZmRlMmNaZVBvVVlhdUtycnFISFJuX1NSQnBzc0tSSl9MaWIxUDNBampGedIB4gFBVV95cUxNRkk2d184NC1oQzBWdGtlSXBpeDNnQ1VXQUVwSmJFODFDOFlRVTEyX0ZiUmxoTGFGTDVxYjB2dkFXQmtLQjRlVGRDaG1VM0ZwV3h6QlJKVlM2XzNVd202SjhQb0o1RXpmRDB5S0xWWWEtT29fZGxGdXBEM3NuMlphMXpOdE03aVBLSFNGMzJqdW5aNFZpRE1DdVhhU0stalFEOHg1ZzYxbG5rSjVfLUlodHhnR3ViZEJqcEpWYWpSVERYOElUY2R0Y3VxWTV3UzZKam5Cc3dkaTE5QjBBYkxvTEJR","",,"2023-12-16T08:00:00+00:00","""road crash"" ""Tamil Nadu""","true","2026-09-24T17:31:46.459556+00:00","google-news","newindianexpress.com","The New Indian Express","Man hacks wife in tiff, kills stranger, dies in road crash in TN The New Indian Express","Man hacks wife in tiff, kills stranger, dies in road crash in TN - The New Indian Express","https://www.newindianexpress.com/states/tamil-nadu/2023/Dec/16/man-hacks-wife-in-tiff-kills-stranger-dies-in-road-crash-in-tn-2641999.html"
,"https://timesofindia.indiatimes.com/city/bareilly/3-who-died-in-road-crash-turn-out-to-be-kidnappers-abducted-minor-occupants-6-3-survive-dad-rescued/articleshow/130067957.cms",,"BAREILLY: In a startling turn of events, three men who died after their SUV crashed into a parked tanker in Bareilly on Sunday evening, have been revealed as kidnappers. The driver and two abducted boys, aged six and three, who were in the vehicle, suffered injuries and are undergoing treatment, while the boys’ father who had also been kidnapped, was rescued from a village in Bareilly, police said on Monday.
Manmohan Singh, 30, a resident of Tanda Sikanderpur in Bareilly, Sikandar from Pilibhit and Vishesh from Rampur were travelling towards Delhi with the two boys, residents of Gurgaon, when their car allegedly speeding at 150kmph, collided with the tanker, killing the three accused on the spot. The driver, Prince, a resident of Rampur, and the two boys, survived with critical injuries and are undergoing treatment at different hospitals in Bareilly.
SSP Anurag Arya told 
TOI
, “A phone from one of the deceased was recovered where a video was found indicating that the minors and their father had been kidnapped. A call detail record (CDR) was sought and an SOG team deployed, following which Manoj was rescued.”
He added that Manoj’s father, Nathu, knew of the abduction but did not inform police. He was detained and later told them that Manoj had been confined in a room in a Bareilly village. 
“Preliminary investigation revealed that Manmohan and Manoj were relatives who were working in Gurgaon. He was in a relationship with Manoj’s niece who wanted to marry him, which Manoj and Nathu didn’t approve of. Prima facie, Singh committed the crime to avoid marriage but this is not conclusive,” the SSP said.
“A missing complaint had been filed last week in Gurgaon by Manoj’s wife, Pooja, alleging that her husband and children were kidnapped,” Arya said, adding that the case pertaining to this matter will be handed over to Haryana Police while the accident will be investigated here.
Police said the accused had serious criminal antecedents, including cases of dacoity, robbery, theft, and violations under the Arms Act and Gangster Act.
The crash also claimed the lives of two motorcycle riders, Sahabzad Khan and Mumtaz of CB Ganj, who rammed into the mangled SUV. Locals alleged that the tanker had been left on the roadside since an earlier accident a day before. “The truck was heavy and required heavy machines to remove it from the site,” said the SSP.","2380","CBMihgJBVV95cUxORjMyQ1Q1S1pyTGtBclFQd0RiVlBRSTlTQTBianAxOHJ0UUJ4QTczOE1BRjdwLTNPTFB0YkhQdUdZcWlhUTZhS29oSi1Idk5mdEVCX19PTkxDV1Vyb2s1OFJhc2ZDeC1IS18wQS11UmxVaGFHdGVkb01fZFpFNmF2TWJBeWlNLTdFdjJtNFZwT3UyaEl6SjZNYlJid3J5b3I5QXpoR0NJTGFrUm8td0o2OFhJSWxfNjlnQU1mM2FWVlAxc3IxM2dJWkZ6M1BOeTIwZ2hDQVNYNVgyYUlyNTJucDZFOEd0WWxTRFFmcXFzaHhnM2lfRnFxUXRyd1RicGRaVHJtcXJ30gGLAkFVX3lxTE1oWUJWZkJsSUVuTzBZRzdWSFh3aHpKVTFtaU13MkNTVnVvUURKNFhuOTlSX1NTU2ZWOVVWdTcxMzNfQnFNRUt4SFFwZnJtTVJES2ItUlZpM0tvLURUSllaUk1lZ0lVaWM4UEZZVzlaYnZIc2xFYVNiNnhCNG4zczhlYTgwZERVdXVORGl1aTAzOGUyeU5TVzNjbG5LYVJJQnJJZFdtTGlNSUlDYWFjVzhsY0t6bm9LZFlDamtRb282UDlJakFRaHVpdmNyb2JrVldma090LVByeGRxckF1Zk56clpMWTE2MTVDNnZaNEhjWHhOOG9VbnpvVUpDUzljME5OcnB2eGtJLWVkOA","",,"2026-04-07T07:00:00+00:00","""road crash"" ""Tamil Nadu""","true","2026-09-24T17:31:46.459648+00:00","google-news","timesofindia.indiatimes.com","The Times of India","Bareilly SUV crash twist: 3 men killed in mishap turn out to be kidnappers, 2 boys abducted from Gurgaon The Times of India","Bareilly SUV crash twist: 3 men killed in mishap turn out to be kidnappers, 2 boys abducted from Gurgaon - The Times of India","https://timesofindia.indiatimes.com/city/bareilly/3-who-died-in-road-crash-turn-out-to-be-kidnappers-abducted-minor-occupants-6-3-survive-dad-rescued/articleshow/130067957.cms"
,"https://timesofindia.indiatimes.com/city/lucknow/2-dead-in-nepal-road-crash-cm-gives-2l-aid/articleshow/130478243.cms",,"Lucknow: At least two people—a woman and a child—were killed and 21 others injured in a road accident in Nepal’s Pyuthan district, officials said on Thursday. The injured included the driver and passengers, many of whom are from the UP-Nepal border areas. Chief minister 
Yogi Adityanath
 has announced an ex gratia of Rs 2 lakh each for the families of the deceased.
Maharajganj district administration coordinated with Nepalese officials to ensure prompt medical assistance. District magistrate Santosh Kumar Sharma immediately spoke to the Chief District Officer of Rupandehi district in Nepal, following which the injured were admitted to Lumbini City Hospital in Butwal for treatment.
As part of the emergency response, SDM Nautanwa Naveen Prasad was dispatched to the spot to oversee relief and coordination efforts, while ADM (finance) set up camp at Sonauli to facilitate coordination with Nepalese authorities. Four advanced life support ambulances along with six additional ambulances were deployed to assist in evacuation and medical support.
Medical teams at the district hospital and medical college in Maharajganj have been placed on high alert, with beds reserved for any patients requiring transfer to Indian facilities.
Officials said the Nepal administration is extending full cooperation in rescue and relief operations. Continuous communication is being maintained between both sides to ensure seamless coordination.
Arrangements have also been made to assist families of the deceased and injured in travelling to Nepal. The District Magistrate expressed condolences to the bereaved families and assured all possible assistance.","1648","CBMiuAFBVV95cUxOdW1mU2R3NmRwcmtBRzZ4NGNMZnRHOUkxRUhjQTdKeGdmTUhsbHRkclgtbnZ1Mi02V2xCeE84SlI4Q3FOZTBtWGJwNHNzdWRIX3JyWjA0MG1JeV9WS3VpN19CUU9LY0dwaTFZUTJsTTV2YzhkTUJ5MVdyTFZybjBsalpQdHAyQVNHdXNlcG96SXhDTXVkQ2hVWGVYWHZLUEQ3QW95aUVBWHF6WldkNjhIS1lDZ2RGVXNO0gG-AUFVX3lxTE43YWw3dE02WE5ITHMyTHZIcWctLU9rS2pMNkxZeTUwNl9aWnAtV1J1ejI1LXJ2MkQxWi1kN0hCcjdtREFmdU5VczBqM2hxanFUcDFuVmtNWk1hY2ZhWHhabHpyRnJYcTk5YmRzSm5KN2hBS3NOdlZyREVwdGtMVGhQLXI3bFd5OWVGN0xORlNPQ2hsbDJuV012N2MtR3haMm56dGNhdUk2TmpHZ3pTY29jVlpmNXNWN21PTGZEdnc","",,"2026-04-24T07:00:00+00:00","""road crash"" ""Tamil Nadu""","true","2026-09-24T17:31:46.459726+00:00","google-news","timesofindia.indiatimes.com","The Times of India","2 dead in Nepal road crash; CM gives ₹2L aid The Times of India","2 dead in Nepal road crash; CM gives ₹2L aid - The Times of India","https://timesofindia.indiatimes.com/city/lucknow/2-dead-in-nepal-road-crash-cm-gives-2l-aid/articleshow/130478243.cms"
,"https://auto.economictimes.indiatimes.com/news/industry/a-story-of-unfinished-dreams-and-the-unseen-pain-of-road-crash-victims/115378983",,"- Industry
- 3 min read
A story of unfinished dreams and the unseen pain of road crash victims
                    Data from 2023 paints a grim picture: every day, 26 children lose their lives in road accidents, and among them, seven fatalities occur due to driving-related causes. Over-speeding accounted for 68% of these deaths, claiming thousands of lives.
                                    
            
        On a chilly November evening, amid the lights and honking horns of a busy city intersection, tragedy struck. Six young men, full of life and dreams, never reached their homes. A car crash involving a container truck on Dehradun’s Ballupur-Garhi Cantt road shattered not just the vehicle but the lives of their families. Parents, siblings, and friends were left grappling with the gaping void that would never heal. This incident, as reported, highlights an unsettling truth — our roads have become silent killers.
The stark reality of road crashes in India
Data from 2023 paints a grim picture: every day, 26 children lose their lives in road accidents, and among them, seven fatalities occur due to driving-related causes. Over-speeding accounted for 68% of these deaths, claiming thousands of lives. Uttar Pradesh, with the highest number of fatalities, and states like Tamil Nadu and Maharashtra, continue to see road tragedies unfold daily. Children, pedestrians, and motorcyclists are frequent victims, underscoring the vulnerability of road users.
These statistics, however, don’t just end with numbers. Each digit represents a life unfinished, a family left in devastation, and a community scarred forever.
The lasting impact on families and society
The aftermath of road crashes is profound. Families face unimaginable trauma, both emotional and financial. Breadwinners are lost, leaving dependents in the lurch. Medical treatments for survivors, who often suffer lifelong disabilities, are exorbitantly expensive, adding to the economic burden. Children lose parents, spouses are widowed, and dreams are abruptly replaced with the harsh reality of survival.
The societal impact is equally grave. Hospitals bear the brunt of emergency trauma cases, with overworked doctors trying desperately to save lives in critical conditions. The economic cost, as roads continue to claim productive members of society, runs into billions. The trauma burden, which affects mental health, leads to a ripple effect impacting communities, workplaces, and social networks.
How we can all contribute to change
On this World Day of Remembrance for Road Crash Victims, it is time for introspection and action. We all have a role to play in mitigating this crisis:
1. Awareness and Education: Schools and community groups must prioritize road safety education. Understanding the perils of over-speeding and distracted driving can save lives.
2. Infrastructure and Law Enforcement: Governments must invest in safer road designs, better pedestrian facilities, and stringent traffic rule enforcement. Helmets and seatbelts should not just be mandates but a culture.
3. Community Support: Victims' families need ongoing support — emotional, financial, and legal. Creating funds and support groups can help them cope with their losses.
4. Corporate Responsibility: Businesses, especially those in the automotive industry, must innovate for safety. Corporate-sponsored road safety campaigns and training sessions can bring much-needed awareness.
5. Individual Responsibility: As road users, each of us must commit to driving responsibly. Small acts, like not using mobile phones while driving, obeying speed limits, and yielding to pedestrians, can make a significant difference.
Every step matters. Every life matters. It is time to come together as a society to end this senseless loss of life. Only then will the grief of the bereaved transform into hope for a safer tomorrow.","3878","CBMi0gFBVV95cUxQRlN5T3RaSDg1aUZHa2tkdk5faVFZZFViTy1QVmxoNllDMDJBX1Y4eDVYTFVPYXJmaGl3S3U4NWpLYTY4VTRPYklHMGFrQ1hpWGMwTF9CTjkzUDdPcUVURDNHUDhrVzhBOXhzeW50MzdrQkxlZUVVOU5jZ082N1dCb2dxN0lnT1JSR09qTjlTTDB3emQ4NVhIREFVdlFnYmN6ZEtDRnpmR0JJd1p4cF80TER6Q0EwajFDRm1Jb3NaUXYzU0JiLWE2NmpUTHFBMDBNb0HSAdcBQVVfeXFMTk16OGlPdmE3T3ZBUTQ0VFNpZnVwY28tTUdZOWRJYzI4dzRCdFZCbFpDZDJXMXYwOHZib3BpTm9DSFNxaGhWTUJMV3VUVGdaM0xNWDJ5VG1TcHFmNnJlOWpLQkR3a3FOekJCSlRIcVhBaDA4Wm9UM0lhdG0wbzExQmtMdnVWNDJ3dlQxdDA5X2xDdzFEUDJheHJZVkEwMGVpcktKTDh1NXVwMGRxVlhhTHBZR1VSZ1ZUOXVubDdwVldKaHV1S0JlaXZPaEZlZFJOYTRHSG1HNWs","",,"2024-11-17T08:00:00+00:00","""road crash"" ""Tamil Nadu""","true","2026-09-24T17:31:46.459800+00:00","google-news","auto.economictimes.indiatimes.com","ET Auto","A story of unfinished dreams and the unseen pain of road crash victims ET Auto","A story of unfinished dreams and the unseen pain of road crash victims - ET Auto","https://auto.economictimes.indiatimes.com/news/industry/a-story-of-unfinished-dreams-and-the-unseen-pain-of-road-crash-victims/115378983"
,"https://timesofindia.indiatimes.com/city/hyderabad/hyderabad-techie-dies-in-road-crash-school-bus-rams-bike-from-behind-driver-booked-for-negligence/articleshow/122060337.cms",,"- News
- Hyderabad techie dies in road crash: School bus rams bike from behind; driver booked for negligence
In a tragic incident in Hyderabad, 43-year-old software engineer Paripelly Pavan Kumar lost his life in Hafeezpet. He was killed when a school bus collided with his bike from behind. Pavan Kumar, a resident of RC Puram, died on the spot due to multiple injuries.
Representative image
You Can Also Check: Hyderabad AQI | Weather in Hyderabad | Bank Holidays in Hyderabad | Public Holidays in Hyderabad
End of Article
Follow Us On Social Media
Tired of too many ads?go ad free now
In Section
Entire Website
- How Bill Gates and Melinda Gates reacted 'very differently' when their daughter announced her startup
- Andre Agassi and Steffi Graf’s son Jaden Agassi shows love for girlfriend Catherine Holt’s bold new photo from bedroom series
- “Until we got married”: Kansas City Chiefs star Patrick Mahomes opens up about how Brittany supported him since high school
- ‘Effective immediately, …’: US embassy in India wants everyone applying for F, M, or J non-immigrant US visas to change this privacy setting of Facebook, Instagram, Twitter and other social media accounts
- ‘Value on things’: Meghan Markle says Archie and Lilibet sell garden veggies; Privileged kids must learn worth
- 'Step down': Iran's exiled 'crown prince' Reza Pahlavi says he's ready to take over, Khamenei will receive fair trial if he resigns
- Health scare at 35,000 feet: 11 fall ill during Air India London-Mumbai flight, cabin crew collapses, food poisoning suspected
- “She’s heartbroken”: Travis Kelce stands by Taylor Swift as Blake Lively breaks down over friendship fallout with the popstar
- Dwyane Wade’s daughter Kaavia James steals spotlight dancing in white lehanga to bollywood song by Arijit Singh
- Noshir Gowadia: India-born engineer developed propulsion system of B-2 bombers; later jailed for helping China build cruise missile","1930","CBMihAJBVV95cUxPWVBvaThDNmdGQjNKYTFVZHBnVDZ6ZkRJUVhfT0NvTFFwY1FNQWJNN05xUTRmNnlTWjVKRTZBb3NiSmYtcnE2Zk5LZlhXUmktZmFMek1CZ3oxS2VBWGxxTVQySnFvUE5FekVCQTBXVThvN2FmQ2pVV3BHRldmdWoyRlJSMU9yYTZyX19BUVdYM1RzYlJ0Q3hETWRtdS1Xd25pNkQ1dzNuUWNLdTdxNV9jVjRrUTljcnJ2MXd3MnptN1N6SmpsMW92eUJYNWViazB1UG5sVEFtd0RPSy1CelZCNFpmaFNmNkZjRTNjU2ZDcEhYOFIwYUlNaTNGLV9WLVhCMTNnR9IBigJBVV95cUxNZ3N0SXhjVms0cGNSQlJOYy11T0xVMkZBM2R2LU1UdTI4M3FObklxUWp5ZU9VdVhhVk11WVhIbEY0UEEtdG55LTBBbVV0cmpzdXJWNFpuNWhVVlY3QXJDMXZYMnFvaENoWVlwWlhhM3V5MVJ6UTVlLXJmVnhFMlByR0tpTEZjOWJQQmRwRVhoMmxIN3RSSFFwOEQteUs2TVdIZWkxTnBuaFBFZTM4UnBLc1JOcU85Nk1BNFNmLUROYXZOVzdpN01keW5RLVdIUFRzNWlKM0RqRkR0X0lSMVVxMUdDSlpSRS1BSGdid3poYl9OY0lpQ2R2bm5ubjR3TmEweWhnV0dTaHdxQQ","",,"2025-06-25T07:00:00+00:00","""road crash"" ""Tamil Nadu""","true","2026-09-24T17:31:46.459887+00:00","google-news","timesofindia.indiatimes.com","The Times of India","Hyderabad techie dies in road crash: School bus rams bike from behind; driver booked for negligence The Times of India","Hyderabad techie dies in road crash: School bus rams bike from behind; driver booked for negligence - The Times of India","https://timesofindia.indiatimes.com/city/hyderabad/hyderabad-techie-dies-in-road-crash-school-bus-rams-bike-from-behind-driver-booked-for-negligence/articleshow/122060337.cms"
,"https://timesofindia.indiatimes.com/india/bike-riders-top-road-crash-fatality-list-both-as-victims-as-perpetrators/articleshow/123775801.cms",,"NEW DELHI Riders of two-wheelers had the highest share of road deaths - 45% or 77,539 - in 2023 while 48,818 people were killed in accidents caused by these vehicles in that year, according to the Union ministry of road transport & highways recently published road crashes report. Cars and taxis followed as the second-highest contributors to road fatalities, while trucks ranked third.
The Road Accidents in India 2023 report showed that crashes caused by two-wheelers had a particularly severe impact on vulnerable road users. One-fourth of all pedestrians and cyclists killed in 2023 died in accidents involving two-wheelers, indicating a growing threat to non-motorised road users. Significantly, the highest number of victims in two-wheeler-related crashes were the riders themselves. 
Of the total fatalities caused by these vehicles, 27,539 people who lost their lives were riding two-wheelers at the time of the crash.
In crashes caused by two-wheeler drivers, data shared by states showed, Tamil Nadu reported the maximum number of pedestrian deaths (1,796) and two-wheeler occupant fatalities (5,906) among all states and UTs. The other states where the number of pedestrian fatalities in such crashes was significant were West Bengal (938), Bihar (865), Karnataka (787) and Maharashtra (747) in 2023.
Similarly, states where two-wheeler riders were killed in accidents caused by the same vehicle included MP (2,916), Maharashtra (2,646) and Uttar Pradesh (2,279).
The report also highlights how two-wheeler riders remain the most vulnerable in crashes caused by other vehicles.While experts have called for stricter enforcement of helmet laws, they have also stressed on the need to have segregated lanes for two-wheelers.","1733","CBMi1wFBVV95cUxOMy1POEFZQTRmU090bkk2MnpTT1Rhamk5MHdUSHNUcWVoZ21BTjktZVplTlMzMW5JTGJkWGpNWTBRakFFVWRxQjFtSzQ3QXEzS0ltTW5qSV9zV2FySXcxQWpJMDZXUEhXTlBHeXBjbUJEZUpxSV9na2M1TWhHSDhMOElwd0ZBblBmRWMxQXU4dTBwQjZmMmVUTGE4QkUzM1FVbGNNb3JIMldlQ3dHSWtOeE5XdVhlTE4yOEpiNmRadXdvdVFPYWVQa3VWNXdJR2xWQVZWajFqONIB3AFBVV95cUxPekxXRGVwUVByTUVCVVBKT0M2bElRTUQ3cGNUcDJGWG5KSS1BYWFTaDhSSFBzb3RDcDNyc1VEYTZzT0pwZFV3ZDVrbnNDYl8zeFNSb0tfRFkzS045WWF3OF8wbFRDcTFGRmhKbTRxbmF6d1ZDUXVQQzk3YTktVGxWcmtaMkFqVVI1Nndfam0yeG9aYU5UaWpSbG04TVVEX0lPR29aeGQ5WVFoTnZkbzRJNUhKOU1vcTY5RUotSnNiSmZpWEQtMkdBOWpWLUJ0Qm9IY1Z1VHpYcUpqblJR","",,"2025-09-09T07:00:00+00:00","""road crash"" ""Tamil Nadu""","true","2026-09-24T17:31:46.459961+00:00","google-news","timesofindia.indiatimes.com","The Times of India","Bike riders top road crash fatality list, both as victims & as perpetrators The Times of India","Bike riders top road crash fatality list, both as victims & as perpetrators - The Times of India","https://timesofindia.indiatimes.com/india/bike-riders-top-road-crash-fatality-list-both-as-victims-as-perpetrators/articleshow/123775801.cms"
,"https://newindianexpress.com/states/tamil-nadu/2024/May/22/tamil-nadu-highways-dept-fixes-roller-crash-barriers-on-valparai-ghat-road",,"COIMBATORE: To prevent vehicles from falling into the gorge, officials of the State Highways Department have started setting up roller crash barriers in the sharp hairpin bends on Pollachi -Valparai Road
The State Highway Department officials have decided to install the roller crash barriers at the entire 41 hairpin bends on the Pollachi to Valparai highway road and have already commenced the installation works at the 20th hairpin bend near Attakatti. This place was selected first due to the mishaps that occur frequently in this hairpin bend. 
The highway road is a busy stretch as it is used by tourists not only from Tamil Nadu, but from Kerala too, as they spend their leisure time visiting the well-known tourist places like Sholyar dam and Valparai, etc, and then approach Athirapally waterfalls in Thrissur district of Kerala.
A senior official of the State Highway Department told TNIE, “We have noticed that, unlike local drivers, tourist vehicles that are driven by inexperienced drivers are causing road accidents, and most of the accidents occur when they are descending from Valparai. While negotiating the sharp hairpin bends, the drivers have to be careful. However, they lose control and fall into the gorge. Hence, setting up the roller crash barriers will prevent the vehicles from falling.
The official added, “This is the first time that a roller crash barrier is being installed at Valparai Hill Road in Coimbatore district, as the state government is keen on road safety as the existing similar roller crash barriers in Kalhatty Road in Nilgiris district have successfully prevented many vehicles from falling into the gorge and saved many lives. The government allocated `9 crore well before the Model Code of Conduct (MCC) came into force and the installation works will be taken up in phases and will be completed within the next few months.”","1872","CBMi0wFBVV95cUxPaE1iOXFwTERXMGNOU2pBLV9UbkNNZ2t2OTNsakFtaUo5U1hiQ1dSSXNiUEstOThVVEFGWUNSUFJQblpWN1p4WVpLa2k4VXpWZTJ6amRIMXU4QVA5d2dTYU4xSDdJc0YxTmRrMGdiLXRqZ29tZHJTZkJqZlRldEdSd28tVHViN3ktYnJDMEJ6Unp5NnhqUE9QZy1oVHpLMWJDa056MGFOdUVNc29LQmZET0JVdUpZd05IWUtoSkxHVmh5LURmeTVDdW5vMmVqQmUzcklz0gHgAUFVX3lxTE1QbzM0WGN2U2VJVW9jZklickpzYmdDM2RueFZENmtzM3lvOVp2Wmo4Ulk1ZUNrQTNESk9aZFdhWGZSTjJmWmM4WS1zSTZ0TGp2NTFwMjhwYVAzVm9sTG1JTWUtWXdtQlJTUTVZUlRMVTNWTnotN2dZd1BzOXp5TlJIOXAwLTg0Y0ZxdmtEUk8yQlF1ODdKVDRqLXFSVHZfRGY3QUVnWVlLb2pCRVVPSnNNVEVJdldmMGpLSExNNlVTdmpKaE96NEFsVnhIWndYQmN1WTdNeURHMlJDYzVrR3VF","",,"2024-05-22T07:00:00+00:00","""road crash"" ""Tamil Nadu""","true","2026-09-24T17:31:46.460101+00:00","google-news","newindianexpress.com","The New Indian Express","Tamil Nadu highways dept fixes roller crash barriers on Valparai ghat road The New Indian Express","Tamil Nadu highways dept fixes roller crash barriers on Valparai ghat road - The New Indian Express","https://www.newindianexpress.com/states/tamil-nadu/2024/May/22/tamil-nadu-highways-dept-fixes-roller-crash-barriers-on-valparai-ghat-road"
,"https://timesofindia.indiatimes.com/india/record-1-68-lakh-road-accident-deaths-in-2022-1-every-3-min/articleshow/104381114.cms",,"- News
- India News
- Record 1.68 lakh road accident deaths in 2022; 1 every 3 minutes
Trending
This story is from October 13, 2023
India has reached a record high number of road crash fatalities in 2022, with over 1.68 lakh deaths, equivalent to 462 deaths per day or one every three minutes. This increase is concerning, especially since India aims to halve the number of deaths by 2030. The number of injuries resulting from road crashes is also rising, with 4.43 lakh people injured in 2022 compared to 3.84 lakh in 2021. 
NEW DELHI: The number of people killed in road crashes in India touched an all time high in 2022 with fatalities crossing 1.68 lakh, which translates to 462 deaths per day or one every three minutes, TOI has learnt.
Read the report on TOI+
Check out the latest news about Delhi Elections 2025, including key constituencies such as Kalkaji, Karol Bagh, Tilak Nagar, New Delhi, Laxmi Nagar, Badarpur, Ghonda, Krishna Nagar, Model Town, Rithala, Trilokpuri, Najafgarh, and Matia Mahal.
End of Article
FOLLOW US ON SOCIAL MEDIA","1050","CBMixgFBVV95cUxPc3Mwd0ppNjE2YjJRUHdYZDBPY2VmYnc4c05NVUZkZmtSc2hXVDZaTm01WVBIelNZbXBsN3NycDR3bjUxTUdjN2h3QzZCWUlobEUyVjZrVjFZbjNsVG5PRzEyUjJRaFFuX3VWc29JbWszcXVnSWdkd2tMWTNLZlVYcThxMG9tblFQN0dwUEw4YlZMU1JQZmFiWk9GYUJLN2w4U1dFeHJlUVFwWXFWVzlyenYyQ2RVYjI4Q2xidzRBWlNRQnJJZGfSAcsBQVVfeXFMT1F1cWVnanlNZ0N0QlNsd2s3VWl5X3FLMWZsUjl0X3FTdVB3alludDBGaTR1TS1YZUtERVNMX2NYcXRncEFVamxESGlHbmRkdnJicWJhblByZGZrUk5DbVZRXzNNU01RV0Fkb0NBNGJDMzVEa1dvdDNsWU5FQnJtMGxsMFExRThkR0d3aFhEV1RPZzF5UmEzVGtYbk9odWQ2TnhmbmhFVlk2OXJiUVl5cFpoNGNDZUE2YWVpWER4WHhwLWZ5TTBzVXJhVEk","",,"2023-10-13T07:00:00+00:00","""road crash"" ""Tamil Nadu""","true","2026-09-24T17:31:46.460175+00:00","google-news","timesofindia.indiatimes.com","The Times of India","Record 1.68 lakh road accident deaths in 2022; 1 every 3 minutes The Times of India","Record 1.68 lakh road accident deaths in 2022; 1 every 3 minutes - The Times of India","https://timesofindia.indiatimes.com/india/record-1-68-lakh-road-accident-deaths-in-2022-1-every-3-min/articleshow/104381114.cms"
,"https://timesofindia.indiatimes.com/india/immediate-medical-help-can-avert-50000-road-accident-deaths-gadkari/articleshow/123705138.cms",,"NEW DELHI: Immediate medical care can help prevent 50,000 road accident deaths, road transport and highways minister 
Nitin Gadkari
 said on Thursday while urging people to help such victims in getting speedy medical treatment.
Speaking at a 
road safety
 event organised by FICCI, Gadkari said a report prepared by AIIMS has found that “nearly 30% deaths are due to delay in getting medical care during the golden hour”. The Golden Hour is the first hour after a person suffers a traumatic injury, when emergency treatment is most likely to be successful.
“I urge people to help road crash victims as it can save many lives,” Gadkari said as he talked about the legal provisions to protect Good Samaritans and the cash reward of Rs 25,000 for such “Rah Veers”. Free cashless treatment of up to Rs 1.5 lakh or seven days’ medical treatment is provided to crash victims.
An earlier Law Commission report had estimated that 50% of lives lost in road deaths can be saved by providing immediate medical care and this has been the basis of the renewed focus on deployment of ambulances across states to reach crash sites quickly.
The minister said that despite several measures, the number of road fatalities have not come down, which remains a matter of concern. He highlighted how five states — Uttar Pradesh, Tamil Nadu, Maharashtra, Madhya Pradesh and Karnataka — account for a high number of road deaths and emphasised the importance of integrated efforts to deal with the grave issue.
He also announced the govt’s decision to investigate fatal crashes on National Highways and said 77 NH stretches have been identified which have recorded a high number of fatalities.","1668","CBMi0AFBVV95cUxOcmJBT3lxcVZMYkdhODJKM0pCd3NhbGVMQmFCN0puZVQ1RnNpQTUzSGF2SFY5NU5qWWpCTUI1MGJUMFNjUlBfQ2lqOXZTS2FHbEllM3hDREo1eDZYak1yallxenpxTDI1RjFKelQyNms4Z09ITkJIXzNqUTV6V09OblhSRzBuUnFpVElFdlJQWXUxRXk0UFp6dm9hTXpoX2hCVmtYdDhaQzNNUExvZndMbnRCZGlzWldBSEpKSUxYMXdKYWdjVWhFYW83X1RyTG1S0gHWAUFVX3lxTE5laWM4V2dIUXQwVzI4My03WXVjOHgtRC1FanRJdlRuSDR2ZnJtdjZjNFdabXVZbzdtSF9nSGxsS0lHVWJ3ZUlvSm9GUXY3ME92M3k3ODhiM0FrQTJ2Q2p2dXhwdzlYYVUzS2ZpYUM3a1diYnFLNGdaaGtFZU5PenZfcjA1VFhLamhWNFlGVnROWDdqQ1l1VnEtYUlycmQxNlczTWdDb05XMVVhLVRaanBKZGEwUkpMQTFLRVYtQm11VWVnNWJTcDBYVlRpdU1vMWQ5eDZubEE","",,"2025-09-04T07:00:00+00:00","""road crash"" ""Tamil Nadu""","true","2026-09-24T17:31:46.460309+00:00","google-news","timesofindia.indiatimes.com","The Times of India","Immediate medical help can avert 50,000 road accident deaths: Gadkari The Times of India","Immediate medical help can avert 50,000 road accident deaths: Gadkari - The Times of India","https://timesofindia.indiatimes.com/india/immediate-medical-help-can-avert-50000-road-accident-deaths-gadkari/articleshow/123705138.cms"
,"https://aninews.in/news/national/general-news/saddened-to-learn-about-tragic-bus-accident-vp-radhakrishnan-expresses-grief-over-death-of-7-indian-pilgrims-in-nepal20260316163928",,"New Delhi [India], March 16 (ANI): Vice President CP Radhakrishnan on Monday expressed grief over the death of seven Indian pilgrims from Tamil Nadu in a road accident in Central Nepal and asked the Indian Embassy in Nepal to ""extend all necessary assistance"" to bring back the mortal remains of the deceased.
At least seven Indian pilgrims were killed in a road accident in Central Nepal, while five other Indian pilgrims are admitted to the hospital receiving treatment, officials confirmed on Sunday. In the accident, two other Nepali citizens were also seriously injured.
Sharing a post on X, the Vice President wrote, ""Deeply saddened to learn about the tragic bus accident that occurred in Nepal, in which seven Indian pilgrims from Tamil Nadu lost their lives and several others were injured. I convey my heartfelt condolences to the bereaved families and pray for the speedy recovery of those injured. My thoughts are with the families who have lost their loved ones in this tragic incident. I have also asked the concerned authorities and the Indian Embassy in Nepal to extend all necessary assistance, including support for the injured and facilitation for bringing back the mortal remains of the deceased.""
Deeply saddened to learn about the tragic bus accident that occurred in Nepal, in which seven Indian pilgrims from Tamil Nadu lost their lives and several others were injured.
I convey my heartfelt condolences to the bereaved families and pray for the speedy recovery of those…
The accident occurred when a microbus carrying passengers returning from a pilgrimage to Manakamana Temple crashed near Sahid Lakhan Rural Municipality-3 of Gorkha.
According to Superintendent of Police Bharat Bahadur BK of the District Police Office, Gorkha, seven of the 14 people travelling in the microbus died on the spot.
The deceased include five men and two women, all Indian nationals, police said. Seven other passengers were seriously injured and are currently receiving treatment at the College of Medical Sciences in Bharatpur, Chitwan.
""Indian pilgrims who were on their way back from the Manakamana Temple had met with an accident. A total of 9 injured people were brought here to the College of Medical Sciences emergency department late in the evening, and we immediately started their treatment. Out of those nine brought to the hospital, five were in serious condition, of which three have been admitted to the neurosurgery ICU, while two are in the surgery ICU, who aren't in critical condition,"" Sudip Raj KC, Deputy Director at the College of Medical Sciences, Bharatpur, told ANI.
Police said the vehicle went out of control and plunged about 200 meters down a roadside slope. Except for the driver and co-driver, all the passengers in the vehicle were Indian citizens.
""Yesterday (Saturday), we had gone in reserve along with the pilgrims from Kurintar (Chitwan) to the Manakamana temple, via the Gorkha district. The vehicle was reserved for one hour but we stayed around for about four-five hours. All of them performed the rituals and on our way back, the brakes of the vehicle failed and met with the accident,"" Santosh Gurung, staff of the vehicle, told ANI as he was receiving treatment.
He later added that the road condition around the accident spot wasn't that good and the locals made a temporary arrangement to drain the water on the road.
""The driver also had complained that the brakes were not working properly as we travelled towards the highway, at first I thought he was joking but later it turned out to be true. I was in the front alongside the driver,"" he told ANI.
The police have identified the victims of the accident as Muthu Kumar (58), Anamalik (58), Meenakshi (59), Sivagami (53), Vijayal (57), Meena (58) and Tamilarsi (60), all from India. Seven injured passengers are undergoing treatment at Chitwan Medical College. The victims further identified as Soranam (62), Mangada Jalam (65), Subhadra (75), Mayal (65), Saroja (73), Bhagyalakshmi (75) and Meenakshi (34).
Following the accident, a rescue team from the Armed Police Force in Gorkha and personnel were deployed at the site. The bodies have been sent to a hospital for post-mortem examination.
Further investigation into the incident is ongoing. (ANI)","4257","CBMijgJBVV95cUxPT1ZDVnhuUXd3eEpkQjdwM1JXalZtUGlKMVAxbEZrV2VucnpBaHpub2RhWkxZR1cyb1gwb1Z3UGZyN0gtMDNSMElfUW1OWFF4aFdVWGxVMmxncXlQTHd1VTloY0xkWEtfV1lDSUFTZ3J2dFBGcXQtbUJfcno1UDlrWnBLQnlvWmNQWGJzQk56NEhXbFJiOUdvem5yd0E1WFFvZGdFQ1poSW9KeEx6aWhiVUlCbzZoLTFPUkNNNDRMa195Ulcyc1ZER0lTUkRqU09wenV5S25Kcm9VSkMwNmtKNG5fX3o3Ti14RTNBN0llR0RzcjUxVnVTTnFiQTFjVWlXRWdhREFLREhWWGJwbEE","",,"2026-03-16T07:00:00+00:00","""road crash"" ""Tamil Nadu""","true","2026-09-24T17:31:46.460485+00:00","google-news","aninews.in","ANI News","""Saddened to learn about tragic bus accident"": VP Radhakrishnan expresses grief over death of 7 Indian pilgrims in Nepal ANI News","""Saddened to learn about tragic bus accident"": VP Radhakrishnan expresses grief over death of 7 Indian pilgrims in Nepal - ANI News","https://www.aninews.in/news/national/general-news/saddened-to-learn-about-tragic-bus-accident-vp-radhakrishnan-expresses-grief-over-death-of-7-indian-pilgrims-in-nepal20260316163928"
,"https://timesofindia.indiatimes.com/city/goa/one-dead-2-injured-in-vasco-road-crash/articleshow/112270616.cms",,"Vasco: Sanjyot Borkar, 19, died in a road 
accident
 after his car fell from a four-lane highway near Shantinagar, Vasco, and rammed into a house. Two others travelling with him were also injured. 
He is said to be a resident of Non-Mon, Khariwada.According to Vasco police, the accident happened around 11.30pm on Saturday. 
The car was driven by David Cruz, 20, who lost control of the vehicle.
They were headed to Dabolim airport from Mangor-Hill. 
The car veered off near Kendriya Vidyalaya-II and fell around 10 to 15m down the road. Borkar, Cruz, and Saharsh Bhosle, 24, were rushed to the GMC hospital at Bambolim from the Chicalim sub-district hospital.
Borkar succumbed to his injuries while the others are undergoing treatment at GMC. 
Saharsh is said to be admitted to the intensive care unit (ICU), while David is discharged home.
Vasco police have registered the case of unnatural 
death
. 
Police sub-inspector Archana Gaonkar is further investigating the case under the supervision of inspector Kapil Nayak.","1022","CBMirgFBVV95cUxQVFMzUXNkV01wNHhGN0x3UDlXeVc2LWtYV1RPaXdVUm5ITHRaSXZPQWRwY1ZrWEM3RU1DYmJMamN1UnM5c29POEk5YzV5eVQtLXNwZ2ROSlpyREIzTHdWeVNYelpfbnJORnN3MldHNjA2T0paVzRYUUFFUlp1VnNRV0dRR085VGVwaUdHQ2xCLTdUeXNmcmJQQS16OGd5eDhtU2JXM0JLUWIyNmVub1HSAbMBQVVfeXFMTnRaYlFUTXQ3ZHZlSmo1VjZmS3VvekFZTDVDbmlJUFdkMTVleXctSzItZlJFcTg2SUJhemRpQWI5Tl9kX2ktQWtJZk14dnFLRG1mdzNOTldDdHZZaHdGX1h0VWdaQ3NtQVdPY2hVN3FxY1AtaUFLV3poUmJXRnZfSWUtZ0ROYzZ4TEhTVzNfS3JIT3lPSG5vcmZFODMyM2VOMWhDU01ubXNCcVNVcWVxQklnVkU","",,"2024-08-05T07:00:00+00:00","""road crash"" ""Tamil Nadu""","true","2026-09-24T17:31:46.460706+00:00","google-news","timesofindia.indiatimes.com","The Times of India","One dead, 2 injured in Vasco road crash The Times of India","One dead, 2 injured in Vasco road crash - The Times of India","https://timesofindia.indiatimes.com/city/goa/one-dead-2-injured-in-vasco-road-crash/articleshow/112270616.cms"
,"https://timesofindia.indiatimes.com/city/vijayawada/nri-student-dies-in-eluru-road-crash/articleshow/130721391.cms",,"Eluru: In a tragic incident, a student from Eluru who was pursuing higher education in Paris, France, died in a road accident on Saturday. The accident occurred on the National Highway near China Palaparru village in Mudinepalli mandal of Eluru district.
The victim, Naidu Bhanu Jayaram Prakash (28), a native of Onadurru village in Mudinepalli mandal, was pursuing his M.S. in Paris. He had returned to India four months ago to attend his cousin's wedding. On Friday night, he took part in the wedding celebrations held in Gudivada and returned to his village afterward.
On Saturday morning, he was again travelling to Gudivada to visit a relative when the accident took place. As the car approached China Palaparru, the driver reportedly lost control of the steering due to drowsiness and veered into the wrong lane, resulting in a head-on collision with a lorry. Jayaram Prakash died on the spot.
Mudinepalli sub inspector V S Veerabhadra Rao has registered a case and is investigating the incident.","1002","CBMitAFBVV95cUxQWjdsdTduMElTMHhGd2NVRFNrR3doZi0xelV1ZVJZMVViTmwxNmpLWHVnbnVkU1oyeDh6WXF2UkpDQ2NZbXdrZzdUQTVXZWxXNHNDN3ZBM3p0MnlaYWRudThrMDBwQS1nV0g2eG1tWTBPWE5qU0REemxYNENLOUZYVGg3dzJEd1MzbFdnUUVWMUxXWTV6LTE5WmtXcWFZWkhoeUk3TWNxSTRIT292LV9wZzgyLXXSAboBQVVfeXFMUDBmTFNPS092X3lVT3lDWUxsRzFnT1E2SHd4cWFyWHFCbGRsbDJmb2VBdEdVYmRNa1pyeEdiYkw1eTRfTkxLZWxIU0RwMFRYdnRxYmdMWWZHVTRReWpJWXFqaG9PWFYyTFNEZGhjQllsdUhROEhPVFMtUzVwczlERHN4eVBjNVlPWVdwdHgyYmQ3WDY0TjJSalFCeHhMMGpDdV93UDJaR0czUmRrekc1TWNiN3FteG5OVTdB","",,"2026-05-02T07:00:00+00:00","""road crash"" ""Tamil Nadu""","true","2026-09-24T17:31:46.460773+00:00","google-news","timesofindia.indiatimes.com","The Times of India","NRI student dies in Eluru road crash The Times of India","NRI student dies in Eluru road crash - The Times of India","https://timesofindia.indiatimes.com/city/vijayawada/nri-student-dies-in-eluru-road-crash/articleshow/130721391.cms"
,"https://timesofindia.indiatimes.com/city/bengaluru/another-fan-who-rushing-to-see-kgf-actor-yash-died-in-road-crash/articleshow/106659837.cms",,"GADAG: Another fan of Actor Yash, who was injured in a road crash while heading to see 
Yash
 at Suranagi village on Monday night, succumbed to injuries on Tuesday.
The deceased, Nikhilgouda Bheemanagouda Goudar, 22, a resident of Binkadakatti village, had met with an accident as his bike collided with a police vehicle at Mulgund. He was admitted to Gadag Institute of Medical Sciences (GIMS) in Gadag, where sources confirmed Goudar's passing on Tuesday morning.
Police reported that a speeding bike collided with an escorting vehicle while Yash was traveling to GIMS to visit the injured youths of Suranagi.
This incident brings the total number of deaths related to Yash's birthday to four.
Recalling the events, three youths died and three others were injured on Sunday night in Suranagi village while putting up a banner to commemorate actor Yash's birthday. Following the tragedy, Yash had visited the village to console the family members of the deceased youths and those injured.
Goudar was pursuing his final year in BE at Agadi Engineering College in Laxmeshwar.","1074","CBMi2AFBVV95cUxQXzJ2cEJFMXdRVmxGd2R4dnZJN3g4MjBXYmtDWnZZT2RaN3pjWXpwejQ4M3lWRW9vUmMyWURxX2NNYlEyVGxhY0VNUXVPN1hPMFQ5TmFCaUcteXd3M2l4cEdTQ0RyYmEtMElVUENGUkRTd21ybzAzWUptdVd0ZUlqWVJGbDN0eHV1TTFYN1QyZVBENGVieWt1RGpvcWpRcng1ODl3LW9Vbk1uTXlXa05KbDdEX0VNejJqVXJld1B0azlVa1RvYXBLTkRLeUFQLWNGeXpsSkZ6M2jSAd4BQVVfeXFMTWd5TkdWazVVMDFtX2JwcGJEQTBQbFBZUS1sUHdma3hOMFFNX0VLR2tDQ1BObm5PTU9penJYLUJ5VGNsVVpXQTNGOV9Wd1kxX25LZlVQempFeC1rS0hZU0Y2a1U0WVFKRUZfaHF5Q21jTmZuVDNkaUpXMlYzSFgzMVVnaVhGV2dBSjdwRWpvU0ptd0VHemk3VkJtWXNyUENaNnQ4SF9vblZQdFpWYzRUNDFVQWF0VlRCNzNSNHZ4NjJVdUFGSDd0SEx6TWotTWw3MGFfVGs1eEtXdWc4YXRR","",,"2024-01-09T08:00:00+00:00","""road crash"" ""Tamil Nadu""","true","2026-09-24T17:31:46.460860+00:00","google-news","timesofindia.indiatimes.com","The Times of India","Another fan, rushing to see KGF actor Yash, die in road crash The Times of India","Another fan, rushing to see KGF actor Yash, die in road crash - The Times of India","https://timesofindia.indiatimes.com/city/bengaluru/another-fan-who-rushing-to-see-kgf-actor-yash-died-in-road-crash/articleshow/106659837.cms"
,"https://timesofindia.indiatimes.com/india/seven-states-put-live-road-crash-details-in-central-database/articleshow/85159490.cms",,"NEW DELHI: In a move that will eliminate the discrepancies in road death data, seven big states including Uttar Pradesh, Tamil Nadu, Rajasthan, Maharashtra, Madhya Pradesh and Karnataka have gone live to upload 90,500 road crashes this year in a central database, named IRAD. This includes 30,114 road fatalities in such crashes. 
Chhattisgarh is the latest to feed live data in the Integrated Road Accident Database (IRAD).
The data are uploaded as and when any road crash is recorded in these states. The government agencies can now analyse the daily, month and yearly trends. Moreover, the causes of such crashes are also recorded from the spot. The road transport has stepped up the plan to cover 24 more states soon. 
The IRAD gains importance considering that while the government reports say that annually 1.5 lakh people die in road crashes in India, the 
World Health Organisation
 (
WHO
) has estimated this to be around 2.5 lakh in a year. Experts have always raised questions on the data captured by the police.
The data which have been uploaded till now by the seven states indicate a national trend in road crashes. This shows that more than one-fourth of the reported crashes - 27,380 out of 90,500 - are fatal ones and another 22,434 grievous injuries. 
So far as the number of persons impacted by the crashes uploaded in the IRAD, out of the 1.32 lakh victims30,,144 died and the rest were left injured.
The central database also maintains records of the FIRs filed in crashes and the details of how many of the injured actually needed hospitalisation. It also classifies the crashes according to weather conditions, time, type of road and junction, traffic violation and pedestrian infrastructure.
“This will address a lot of issues. Once we have robust data, we can analyse them to take right corrective measures,” said an official.","1851","CBMixgFBVV95cUxOS2w0djRxeGp2VWc5VlAyMFhoY1M4YXdLLW95MkNWRWFzTkNpeFJwQWI2blo0eWE5MTNWZXRfQXVZUzUwM2pRdXNkay11Z2RnOUtFbEFEUXhIcTlPb1ZZa3pTZ0RtZWx0NEdwdFh2QjhNVjZJMUZJaGQ5X2ZxQU9QSlZUNERGQzU3dHlXbURPMEN4ZUk3UFNncmVJVVp4U1dpVkVtVlJYaXM0aW8ySF9KaTdPUFM0WHI1aHVsU2tiSFdJdlpRT1HSAcsBQVVfeXFMT2pCVWFwaVhVT0IxcXdwRWJQR1BwWVFmcDNfcTlXN0VoUUhzd2ZTUUh5Q0xDQlFCWXlkNlMwRU52ZE1peVdWY3EzX0FfdFVEVkM4Q1ZEWDdoeFpnU2RFSkZTMEZ4R1l1cmw1NGlLUDJnbXNPUlVqSkFWX256TWRPLVRBS3A2OHJxQkU4Y050eDdRRUpuQi1pcVVJWE5zRWVUZU9od0dyOURKZ2FUQXRpTzMxRlhOTjg2ZHEtNlZwTGcwRDdyZFhmVHNGU2M","",,"2021-08-08T07:00:00+00:00","""road crash"" ""Tamil Nadu""","true","2026-09-24T17:31:46.461078+00:00","google-news","timesofindia.indiatimes.com","The Times of India","Seven states put live road crash details in Central database The Times of India","Seven states put live road crash details in Central database - The Times of India","https://timesofindia.indiatimes.com/india/seven-states-put-live-road-crash-details-in-central-database/articleshow/85159490.cms"
,"https://timesofindia.indiatimes.com/city/allahabad/jeweller-60-killed-in-road-crash/articleshow/131414638.cms",,"Prayagraj:
 A 60-year-old Jaunpur-based jeweller was killed when the bike he was riding was hit by an unknown vehicle near Barji Bara village on Phulpur-Pratappur Road in trans-Ganga pocket of the district on Saturday. The incident took place when PS Verma of Barsathi was moving to Prayagraj for some work.","307","CBMirgFBVV95cUxQTW9Gc1Z3MWlmamtSdUlyQ3JnUURPNHpHazhvX1VZY0FydFVsNkJhM1Ezc2huVUN5amxCRDJEdExKdE5pbzJZZzhKTnk2dkNwUlVBcXZlZTgtTUJiOHdRWVpyS1JfWXJlZlczTEdWYktXZy0zenhDS3owSWxmakNuQjI1bjktdGhCMDB0d01NeEFwNE1pS0VoSWdrbGVyUGRaQTAteUdObFRLOXpoQVHSAbMBQVVfeXFMUFJPOEFXd2hmeWhYb0hnbnROU0ZRTWlHbVZFZUg0eUpFQm9zN3BoZUQyM3ZZQ0xqblZETUdvTkVRdjRnMVZDTzN5Y1NKLXBQTjNVV2s2ZkZiT01IQWNqTGxNaUsyZ3ZfNjJUUzNUM29zX2JhWklDYmUwelVHUW96Z2pwNzZmMzZNS0hEVWhkMWd6OF9fekFNdzAzblZKS2ZWVHRLSnBzRThVWmhBNUlhOHNSTkE","",,"2026-05-31T07:00:00+00:00","""road crash"" ""Tamil Nadu""","true","2026-09-24T17:31:46.461209+00:00","google-news","timesofindia.indiatimes.com","The Times of India","Jeweller, 60, killed in road crash The Times of India","Jeweller, 60, killed in road crash - The Times of India","https://timesofindia.indiatimes.com/city/allahabad/jeweller-60-killed-in-road-crash/articleshow/131414638.cms"
,"https://timesofindia.indiatimes.com/city/lucknow/with-22300-road-accident-deaths-uttar-pradesh-tops-india-list/articleshow/72118195.cms",,"LUCKNOW: 
Uttar Pradesh
 with 22,256 causalities topped the chart of road accident deaths in the country in 2018. On an average, 60 road crash deaths were recorded in the state every day, according to the latest Road Accident Report. The state was at the top of the same list in 2017 too.
Though Tamil Nadu (Rank 1) and Madhya Pradesh (Rank 2) recorded more road accidents in comparison to UP (Rank 3), the number of fatalities in these two states was lesser than Uttar Pradesh.
In 2018, a total 63,920, accidents were reported in Tamil Nadu, which was 50% more than UP but the number of deaths was 39% lesser than UP.
Likewise, Madhya Pradesh, recorded 51,397 accidents in 2018 which killed 10,706 persons. When compared to UP, the number of accidents was 20% higher but that of death was 51% lesser than UP.
In Tamil Nadu, the rate of accidents came down by 2.5% and in MP by 3.7%. But UP recorded an increase of 9.8% in the same period.
Experts attribute the higher number of road crash fatalities in UP to poor referral system.
Dr Ajai Singh of KGMU’s orthopaedics and surgery department said there is no dedicated medical arrangement in place to attend to road accident victims. 
“Road accident victims must be provided medical aid during the golden hour, but our state lacks proper network of ambulances, police also react late while primary health centres are ill-equipped to tackle such cases,” he said.
Ashutosh Soti, founder of Shubham Soti Foundation, a Lucknow-based NGO working for road safety, said that awareness about road accidents and primary treatment to victims should be made part of school curriculum. “The state has started taking initiatives like adding ambulance in UP 112 emergency helpline and conducting road safety audits but more has to be done like regular awareness drives to curb road crashes and deaths,” he added.","1848","CBMi0AFBVV95cUxPcDhqMUZHMUk3OU1WWS1TSEFDSjJkUjNLSVE2XzdxUmJhTktUV2oxWlVJVW1Nbmw3ZjlIYkozVDg5Y3R3WXJfQ3o0Vm5UclpiWXlITXRiRlZmWFMxaE9ZRE1Xczg3cExBS2VJUnktYXZUNURWQTZ2ZkdQQlRiU1JCem5rSmwtWjBrOE5BaGxZQkY3dVFHTDV1eTZnZW9tVGp5S3lOa04xRUgtUExMWVBScmwzNTJFRld4X2hPMGhXTkl0WHdaUlhfX1VmdmdYejlV","",,"2019-11-19T08:00:00+00:00","""road crash"" ""Tamil Nadu""","true","2026-09-24T17:31:46.461433+00:00","google-news","timesofindia.indiatimes.com","The Times of India","With 22,300 road accident deaths, Uttar Pradesh tops India list The Times of India","With 22,300 road accident deaths, Uttar Pradesh tops India list - The Times of India","https://timesofindia.indiatimes.com/city/lucknow/with-22300-road-accident-deaths-uttar-pradesh-tops-india-list/articleshow/72118195.cms"
,"https://timesofindia.indiatimes.com/city/lucknow/24-kids-killed-in-road-crash-in-2019-were-in-up/articleshow/78821662.cms",,"LUCKNOW: More than 2,600 children lost their life to a traffic accident on the roads of Uttar Pradesh in 2019, according to data from the Union ministry of road transport and highways Road Accidents in India Report 2019 released recently.
The burden is about 45% of the total Covid-19 deaths reported in the state.
Nationally, children accounted for 7.4% of the road crash fatalities in 2019.
UP formed 24% of the share.
Unfortunately, the number is on the rise. Compared to 2018, incidents of child crash deaths saw a 12% increase in India. The deaths have risen in equal proportion in UP.
Experts at Save Life Foundation, a not-for-profit organization working for road safety, pointed out non-usage of safety devices such as helmets and seatbelts was a reason behind increase in such deaths.
“The number of deaths due to absence of helmets increased by 3.3% between 2018 and 2019. While nationally, the number of deaths due to seatbelt violation has reduced, these deaths have marginally increased in states like Uttar Pradesh, where child road crash fatalities are high,” said founder Piyush Tewari.
He added that a large number of children fall prey because they were vulnerable road users. “About 17% of all child casualties were of pedestrians,” he said, adding: “Underage driving was another reason especially in states like UP and Tamil Nadu.”
An investigation into a group of accidents also revealed that many drivers, especially those under age, did not have a valid licence.","1485","CBMivgFBVV95cUxNUUw2UUNER3U5c3luRW4xNU5WdGpfY3J3M284ZkpLZ1BNQ1R3bDY0ZTdWLVBVLWtuT2d0UmFPMTZ6U3Nzd0xHdXJiZlFqakRYeWlCNVZZOUtZZUdVWmJzanFocGZKNGtrQkJGV3l1Q01QVnZ5WjFtUDM2Z2NyZGRrUm9QMTdYYURwZk5CNmJOR2dFRGh0bzRoYmhNX3l1Z1R4V1dyaFUtVENLZERxNDBXSVZyY3pPSTZEYzMxV1d30gHDAUFVX3lxTE8xY2g4SWNmalBLLUJCbG01Y3RLeTJQei1BVS1XdVVmVTBRSHVkempyZmE3NkpuVWRMc3JlbjlYc1lHbThQUnNPQkZKbFZLMjlNTDV0akE4ZFhTZU5hRG4xQzlGVUNuRlh0NG5ELU5DbS10cjVPaWZyNlFGY3RPSWVBLUpydUg5YWozQXFXZlhJRE9DczVNcTg0aHpDSjVGV004R25xTFZMMXhSOXdrb3RmRHhRSjNXWjgwemY1bTNhSndtYw","",,"2020-10-23T07:00:00+00:00","""road crash"" ""Tamil Nadu""","true","2026-09-24T17:31:46.461536+00:00","google-news","timesofindia.indiatimes.com","The Times of India","‘24% kids killed in road crash in 2019 were in UP’ The Times of India","‘24% kids killed in road crash in 2019 were in UP’ - The Times of India","https://timesofindia.indiatimes.com/city/lucknow/24-kids-killed-in-road-crash-in-2019-were-in-up/articleshow/78821662.cms"
,"https://timesofindia.indiatimes.com/india/national-highways-crash-victims-to-soon-get-ambulance-in-less-than-20-minutes/articleshow/80744802.cms",,"NEW DELHI: Soon road crash victims on National Highways can get an ambulance in less than 20 mins, a move that aims at saving lives in case of crashes. The NHAI has awarded the contract of 150 advanced ambulances which all be deployed at all public funded toll plazas. Private players are mandated to deploy an ambulance at every 50 km that fall under their jurisdictions.
Even all future contracts including three-year maintenance for all NHs that are with the state PWDs will include provision for incident management by providing ambulance, tow away and highway patrol vehicles for quick rescue of victims and to remove parked or breakdown vehicles to avoid crashes.
Though the NH network has barely 2.5% of the country’s total road network, these account for nearly 35% of fatalities (54,000 deaths). NHs under only NHAI recorded 35,606 deaths in 2019.
The road transport and highways ministry is introducing this provision learning from Tamil Nadu experience where road deaths have fallen drastically because of these measures. The southern state has brought down the ambulance arrival time to barely 13 minutes, which is at par with the best global standards. Several studies have shown that road deaths can be halved, if victims get quick medical care.
Union road transport and highways secretary Giridhar Aaramane said his ministry is working on to ensure deployment of ambulances fitted with GPS, route optimizer to reach the crash spot and nearby hospital quickly. He said subsequently the government will go for one toll free number that can be used across all road networks to avail ambulances.
Giving details of the NHAI’s new ambulance scheme, an official said, “The contract is on opex (operational expenditure (opex) model. The payment is linked to meeting the key parameters such as time taken to arrive at the crash spot after getting alert. These ambulances will have two stretchers and necessary facilities.” He added gradually the ambulance deployment system will be upgraded across the entire NH network.
Sources said the road transport ministry will come out with a detailed policy making it mandatory for all road development and maintenance contracts to ensure there is availability of ambulances, route patrol and tow away vehicles across the NH network.","2280","CBMi3AFBVV95cUxOZTlESDNYWFFLVVZBSlgwZDBhRGR1a21PaXkwNlBET1BsQkQ5UDZGWUZEakpaVEFuWFN0bE9xeXRpajhhLXV4YnJIbTA3R1dIYWl5OVdubkJPY1VWcWNOU3hPOEtHQkNsd3A4SlVkemxVa2VGcE1lcUxnLWo3M0tVdU5CdUdmRGdqNkNQVkEtSkdUSDkyQW1VdGVCYjlZdTQ3bHdadlBJbDFJM3JwRmtSWGN6aXNCdlNocFIyWXNFMkludE1rSERVZ3FQT2FSNnVrVFA4RktlTDRLR0hy0gHiAUFVX3lxTE5YOHlMdmNvNktXRi13WlNsRWNLRy1pM3FXTjJfTEhNN3htVmkxSHZMSk5xbU5Xc25DTERGTWpLSy1MQ29QZTVaUzNaRmh1dzRIZVpIMUhzOXNTcFloTFFJeWNJZzdsM0pFV2lsNzRiTDI2QUpKbXVGa3k2Zm9heHBlWjNDLUY3M1dfYlRtYVJ6ZjJ0Z2gwcnMwWVJoSHBvbkpJNkdCX1NYcjJfSWFTdWZDZjQ0OGdvR1V5UW1YZnRFQkNVSGFKQVlHTFV3YTBFQ3pFeDhwUzdmMk1vektEVlhjM1E","",,"2021-02-08T08:00:00+00:00","""road crash"" ""Tamil Nadu""","true","2026-09-24T17:31:46.461612+00:00","google-news","timesofindia.indiatimes.com","The Times of India","National Highways crash victims to soon get ambulance in less than 20 minutes The Times of India","National Highways crash victims to soon get ambulance in less than 20 minutes - The Times of India","https://timesofindia.indiatimes.com/india/national-highways-crash-victims-to-soon-get-ambulance-in-less-than-20-minutes/articleshow/80744802.cms"
,"https://auto.hindustantimes.com/auto/news/india-needs-to-invest-109-bn-dollars-to-reduce-road-crash-fatalities-by-half-41582281006702.html",,"This is how India can reduce road crash fatalities by half in next 10 years
- The World Bank said if India invests properly, the number of death in road accidents will come down in the next 10 years.
 India needs to invest an estimated extra USD 109 billion in road safety over the next decade to halve its crash fatalities, the World Bank said in a report released on a day when at least 35 people were killed in four separate accidents in the country.
The bank said such an investment will bring economic benefits equivalent annually to 3.7 per cent of the GDP.
The report titled ""Delivering Road Safety in India"" was released at the 'Third Global Ministerial Conference on Road Safety' in Stockholm.
Also check these Vehicles
It points to the high death rate on India's roads caused by chronic lack of investment in systemic, targeted, and sustained road safety programmes and identifies relevant investment priorities to reverse the trend.
India has one of the highest rates of road crashes in the world. Every year, about 150,000 people lose their lives on India's roads, and more than five times that number are injured or maimed for life, the report said.
The national highways alone claim one life a year for every two kilometers. This is ten times higher than the developed country threshold. Road crashes also impact economic growth, costing the economy between 3 to 5 per cent of GDP a year, it said.
At least 20 people were killed and several injured seriously when a bus collided with a container lorry near Tamil Nadu's Avinashi town in Tirupur district in the early hours on Thursday.
Six people were killed and seven injured when their car rammed into a stationary truck in Maharashtra's Chandrapur district on Thursday.
In another accident in Jammu and Kashmir, five members of a family were killed when their car rammed into a stationary truck on the Jammu-Pathankot Highway in Samba district on Thursday.
Four persons were killed when a tractor turned turtle in Chhattisgarh's Bastar district on Thursday.
Given the rising trajectory of crashes in India, the report calls the country's recent enactment of the Motor Vehicles (Amendment) Act, 2019 as an important step towards reducing road crash fatalities.
Part of a regional report, ""Road Safety in South Asia: Opportunities for Shared Regional Initiatives,"" the World Bank in its report calls for regional initiatives to make roads and vehicles safer, even while making national-level actions a top priority.
""Years of rapid economic growth in South Asia, followed by a steep rise in vehicle ownership have led to mounting traffic deaths and contributed to lost economic opportunities,"" said Hartwig Schafer, World Bank Vice President for South Asia.
""South Asia's road safety crisis is unacceptable but preventable. The good news is that South Asian countries recognise the urgent need to protect their people, save lives, and sustain their journey toward greater prosperity. We at the World Bank stand ready to support their efforts,"" said the World Bank official.
Towards this, the report suggests countries should collaborate on making regional trade corridors safer.
All categories of road users and vehicle types – animals, pedestrians, bicycles, rickshaws, motorcycles, motorized three-wheelers, cars, minibuses, buses, mini trucks, trucks, and agricultural vehicles – are represented in these corridors with narrow lanes, limited or no shoulders, and inadequate pedestrian facilities, it said.
According to the World Bank, the road safety conditions on these corridors mirror the nature and scale of conditions prevalent on national highways.
Crash data collected in a sample of highway sections across Nepal, India, and Bangladesh reveal alarming annual fatality rates ranging from 0.3 to 3 deaths per kilometer, at a yearly average of 0.87 fatalities per kilometer.
""In India, 34.5 per cent of fatalities in 2016 resulted from crashes on the National Highways, which comprise only 1.79 per cent of the country's total road network,"" the report said.
""Historically, when countries reached motorisation levels of between 50–100 vehicles per 1,000 people, road crashes became one of the leading causes of death and injuries. Improving road safety was then recognised as a national development priority,"" said Arnab Bandyopadhyay, Lead Transport Specialist, World Bank.
""This holds important road safety lessons for the South Asia region where the rate of vehicle ownership has doubled over the past decade and remains on an upward trajectory. The report's proposed regional initiatives will go a long way in helping countries improve road safety,"" he added.
To better monitor the effectiveness of road safety efforts, the report recommends a shared regional initiative to harmonise crash data management and analysis systems across South Asia.
According to the report, currently, South Asian countries are in varying stages of developing crash data and performance management systems that analyse the underlying factors behind each crash – whether it was defective road infrastructure, faulty vehicle design, or human error.
Tamil Nadu has already rolled out a Geographical Information Systems (GIS-based) programme to map road accidents state-wide, identify the most crash-prone hot spots, and pinpoint corrective action, the report said.
The system is also linked to medical facilities across the State, reducing the response time of emergency medical services from 30 to 11 minutes, at par with the world's best performing trauma services, it said.
Get insights into Upcoming Cars In India, Electric Vehicles, Upcoming Bikes in India and cutting-edge technology transforming the automotive landscape.","5682","CBMi1AFBVV95cUxNWHNvdmJxVkIzUGVIaUlrZS1pM2dyeGxqaFBWTjVCSkJYRTNibDcxdmZ6SmxHN3hhMlhDOV9OQ1d6QTNSNDd4Zk5rNVdOQ0dMTHp3Y0ZzY2MzMmJRQjF6akgxVkVtdlVwVkF4TENGWnVZMXVZMUV0QXN6TEIwWjcxSkxIY0puR2ZCWFRaMTB3SlFKeFlmMFdiSzFGMFVibFhFOWs1TWlMWUhrWXpnWms3SnA4alpyUWlJTWQ0SUs5WGJqd2xLdzcybTlBdVlUMTJUYnRhWtIB2gFBVV95cUxQWksyTUxlbkRMbGNGWGlwT2IySGJGU3hyNUowQ0ZSRU94bEdvSmVZYXNzbWVZWm5pNWM0MmJnQUlkS0pLcmJ5dVh0ZVdpNzBIeUNFZ2RrYWdhRVBSZHJMeFBONHVVUG8xXzF1aWFvNTRRTUZUel9OYUxTOTdKR0c2cERBYjliRWNpeW5EdlhCazN0eG14NEtDelV6R0FFMldDNFM5c0Q3cTFoYlJHbS1vNVg5ZnpZVnBORmFWVW0weFdTNU4yM0lGUXN5TlQ2dGF4NTJ3S3ZiSXJKdw","",,"2020-02-21T08:00:00+00:00","""road crash"" ""Tamil Nadu""","true","2026-09-24T17:31:46.461685+00:00","google-news","auto.hindustantimes.com","HT Auto","This is how India can reduce road crash fatalities by half in next 10 years HT Auto","This is how India can reduce road crash fatalities by half in next 10 years - HT Auto","https://auto.hindustantimes.com/auto/news/india-needs-to-invest-109-bn-dollars-to-reduce-road-crash-fatalities-by-half-41582281006702.html"
,"https://telegraphindia.com/world/on-way-to-holiday-indians-die-in-uk-road-crash/cid/1374544",,"London, Aug. 27: Six men and two women, all believed to be Indian, were killed when the minibus they were travelling in was crushed between two heavy lorries on a busy section of one of Britain's main motorways early on Saturday.
Four other Indians in the minibus, including a five-year-old girl, were injured in the collision shortly after 3am on the M1 motorway near the town of Newport Pagnell, 80km northwest of London.
They were taken to hospitals in Coventry, Birmingham and Milton Keynes, three of them with ""life-threatening injuries"". The casualties include a family visiting the UK from India, police said.
In all, there were 12 people in the minibus, including an Indian family of five. The visitors were from Tamil Nadu and the five-year-old's parents perished in the carnage, sources told The Telegraph. Indian high commission staff are extending consular access to the authorities.
Among those who died on the spot was the driver of the minibus, Cyriac Joseph, 52, who came from Kerala 15 years ago, was known locally as ""Benny"" and ran the minibus service as part of his company, ABC Travels.
Joseph was taking the party to London to catch the high-speed railway service Eurostar and begin a ""dream holiday"" in Europe when the crash happened.
All the vehicles were travelling in the same direction on the south-bound carriageway of the M1 in what turned out to be the worse crash Britain has witnessed since 1993, when 12 schoolchildren and their teacher died in a minibus accident on the M40 motorway.
The assumption must be that the minibus, which was ""flattened"", was hit from behind and squeezed underneath the trailer of the heavy goods vehicle in front. Both the lorry drivers have been charged, one of them for being drunk.
Ryszard Masierak, 31, of Evesham, Worcestershire, is accused of eight counts of causing death by dangerous driving, four counts of causing serious injury by dangerous driving and eight counts of causing death by careless driving while over the prescribed alcohol limit. He has been remanded in custody to appear at High Wycombe Magistrates' Court on Monday.
David Wagstaff, 53, of Derwent Street, Stoke-on-Trent, is charged with eight counts of causing death by dangerous driving and four counts of causing serious injury by dangerous driving. He was bailed to appear at Milton Keynes Magistrates' Court on September 11.
Pictures of the vehicles appeared to show a FedEx lorry with its cab crushed and the cab of an AIM Logistics lorry twisted around to the side. Another image showed what appeared to be the crumpled wreckage of the minibus on the back of a flatbed truck. Broken glass and debris from the collision was scattered across the tarmac.
Chief inspector Henry Parsons, from the joint operations unit for roads policing, said: ""Eight people lost their lives, with four seriously injured.... Officers are working to inform the next of kin of the people who died and specially trained family liaison officers will be offering them their support. Some of those involved were visiting the UK from India and we are working to keep families abroad informed.""
A spokesman for the South Central Ambulance Service confirmed paramedics were called to the crash site at 3.12am on Saturday. ""Sadly there have been several fatalities. We have treated four patients for serious or life-threatening injuries who have been taken to hospitals in Milton Keynes, Coventry and Birmingham,"" he said.
Wipro said three of its employees were among those who died, and a fourth staff member had been critically injured. ""It is with deep regret and sadness that we confirm the passing away of three of our colleagues, Karthikeyan Ramasubramaniyam Pugalur, Rishi Rajeev Kumar, and Vivek Bhaskaran in a tragic road accident in the UK,"" a spokesman for the company said. ""Our thoughts and prayers are with the families of all those who lost their lives in this tragedy.""
It is understood the men were all contracted to work in Nottingham.","3966","CBMimwFBVV95cUxQM1U5U3lqUVV0UmVHNjFWTTRHRVhCMHBFeEVVZTQwVTUxeHVTSkMwdGF1bF9PNWlnMkYyYjFSU1B0eVpUZm1sOG40alNaeWdpMHdyUXVtdWhmeFpiZUxpOHlvbnlXZDE1Y2hobHV2VllNM1lkNmRlRzhXS0YydmhoZ1p3b0twTEpkaUdOcnhqWmhSdDBUSHEzMnd3bw","",,"2017-08-28T07:00:00+00:00","""road crash"" ""Tamil Nadu""","true","2026-09-24T17:31:46.461839+00:00","google-news","telegraphindia.com","Telegraph India","On way to holiday, Indians die in UK road crash Telegraph India","On way to holiday, Indians die in UK road crash - Telegraph India","https://www.telegraphindia.com/world/on-way-to-holiday-indians-die-in-uk-road-crash/cid/1374544"
,"https://bangaloremirror.indiatimes.com/bangalore/crime/horror-on-hosur-road-crash-and-burn-kills-2/articleshow/65095349.cms",,"Horror on Hosur Road: Crash-and-burn kills 2
fire
Man returning to Hosur after meeting in-laws, his friend die as car jumps divider, hits bus
Two men were charred to death in a horrific incident onHosur Road  in the early hours of Sunday.
The i20 that the two – Zabbiullah and Ismail – were travelling in hit the divider near Chandapura, jumped the median and crashed into an oncoming private bus. The car exploded into a ball of fire and the two passengers were charred beyond recognition.
The bus also caught fire and all the 20 passengers had a miraculous escape – they managed to get off the bus before the fire spread and gutted both the vehicles. The bus was headed to Bengaluru fromChennai .
“We are investigating the matter. As of now, it seems that the petrol tank of the vehicle got ruptured and fuel was leaking after the car got lodged under the bus. There must have been a spark which started the fire,” said TP Shivakumar, Superintendent, Bengaluru Police (Rural).
According to Surya city police, the mishap is expected to have occurred around 4.30 am. Zabbiullah (24) and Ismail (28) were heading towards Hosur in Tamil Nadu. Zabbiullah, a manager in a real estate firm in Hosur, had come to Bengaluru to meet his in-laws residing inMalleswaram . Ismail, employed as a driver in Tamil Nadu , had also accompanied Zabbiullah to Bengaluru.
“Zabbiullah was in the driver’s seat and Ismael was on the passenger side. The entire car was mangled and stuck underneath the interstate private bus plying forGreenline  travels. The car had first rammed into the median and had flipped over onto the path of the bus which rammed into it. We suspect that the car driver could have dozed off and lost control,” said Surya city police.
As soon as the fire broke out the bus passengers got off and emergency and fire personnel were alerted. However, the fire spread quickly and both the vehicles were gutted. Though both men were trapped inside the car, none of the passengers and police could approach the vehicle as it was completely engulfed in flames within a few seconds.
“We received a call at 5 am and one fire tender fromElectronics City  station reached the spot within 10 minutes and brought the fire under control,” said a fire service personnel.
Police said that the exact cause for the fire would be ascertained after forensic analysis. Surya city police also added that prima facie it looked like the bus driver was not at fault for the mishap. A case under section 304 (A) will be filed after initial round of probe. The bodies would be handed over to the relatives after autopsy.
Two men were charred to death in a horrific incident on
The i20 that the two – Zabbiullah and Ismail – were travelling in hit the divider near Chandapura, jumped the median and crashed into an oncoming private bus. The car exploded into a ball of fire and the two passengers were charred beyond recognition.
The bus also caught fire and all the 20 passengers had a miraculous escape – they managed to get off the bus before the fire spread and gutted both the vehicles. The bus was headed to Bengaluru from
“We are investigating the matter. As of now, it seems that the petrol tank of the vehicle got ruptured and fuel was leaking after the car got lodged under the bus. There must have been a spark which started the fire,” said TP Shivakumar, Superintendent, Bengaluru Police (Rural).
According to Surya city police, the mishap is expected to have occurred around 4.30 am. Zabbiullah (24) and Ismail (28) were heading towards Hosur in Tamil Nadu. Zabbiullah, a manager in a real estate firm in Hosur, had come to Bengaluru to meet his in-laws residing in
“Zabbiullah was in the driver’s seat and Ismael was on the passenger side. The entire car was mangled and stuck underneath the interstate private bus plying for
As soon as the fire broke out the bus passengers got off and emergency and fire personnel were alerted. However, the fire spread quickly and both the vehicles were gutted. Though both men were trapped inside the car, none of the passengers and police could approach the vehicle as it was completely engulfed in flames within a few seconds.
“We received a call at 5 am and one fire tender from
Police said that the exact cause for the fire would be ascertained after forensic analysis. Surya city police also added that prima facie it looked like the bus driver was not at fault for the mishap. A case under section 304 (A) will be filed after initial round of probe. The bodies would be handed over to the relatives after autopsy.
GALLERIES View more photos","4571","CBMiwAFBVV95cUxPU1F1QkhzMEZCcEdMWmtMdHI5ajk5ekxGTXlqZ0x0Vk43ZjdrempCMUlBRDkzclk0b0VyOEJpMUpzWlBKbWU5bkJNMjAzeUw0dUprUlJNM1RIcXk5a1FlZDk2OUoxbTA0MGZMVGhUekJ4ZlhMRXhGVDVmRExFdlpFOW1aU2lQWlFlZ0toQURGTEVjcWtNaDhxV0N3eWFxTWR1Z3d3OGxVWklEUHBHYXZ2bVFpUC1IY1ItSXZPNnlKTnTSAcYBQVVfeXFMUDdHOTlqV0d2VUU0bVNaeDktNHhXQjdnMko0ZVo0dnRnYkFFemY2RUJKRVVpVmJqM0EtVmx1bTdBUkJveDFIOGlqc2I4VmcyMjR5SnMwWFJiSkI2akFnRnhEdThjTkp3c3c2dmNzUnVuX1ZzX01DRXBmcUpTSE8zWktvVEs5SWRJaTRxSVBtZFpvNk9pX1daRU5RNVc3c3pIcnBXdlg5OC05cVFlZG84VnpBNXRfeU9wVGZtRkRYbGhGMjZZRkx3","",,"2018-07-23T07:00:00+00:00","""road crash"" ""Tamil Nadu""","true","2026-09-24T17:31:46.461993+00:00","google-news","bangaloremirror.indiatimes.com","Bangalore Mirror","Horror on Hosur Road: Crash-and-burn kills 2 Bangalore Mirror","Horror on Hosur Road: Crash-and-burn kills 2 - Bangalore Mirror","https://bangaloremirror.indiatimes.com/bangalore/crime/horror-on-hosur-road-crash-and-burn-kills-2/articleshow/65095349.cms"
,"https://thedailystar.net/india/news/19-killed-tamil-nadu-bus-lorry-collision-1870627",,"19 killed in Tamil Nadu bus-lorry collision
At least 19 people were killed after a bus collided with a lorry near Tirupur district in the southern Indian state of Tamil Nadu today.
The lorry was coming from the opposite direction on Coimbatoer-Salem highway and collided with a Kerala government-owned bus around 4:30 am (local time), our New Delhi correspondent reports quoting police.
The bus was going to Thiruvananthapuram from Bengaluru when the accident occurred, police said.
Nineteen of the 48 passengers in the bus, died on the spot and the rest were injured.
Police believe the death toll is likely to increase.","621","CBMikgFBVV95cUxPZEI5RVo3S3JvTlZnd3B3Z2VTYWJtQzFnd3c0RlNMcHBwbHRuaGtQeDBNUkMzMUxNZ2FjU095SDZpYS1iLUdOTTJMQk9zdjNiSVlJWllZWEozdlZJd2VxMHN3akd3SUNEbTlyY1h6SWJ1NUhMNVktdW1WRjRYZW5tSzBKREJiUWNWYjFCb0V0Q0k0Zw","",,"2020-02-20T05:35:13+00:00","""road crash"" ""Tamil Nadu""","true","2026-09-24T17:31:46.462066+00:00","google-news","thedailystar.net","The Daily Star","19 killed in Tamil Nadu bus-lorry collision The Daily Star","19 killed in Tamil Nadu bus-lorry collision - The Daily Star","https://www.thedailystar.net/india/news/19-killed-tamil-nadu-bus-lorry-collision-1870627"
,"https://newsable.asianetnews.com/india/tamil-nadu-road-accident-video-4-young-girls-die-in-namakkal-accident-moped-collides-with-college-bus-driver-surrenders-articleshow-l8a1g7z",,"Four sisters, including their 11-year-old cousin, died after their moped collided with a private college bus near Elachipalayam in Tamil Nadu. Two died at the scene and two while being taken to hospital. Police registered a case, while the bus driver surrendered. A video of the crash has since triggered fresh questions online about road safety.
Four girls, including three sisters and their 11-year-old cousin, died after the moped they were travelling on collided with a private college bus near Elachipalayam in Namakkal district, Tamil Nadu, on Thursday. The deceased have been identified as S Kalaichelvi, 19, her sisters Nivedha, 15, and Dhanushree, 11, and their cousin R Abinaya, 11. All four were residents of Sakkarampalayam. Kalaichelvi was a second-year student at a government college, while Nivedha was studying in Class XI and Dhanushree in Class VII. Abinaya was a Class VI student, according to a report by Times of India.
Trigger Warning: Video below contains disturbing visuals. Viewers' discretion is advised.
Police on Elachipalayam accident
Police said Kalaichelvi had picked up her two sisters and Abinaya from their school near Elachipalayam and was taking them home on the moped when the crash occurred.
The impact threw all four riders off the two-wheeler. Kalaichelvi and Nivedha died at the spot, while Dhanushree and Abinaya died while being taken to hospital, police said.
The bus involved in the crash belongs to a private educational institution near Rasipuram.
Elachipalayam police have registered a case and are investigating the circumstances surrounding the collision. The bus driver, identified as 30-year-old Praveen of Rasipuram, surrendered at Tiruchengode police station.
Family left devastated
Kalaichelvi, Nivedha and Dhanushree were the daughters of vegetable traders Sekar and Amudha. Their cousin Abinaya was the daughter of Sekar’s brother Rameshbabu and Vasantha.
Kalaichelvi’s education had reportedly been supported by former district collector S Uma, as her father is suffering from cancer.
The deaths have left the families and residents of Sakkarampalayam devastated, with four young lives lost in a single road crash.
Crash video sparks questions online
A video of the incident has surfaced on social media, leaving users shocked. Some questioned whether the moped suddenly moved into the bus's path, while others have raised concerns about braking, road awareness and the safety of carrying multiple people on a two-wheeler.
The exact circumstances leading to the collision are under police investigation.","2561","CBMiigJBVV95cUxPdFhOMjlZcU5LckhGS3Y0a3EzMnc5dy1qWVAtT0dET1RiM05uamJZRVhNdmlGSnZOMlQ4a2Qwdk5TUDA4MHgyeW1FUnRpVW5YTl9tOV9yY3VqUEN1SmRlM0tmaUNobGVwS2VidnVqa3hqRy1CdEIzdzdLY1hsTUFSbXNoZmF0aC1oMVNQUVFDVHZYNld6NWtHZGpwcE5HSlVZdzY3VWFoc3c5WWV4X3h6X0w1eUVQXzNfalpod3lONkJwbmY3Y2FtZDhOMEVid1NqeXJmVi1Td1U4el9tU0VxQ2F3U0RnZXBUbFZFV0Q5X01iOXJDd2ZRZURIaUJuSllvOFp2N1hLVmV3UdIBjwJBVV95cUxPTENZMHlhNFpQSDdUOG5RUGtSMEY3WU5MMll4SjhUYmtiSmZVYndReDBLQm1EWWtvWWlqRVQ5Y3lKY1VhTjduWUxscXZhWFFuODYteTFpcGp3Nko5UTZUcVlLVEdQUVVFQlREdkJzWXY5cTBndE5MNi1yRlF5S0ZMTVQzMTI4WFJVbUxxTVBpbW9HZDhVOUVKNkZyMTA3dmRtNkpyYlB0OTRuRUNaOWVJejRZMFdzZmtNUjhfLXVjSVZLTDJMd0lwMlRtUHgtMlQwYXNWU1h3WVd6cDRmVGJCdjZPalBYX1FOd21nSndIOVZhZzdVaXVhSGV0S3NydE5kbk9PeXFNWnFXTW5tRXFV","",,"2026-09-05T07:00:00+00:00","""road crash"" ""Tamil Nadu""","true","2026-09-24T17:31:46.462224+00:00","google-news","newsable.asianetnews.com","Asianet Newsable","4 Sisters Killed After Moped Collides With College Bus in Tamil Nadu's Namakkal, Crash Video Surfaces Asianet Newsable","4 Sisters Killed After Moped Collides With College Bus in Tamil Nadu's Namakkal, Crash Video Surfaces - Asianet Newsable","https://newsable.asianetnews.com/india/tamil-nadu-road-accident-video-4-young-girls-die-in-namakkal-accident-moped-collides-with-college-bus-driver-surrenders-articleshow-l8a1g7z"
,"https://newsbytesapp.com/news/india/india-on-track-for-32-fall-in-road-crash-fatalities/tldr",,"India on track for 3.2% fall in road crash fatalities
India is on track for a 3.2% drop in road crash fatalities this year (down from 183,434 in 2025 to about 177,500 in 2026)
even though the total number of accidents could actually go up slightly to around 520,200.
So, while roads might get a little safer, crashes are still a big concern.
Uttar Pradesh saw highest road deaths
Uttar Pradesh saw the highest number of deaths from road crashes this year (14,794), followed by Tamil Nadu and Maharashtra.
National Highways, including expressways, accounted for 35% of all fatalities.
Speeding remains the top reason for accidents (46,075 cases so far), and pedestrian deaths are also worryingly high.
The new PM-RAHAT scheme has already processed over 12,000 claims for cashless treatment since February.
Experts say expressway risks and seasonal issues like fog are still major challenges for road safety.","906","CBMinAFBVV95cUxQcnBmVWhCcFVhTlI3dWdoQm5yc1BLZUMtUG14MlhSdmhfbEtkVERvZmNRUXBGMGx2QVNRNnpDYllJeHJ6QVNhRXVOSExzMS1lQ1Mtd0xWMDluR2Nfc2ZOV3BNNktjQ1FJWWdhYkdXMFFNdzVUY1loTUdFN2RkQmxNb3ljZFhRVnhTVzE4NG8tcTR6eGQ2R3I0NVRCTlE","",,"2026-07-31T07:00:00+00:00","""road crash"" ""Tamil Nadu""","true","2026-09-24T17:31:46.462298+00:00","google-news","newsbytesapp.com","NewsBytes","India on track for 3.2% fall in road crash fatalities NewsBytes","India on track for 3.2% fall in road crash fatalities - NewsBytes","https://www.newsbytesapp.com/news/india/india-on-track-for-32-fall-in-road-crash-fatalities/tldr"
,"https://english.mathrubhumi.com/news/india/four-pilgrims-from-kerala-die-in-tamil-nadu-road-accident-en-route-to-velankanni-video-oaup6tsa",,"Four Malayalis on Velankanni pilgrimage die in Tamil Nadu accident; three others critically injured
Thiruvarur (Tamil Nadu): A road accident near Thiruthuraipoondi in Thiruvarur in Tamil Nadu claimed the lives of four persons from Kerala who were on a pilgrimage to Velankanni.
The victims were travelling in an Omni van when it collided with a Tamil Nadu State Transport Corporation bus early on Sunday morning. The impact severely damaged the van.
There were seven people in the vehicle at the time of the accident. Four died on the spot, while three others sustained serious injuries and were rushed to a nearby hospital for treatment.
It is learnt that all the victims are residents of Thiruvananthapuram. The police are currently investigating the cause of the accident.
Published: 04 May 2025, 09:44 am IST
Related Topics
Get Latest Mathrubhumi Updates in English
Disclaimer: Kindly avoid objectionable, derogatory, unlawful and lewd comments, while responding to reports. Such comments are punishable under cyber laws. Please keep away from personal attacks. The opinions expressed here are the personal opinions of readers and not that of Mathrubhumi.","1159","CBMi1AFBVV95cUxNZzYxNG5oZGUyZlltUXNTUlJpTzZKTUdSM0x4aTFud01BaVFUYU9qZTBoM0wwZE55NUZMbzU3WWJJN1pPdDhqWDJyNW5lOUhwUzRQM3hhQ3JXdlNRM1lXNTVCanNaVVNtbmMtaVJXY2ttRXlmaXRzQjRTQU5Ia2RvUXVMRVdNdnJRaFdjOGVmRDBsWm9wY0lmSVBVOTcwV3pXYV91NVhyc1JrR1A5Q29rVTlXR29lYUd5RXdHZERPRS1OaWlrSXdqSXBtdWV6V2txZnlFU9IB2gFBVV95cUxNX2dDc0NUNUphVDB6alRUNkRNMDlBY1FwUzhsNFJsS0dBQlU0cjh4VHVuX2tYdkVjVmNNR0pRdzM2bDhXR3dRSmhwOS1zNTJVQ3FLXzFIWDhiM001Y3Njb0tHb3AzSldFUzY5M3hrMmhDVVB4azRSWjdyRm1xZG1XZ0N6ZmMtV1FlVW9oWjI2UTIwWGkwUTFkNFdnZnlSdzRkV1FHQl9FZ3dOUzNUUzd0QjNweEhkdEk1amViVzJfbld4TjN1TDRIb2xYU1dUaTFEN3dhQ0dkU2EyUQ","",,"2025-05-04T07:00:00+00:00","""road crash"" ""Tamil Nadu""","true","2026-09-24T17:31:46.462383+00:00","google-news","english.mathrubhumi.com","Mathrubhumi English","Four pilgrims from Kerala die in Tamil Nadu road accident en route to Velankanni | VIDEO Mathrubhumi English","Four pilgrims from Kerala die in Tamil Nadu road accident en route to Velankanni | VIDEO - Mathrubhumi English","https://english.mathrubhumi.com/news/india/four-pilgrims-from-kerala-die-in-tamil-nadu-road-accident-en-route-to-velankanni-video-oaup6tsa"
,"https://telugubulletin.com/two-hyderabadi-students-killed-in-usa-road-crash-208144",,"In a fatal road accident tha happened in the USA, the lives of four Indians, including two Hyderabadi students were claimed.
A tragic multi-vehicle crash on U.S. 75 in Anna, Texas, claimed the lives of four Indian nationals, including two from Hyderabad, on Friday afternoon.
The victims have been identified as Aryan Raghunath Orampati from Hyderabad, his friend Farooq Shaik, Lokesh Palacharla, also a Telugu, and Darshini Vasudevan from Tamil Nadu.
The four victims had connected through a carpooling app for their journey to Bentonville, when the accident occurred. Aryan Raghunath Orampati, who resided in Bentonville, was returning home after visiting his cousin in Dallas.
Lokesh Palacharla was traveling to Bentonville to visit his wife. Darshini Vasudevan, a Master’s degree graduate from the University of Texas at Arlington, was on her way to visit her uncle in Bentonville. The group had tied up their travel plans using a carpooling app, which later helped authorities identify the victims.
Actor Dhruv Vikram is all set to headline a new Telugu-Tamil bilingual action entertainer, tentatively titled DV4. The film will be directed by Ramesh...
With just days left for its theatrical release on September 18, the makers of Secret Soldier are confident tSecret Soldier Promises a Refreshing Spy...
The first single Srilatha from Priyadarshi's upcoming film Idupu Kayitham is receiving an overwhelming response from music lovers, with its soulful melody and relatable...
The much-awaited teaser of Aadarsha Kutumbam – AK47 has finally been unveiled, giving fans a lively glimpse into what promises to be an entertaining...
Andhra Pradesh Deputy Chief Minister Pawan Kalyan has penned an emotional note expressing his gratitude to the people of Kerala after completing his Ayurvedic...
The Nallamala Sagar Reservoir under the Veligonda Project has begun filling with Krishna River water, marking a significant milestone for one of Andhra Pradesh's...
The long-awaited flow of Krishna River water into the Nallamala Sagar Reservoir has brought fresh hope to farmers in Andhra Pradesh. Days after Chief...
A fresh political debate has erupted in Andhra Pradesh over the proposed National Institute of Electronics and Information Technology (NIELIT) AI and Quantum Technology...
Senior YSR Congress Party (YSRCP) leader and MLC Botsa Satyanarayana became emotional during a party workers' meeting after his nephew, Majji Srinivasa Rao, resigned...
Andhra Pradesh Deputy Chief Minister Pawan Kalyan has penned an emotional note expressing his gratitude to the people of Kerala after completing his Ayurvedic...
Actor Dhruv Vikram is all set to headline a new Telugu-Tamil bilingual action entertainer, tentatively titled DV4. The film will be directed by Ramesh...
The Nallamala Sagar Reservoir under the Veligonda Project has begun filling with Krishna River water, marking a significant milestone for one of Andhra Pradesh's...","2935","CBMijwFBVV95cUxPSlVXdG9aOW1WNDNLcS1Ta0ZWRzg1cHYzeElOQkh6TllLbG53WFZIejkzY1J2emFXWW84LTVEbEdfR2stM3VHWDJyclh0MGJwY004OGpBVURvOHhEUkw2a1lhX0dJQmpUYjdKcG9HSWlHUm1pY2Fwc3pNbllCUk9wYlNzN284TGxSTEdiS05JRdIBlAFBVV95cUxNbmJBZ0o4TEZWT0FvZ2RXd1FGcHdRUnNTa1R6UVFnblFWeEk2UmhLMTY4Q0xLUW1vWlVlUnlRU3ZVWTZWbVRtZGxpS3lzS010TWdsTlV1cUdIRnN3RlIzeXJjZWNrVmFaZXVhbzNEMGFsdWpBWlBiYlZZR1VDc2hNR3VqakhleTBOZ1VFYTdya2tDbnF0","",,"2024-09-04T07:00:00+00:00","""road crash"" ""Tamil Nadu""","true","2026-09-24T17:31:46.462478+00:00","google-news","telugubulletin.com","TeluguBulletin.com","Two Hyderabadi students killed in USA road crash TeluguBulletin.com","Two Hyderabadi students killed in USA road crash - TeluguBulletin.com","https://www.telugubulletin.com/two-hyderabadi-students-killed-in-usa-road-crash-208144"
,"https://thesouthfirst.com/kerala/nh66-crash-most-victims-were-drunk-but-expert-warns-against-blaming-alcohol-alone",,"A forensic examination of the eight engineering students from Tamil Nadu who died in the accident on National Highway 66 at Kaipamangalam Panambikunnu, Thrissur, has found that most of the victims had consumed alcohol.
According to Dr TS Hithesh Shanker, Professor of Forensic Medicine, Government Medical College-Thrissur, and Police Surgeon, the presence of alcohol in the blood was an important finding that should be considered in the investigation. But he also added that it cannot be conclusively established that alcohol consumption caused the accident.
Meanwhile, it’s learnt that the blood samples of the victims have been sent to the Chemical Examination Laboratory at Kakkanad, Ernakulam, for detailed analysis.
Tests are also being conducted to determine whether synthetic drugs were consumed.
In a Facebook post, Dr Hithesh Shanker said that alcohol can impair a driver’s judgement, attention, reaction time, coordination and perception of speed and distance, thereby increasing the risk of accidents.
However, he stressed that the mere presence of alcohol in the blood cannot scientifically establish that it was the cause of the crash.
The expert also called for a comprehensive investigation into other possible contributing factors.
Concerns have been raised over safety lapses at the NH66 construction site and the alleged unsafe parking of heavy vehicles along the roadside, which could have increased the severity of the accident.
Meanwhile, police are investigating reports that the students had a clash with residents at Pathamkalli in Thalikulam shortly before the accident.
According to preliminary information, a dispute reportedly broke out after the group stopped their vehicle while looking for accommodation.
Following a complaint from locals to the Vadanappilly police, the students allegedly left the area.
Police are collecting CCTV footage, including footage from around the Tenth Stone area, to establish the sequence of events before the crash.
Dr Hithesh Shanker said the tragedy should not be attributed to a single factor without scientific investigation, stressing that all possible contributing circumstances need to be examined.","2169","CBMitgFBVV95cUxNWl9nVDktS3lqLXptVmpaQThHdnZ3bEwxeFpkbEh5dE9mN2hPQzlCdkRIYWFTN0tya0YzTzFYa1N0ZVA0b21iVE43akZrRDVhY3pXdmV6Z25YYTVESEZCRHNCMTdNNUsxT1VSU1drek1FelFueEZaSmMxUWZnZk1Qc2FFQ0VMeGdpd01rbS1zelVQRGlya2hVSUZVOU1FaUp0LWFPeEZjV3lUalZBY3ZPQXpadUxNUQ","",,"2026-09-07T09:19:03+00:00","""fatal accident"" ""Tamil Nadu""","true","2026-09-24T17:31:47.175820+00:00","google-news","thesouthfirst.com","The South First","NH66 crash: Most victims were drunk, but expert warns against blaming alcohol alone The South First","NH66 crash: Most victims were drunk, but expert warns against blaming alcohol alone - The South First","https://thesouthfirst.com/kerala/nh66-crash-most-victims-were-drunk-but-expert-warns-against-blaming-alcohol-alone/"
,"https://ndtvprofit.com/business/sundrop-brands-arm-del-monte-reports-fatal-accident-at-hosur-factory-unit-11998179",,"- Del Monte Foods reported a fatal accident at its Hosur factory in Tamil Nadu
- One workman died, and the company is assisting the deceased's family
- Pizza sauce production line has been stopped following the incident
Sundrop Brands' wholly owned subsidiary, Del Monte Foods Private Limited, has reported a fatal accident at its Hosur factory in Tamil Nadu.
The company informed the stock exchanges that one workman died following the accident. Del Monte said it is extending assistance to the family of the deceased.
Pizza Sauce Production Line Stopped
Also Read | Layoffs Are Rising In Tech, But These Skills Are Helping People Unlock Better Pay
Following the incident, the manufacturing line used for producing pizza sauce at the Hosur factory has been stopped.
Del Monte said there has been no disruption to its other business activities, apart from the manufacturing line mentioned in the disclosure.
Based on its preliminary assessment, the impact is considered immaterial.
The company is cooperating with authorities and facilitating the assessment. It plans to resume operations at the affected manufacturing line at the earliest.
Also Read: Nepal PM Balen Shah Thanks India, China For Aid After Devastating Floods
Damage Assessment Underway
Sundrop Brands said the extent of any loss or damage is still being evaluated. A further disclosure will be made if the final assessment identifies any material impact.
The company said the loss or damage is covered under insurance based on its preliminary assessment.
The incident does not involve any strike or lockout. Sundrop Brands and Del Monte said they remain focused on business continuity and operational stability while monitoring the situation.
Also Read: Bengaluru Crash Caught On Camera: Hair Stylist Killed After Car Hits Vehicles At Signal
Essential Business Intelligence, Sharp Market Insights, Practical Personal Finance Advice, Daily Fuel, Gold and Silver Prices and Latest Stories — On NDTV Profit.","1970","CBMiugFBVV95cUxNeGZQQjQ0QkxSUlZreEotZjByMUNZN254d0lnSUxwbmRYSGZ6cExUSk5fSUJ6MFh0dDhUVmR6ZGFROVFJWV9EMDVQekdQN0xrSUJEdmFpUUpHcmZMYU13REpZbFJXV2NzY29zQ2hhRVNmekdOYjNac0F4Ym5UM2hzZ3Q2clZpNjR1OWJtSnYtbXhaYTFhdFJTSWFfRGVNOE9xMEljMXRsVVVoSUViaklnTzFqaGc0bmdoUVHSAcIBQVVfeXFMTjVOQUxJbEk0TUhRR0FFSklkeFQ0TTdkZG5UbVJMdGFEX3o0UFBtWjZDOF9PWndBeUQ4MEtXS2FteVpNd1RaRXJlVlZzYktKakNaUFRoRVVYc0tuWFdlbjNndXVUTVlfd3JjVEdYOG1mbTNzRHBZdFNJTXkxYjdwRzdTRk9IVF9YUU1CdDZWMjhSUUNfNVFFdFJfMmNZS1ZudWl5VkhKazdsZTJ6LXJ6MnlEZmRCMGl3c3lBYndBUUJxN2c","",,"2026-09-03T07:00:00+00:00","""fatal accident"" ""Tamil Nadu""","true","2026-09-24T17:31:47.176010+00:00","google-news","ndtvprofit.com","NDTV Profit","Sundrop Brands Arm Del Monte Reports Fatal Accident At Hosur Factory Unit NDTV Profit","Sundrop Brands Arm Del Monte Reports Fatal Accident At Hosur Factory Unit - NDTV Profit","https://www.ndtvprofit.com/business/sundrop-brands-arm-del-monte-reports-fatal-accident-at-hosur-factory-unit-11998179"
,"https://thehindu.com/news/national/tamil-nadu/tamil-nadu-reports-significant-reduction-in-road-accident-deaths/article69136872.ece",,"Tamil Nadu has reported a significant reduction in fatal road accidents with the number of deaths coming down by 273 in 2024 compared to the previous year. Corrective measures in Black Spots or accident-prone zones, effective enforcement of traffic rules and intensive drive against drunken driving contributed to the declining trend in fatal road accidents.
Despite the increase in human and vehicle population and length of roads across the State, the State police undertook a series of impactful initiatives to prevent road accidents and bring about safety, Director-General of Police & Head of the Police Force, Shankar Jiwal, said on Friday.
Rectifying design defects or other corrective measures along National/State Highways, issuing ‘challans’ to violators of traffic rules and stringent action against rash and negligent driving and intensified patrolling of accident-prone zones helped in bringing down the number of road accidents. While 18,347 people died in 17,526 fatal road accidents in 2023, the number came down to 18,074 and 17,282 respectively last year.
Driver’s error
An analysis of fatal accident cases in 2023 revealed that in 16,800 of the total 17,526 incidents, driver’s error was the cause. As part of the steps to address the issue, ‘Highway Patrol Mobile Application’ was used extensively by the traffic police for providing road safety awareness and enforcement of road safety rules. The police identified 6,165 Black Spots after conducting a field survey where ground conditions were assessed on the basis of vehicle density, traffic environment and number of accidents.
Road safety engineering measures were implemented in association with the State Highways Department to enhance safety. Of the 6,165 Black Spots, short term action was taken in 3,165 locations to reduce the speed of vehicles. A majority of the cities and districts had shown reduction in road accidents, he said.
U-turn system
Mr. Jiwal said that U-turn system implemented in Coimbatore City in consultation with the Highways Department had led to a reduction of fatalities in road accidents by 4%. As part of the programme, U-turns were introduced replacing signals at junctions resulting in better vehicular movement. A similar approach was being tried in other cities, including Chennai.
Last year, a total of 12.58 lakh cases were booked of which 2.07 lakh cases were registered against those overspeeding driving, 2.58 lakh cases against road users jumping the red signal and 4.20 lakh cases involving people found to be using their mobile phones while driving. 12,306 people were booked on charges of drunken driving. The State traffic police registered 64.94 lakh cases against people not wearing helmets and 5.78 lakh cases involving those not wearing seat belts.
Suspension of driving licences
After the State police wrote to the transport authorities recommending the suspension of driving licences belonging to 3.49 lakh individuals for violating the motor vehicle rules, 80,558 driving licences were suspended.
Mr. Jiwal said highway patrol vehicles had rescued 12,629 people who were critically injured in road accidents and rushed them to the nearest hospital within the Golden Hour.
Besides stringent enforcement of traffic rules which would also serve as a deterrence to irresponsible use of road infrastructure and negligent driving endangering fellow road users, thousands of awareness programmes were conducted to educate road users on safe and responsible driving.
Declining trend of road accidents in Tamil Nadu
Published - January 25, 2025 01:05 am IST","3575","CBMizwFBVV95cUxPLWgweWZrYmV5SXRWYUNsUUl1Wk93UWljd2tlSENNTHRMOEwwUGRSOFJ2SndFYnk0UTd5cTBhREdkOHAyZ0Q4Q1F3VkIxLWsxNDJ4UE9Wcy02TjRveVJMejRwX203a2FyaUcyemRXSnRyNXhyMXJrUzc1QjgxNmNPRG9VaktzcmNvNDk3eWZIYzNkdFVkQ3hvNkcydFM1SFE0anNGaTFuODBVWWY3VDRwT0Y4SDdjU1MwTjZCdW85ZjRNLUJkcjNSWGxXZGtsak3SAdYBQVVfeXFMT3hiWDNaenhDemhtWi1UUWdJUlQzdk82bnJKR2pnNnJyNTFnRU1OZmFnNHJuMTNRb2lZZVBfREVlbUVCdUZ4ZnZBaEVKaTBvRk02R0RCc2FVRndCdTVSMEEtaFFfdFJjMVZ2U0tjakV0TlJEZDdyRE1KLW1scVNvZjdxM3JxaXpUYzJZMHRGVFhZSHZyd2lNdVFPNWRmamZ5TzI2WTN2U2dwSlV4M1o4RnNTX3NjcTNsM2dJYjRUbHN6QkpVOHYyZGJTNWNaUXZnU21UYzJJdw","",,"2025-01-25T08:00:00+00:00","""fatal accident"" ""Tamil Nadu""","true","2026-09-24T17:31:47.176520+00:00","google-news","thehindu.com","The Hindu","Tamil Nadu reports significant reduction in road accident deaths The Hindu","Tamil Nadu reports significant reduction in road accident deaths - The Hindu","https://www.thehindu.com/news/national/tamil-nadu/tamil-nadu-reports-significant-reduction-in-road-accident-deaths/article69136872.ece"
,"https://theweek.in/news/india/2025/11/24/6-killed-in-head-on-bus-crash-in-tamil-nadu-cm-stalin-announces-compensation.html",,"As many as six people died as two private buses collided head-on in Tamil Nadu's Tenkasi on Monday. According to Tamil Nadu police, overspeeding and negligent driving by one of the bus drivers led to the fatal accident.
The accident occurred near Idaikal in Tenkasi district on Monday morning. Six passengers, including five women, died at the accident site itself. Police, fire and rescue personnel rushed to the spot and conducted a rescue operation. According to police, while one bus was travelling from Madurai towards Senkottai, the other was coming from Tenkasi towards Kovilpatti/Sankarankovil.
Police have collected CCTV visuals from the premises to ascertain the actual cause of the accident. Police have also recorded eyewitness accounts.
Tamil Nadu Chief Minister M.K. Stalin condoled the deaths and said he advised authorities to take necessary measures to ensure treatment for the injured. Stalin said he immediately contacted the Minister K.K.S.S.R. Ramachandran and instructed him to rush to the scene. ""I have ordered the district collector to go to the government hospital and ensure proper high-quality treatment for the injured,"" Stalin said.
The chief minister also announced solatium of Rs 3 lakh each to the families of the deceased, and Rs 1 lakh each to those who are seriously injured and undergoing treatment in the hospital, and Rs 50,000 each to those who are slightly injured and undergoing treatment in the hospital from the Chief Minister's General Relief Fund.
AIADMK General Secretary Edapaddi K Palaniswami also condoled the incident. He also wished those who are undergoing treatment in the hospital a full recovery.","1652","CBMixAFBVV95cUxOMUpSSGxyOTQxWWczT2NDNWFsQlV6SUw0TzI0cm9ibTBNZ016ZjNvT1JQTFBpdDcweGQzTHRra0F2X2duMXhJT3N0bjNsSXF2U1ZfWDNwOERHTkFENjAycXZ4RFpQbVlrRk9JaXFiTWdXaFZwNk13QzZpZ2ZDbXlrN0tUSThLc19kTTlpSkVyelhmckMtNHhuaVUzS0EzMTdQVGk4aHhHSFpGNGdLQW02dUpfNk1aOUV1V1R6bTBEZDc5amp30gHKAUFVX3lxTE1RNHJvTGlfbjd5MHBaZEpmMVRhY2FVWUFQT2I0bXZHTkQ4NFVfaTlHd2RNcFFwTXhrbEpDajhUb2NvTkJRS2VDaEd4cGxaWGdONldIWnJGcm80cVp3ZENlbDY2bDU5VTAtbTRsbGktTWV2SzFxZ1dnUFdUWE9oRUs4Vkc3Z1VTTER2YUxXNjFwSVZKUW13U09WT2EySjUyU1djMWZCR0pFZjVmSDNRUUtrQmExeS1YTWkweTQwYTlWQTdYVHB4X3hGTEE","",,"2025-11-24T08:00:00+00:00","""fatal accident"" ""Tamil Nadu""","true","2026-09-24T17:31:47.176606+00:00","google-news","theweek.in","theweek.in","6 killed in head-on bus crash in Tamil Nadu, CM Stalin announces compensation theweek.in","6 killed in head-on bus crash in Tamil Nadu, CM Stalin announces compensation - theweek.in","https://www.theweek.in/news/india/2025/11/24/6-killed-in-head-on-bus-crash-in-tamil-nadu-cm-stalin-announces-compensation.html"
,"https://moneycontrol.com/automobile/tragic-accident-deeply-saddened-by-loss-tata-motors-on-fatal-harrier-ev-accident-in-tamil-nadu-article-13480984.html",,"Up to ₹50 lakhs | Starts at 9.99%
Terming the fatal accident in Avinashi, Tiruppur (Tamil Nadu), involving the recently-launched Harrier.ev as ""tragic"", Tata Motors has said that it is currently gathering all relevant facts.
According to multiple media reports, which Moneycontrol could not verify independently, the accident occurred on August 14, claiming the life of a man. A CCTV footage of the accident is also available on multiple social media platforms.
There are unverified claims that the Summon Mode of the Harrier.ev got engaged. This feature allows the electric SUV to drive forward or backwards on its own for a short distance (12 metres). It is basically provided for ease of parking in tight spaces.
The CCTV footage of the accident shows that the Harrier.ev, parked on a slope, rolled backwards, with the driver-side door still open. It looks as if the now-deceased person tried to enter the vehicle. However, he was dragged backwards with the vehicle. He fell on the ground and allegedly sustained a fatal head injury.
Reacting to the accident, Tata Motors said: ""We were informed of the tragic accident and are deeply saddened by the loss. Our thoughts, prayers, and heartfelt support are with the deceased's family. We are currently gathering all relevant facts.""
""Preliminary observations from video shared online/on social media suggest that the vehicle may have rolled back from the top of a slope due to gravity and ricocheted after striking an unknown object, suggesting that the motor was not engaged. The vehicle remains with the family and has been driven since the incident, and we have not yet had the opportunity to inspect it,"" the company added in its official statement.
The Harrier.ev is priced between Rs 21.49 lakh and Rs 30.23 lakh (ex-showroom). t is available in both rear-wheel-drive (RWD) and quad-wheel-drive (QWD) configurations. There are two battery packs on offer -- 65 kWh and 75 kWh.
The RWD version has a single motor at the rear, delivering 238PS of maximum power and 315Nm of peak torque. The QWD version has a motor each at the front and rear, generating a combined 313PS of maximum power and 504Nm of peak torque.
Depending on the variant, the Harrier.ev has a claimed range from 538km to 627km on a single full charge.
Discover the latest Business News, Sensex, and Nifty updates. Obtain Personal Finance insights, tax queries, and expert opinions on Moneycontrol or download the Moneycontrol App to stay updated!
Find the best of Al News in one place, specially curated for you every weekend.
Stay on top of the latest tech trends and biggest startup news.","2612","CBMi7AFBVV95cUxPVmFMdkhobVlJUWNqQjk4RUpIX1FBU01SZUtlcWVPUER3c05Wa0Y0MmhnMk54VTJFSnNET0ZfRHJtWUx2Y1Q4OWdWeGs2T3d3NEFwb3ExbmtMdERvYVBIeGxhSEdVbkU2VHc1RWo2RmpOZHluVlRFMVMwaFRCX1phTXJpakc1ZGdNWDIwN0FQdmZMQkxIcXNnaFgtS2QxNXZKY3RfaC1iUHJjalJrWHZmUUJKd2xlQVhZRjdhRlBOZG9JYWw2ci11N09GQUh4NERwd3VjeU80SF9PNldZZzlzZWg4TlljNDg2d3czd9IB8gFBVV95cUxQS3BRS3R0aDF4cG9CbE4ya1BnWUhya25zcGswS3hiU28waXltbjVSY3p4N3luRmgxQkpMcThITHZXSTlUQkJxLVpVVVZELW1SVFZkRG9zUUxHalFaWXhDc3dLLU5rejNuUF9hWGpkaHhIM0RUWDRiN1lIVGRqcFN4N1pqWm1ockUxdm5uM1BqVnlCdWd1QmwtUEpKZjllSE52NGNkUDJvN3BMSFQtMFFLV2Y2NVNCQWFzbWViT3hveGFoV1hUSzBsN0ptNWlhVXJDQldHTzhzeENrNHBXWHV5djllOW9yc3FwTmhIc012NHpSdw","",,"2025-08-22T07:00:00+00:00","""fatal accident"" ""Tamil Nadu""","true","2026-09-24T17:31:47.176695+00:00","google-news","moneycontrol.com","Moneycontrol.com","Tragic accident, deeply saddened by loss: Tata Motors on fatal Harrier EV accident in Tamil Nadu Moneycontrol.com","Tragic accident, deeply saddened by loss: Tata Motors on fatal Harrier EV accident in Tamil Nadu - Moneycontrol.com","https://www.moneycontrol.com/automobile/tragic-accident-deeply-saddened-by-loss-tata-motors-on-fatal-harrier-ev-accident-in-tamil-nadu-article-13480984.html"
,"https://thebetterindia.com/web-stories/tn-man-free-ambulance-meals-virudhunagar-durai-prithviraj",,"Losing His Brother Inspired Him to Offer Free Ambulances & Feed 1.5 Lakh People in Tamil Nadu He Lost His Brother to an Accident. Now He Runs Free Ambulances in TN
Losing His Brother Inspired Him to Offer Free Ambulances & Feed 1.5 Lakh People in Tamil Nadu
9 May 2025
In 2008, Durai Prithviraj’s younger brother met with a fatal accident near Aruppukottai, 20 km from their home in Tamil Nadu’s Virudhunagar district.
“There was no ambulance or hearse van nearby. I had to pay a large sum just to get his body home and conduct his last rites,” recalls Durai.
Haunted by this, Durai kept thinking: What would poor families do in such a situation? That thought stayed with him for years.
After graduating in 2011, Durai became a village administrative officer. From his modest salary, he began saving every month to buy a van.
“I’d save almost 50 percent of my earnings. I also spent from my own pocket to help people with food, clothes, medicines and more,” he says.
In 2018, he bought a second-hand Omni for Rs 1.8 lakh. He raised more funds to modify it with a bed and first-aid kits to run as an ambulance.
“We offer free rides to those who can’t afford it. Those who can, give what they wish. It helps with fuel and maintenance,” says Durai.
His NGO, Rajesh Udhavum Karangal, now runs three free ambulances helping people within 40 km — sometimes even up to 100 km away.
Inspired by his work, donors began supporting him. One even gifted a second-hand van, now named ‘Aandalammavin Thunai’ in memory of his grandmother.
Durai also converted part of his home into a shelter. Volunteers help cook and serve three meals a day to hundreds of people.
So far, they have provided over 1.5 lakh free meals to the underprivileged through Rajesh Udhavum Karangal.","1757","CBMingFBVV95cUxOMXZNZmpxbWhxR054cEF1bmd0OUJJYVBKVFpEUzh4dVI0UUpuVjB1SmN5MG9EMVJ0NGtlQjNBT1dQTDJ2ZlBIbWFrZWlVOUx2TE9UUVdNNTZUT0NhYWFobHd0eW80NlFSV3Q4TzBnSld1US1MWFhreTRfMDkyQkZQTXVWQVhyV3gxck44QzZYekxSX1oxMlRIZnN2TnFVUQ","",,"2025-05-09T07:00:00+00:00","""fatal accident"" ""Tamil Nadu""","true","2026-09-24T17:31:47.176943+00:00","google-news","thebetterindia.com","The Better India","He Lost His Brother to an Accident. Now He Runs Free Ambulances in TN The Better India","He Lost His Brother to an Accident. Now He Runs Free Ambulances in TN - The Better India","https://thebetterindia.com/web-stories/tn-man-free-ambulance-meals-virudhunagar-durai-prithviraj/"
,"https://thehindu.com/news/national/tamil-nadu/nine-killed-in-car-accident-near-perambalur/article23846337.ece",,"Nine persons were killed after two cars collided near Perambalur on the Chennai-Tiruchi national highway in the early hours on Friday.
A group of persons were proceeding to Kodaikanal from Kancheepuram in a car when the fatal accident took place near Perambalur Four Roads Junction.
Police sources said the accident took place when a car proceeding towards Chennai hit against the road median, careened to opposite carriageway and hit the car proceeding to Kodaikanal.
Nine persons died on the spot under the impact of the collision. Among the dead were a boy and two girls.
The Perambalur police are investigating.
Published - May 11, 2018 09:28 am IST","653","CBMiswFBVV95cUxNYkphZzdVRDF1VVFHY2luczNPenpxanpKdk4tTFBGZmk2dFJad3pSc05iNTZFM2ZobE81eTFhblVuNlRQS19WYVh2R2s1OXVOUkxMUWtyeGJJWkh4SV9YMzVxamhuOTR3LXB1T3p4UUpCUWJ4dE82V0h6cFJmalcyLVRzTUYyVjRfM1NFMWwzTXBTVTdNV0duWWpWT1o1OGdOdXdiU3F2X1hLVUhJcTBRYnQ2SdIBugFBVV95cUxNTTY4bmtBTGhBN3JjS3BuTEZUUW1zRVp2WWtRTDZyTVB5R0Y0R1J4ckxlazFFbHBpU3h1MXVFRDJCMmtNamNrOHh6RFZYaTdXaXRyODNJQXJuY0Q4d25VSnVNWDVwMzdqRFFvakVrQlp0Wm1BRHdld0Fjel9SMERsRml5SUdLbXBfT29ORnNXMGhjR2VJY2JDV01tQ3FHTTFGTXhTLVRubzMteDhmWW1SSlBzWk04TE1QMXc","",,"2018-05-11T07:00:00+00:00","""fatal accident"" ""Tamil Nadu""","true","2026-09-24T17:31:47.177164+00:00","google-news","thehindu.com","The Hindu","Nine killed in car accident near Perambalur The Hindu","Nine killed in car accident near Perambalur - The Hindu","https://www.thehindu.com/news/national/tamil-nadu/nine-killed-in-car-accident-near-perambalur/article23846337.ece"
,"https://frontline.thehindu.com/news/railway-safety-level-crossing-upgrades-tamil-nadu-accident-vaishnaw-announcement/article69795854.ece",,"Following the deaths of three children when their school bus was hit by a passenger train at a manned level crossing in Cuddalore district of Tamil Nadu on July 8, Union Railway Minister Ashwini Vaishnaw announced that all manned non-interlocking level crossings in India will be converted to interlocking level crossings. This will be a challenging task, given the vast numbers of such gates in the broad gauge section and the Railways’ safety track record.
An interlocking network locks the gates to the signals and is a crucial safety system. Non-interlocking gates are not connected to the signalling system, requiring a person to open and shut the gates to allow a train to pass through safely. There are 17,083 manned level crossings on the broad gauge network, according to 2024 Railway data. Even on national highways, 417 manned level crossings are yet to be eliminated, according to a Railways Standing Committee report of 2024-25.
Also Read | Three major rail accidents in three years: What is the government doing?
Vaishnaw made the announcement when he reviewed “critical Railway safety issues” on July 9, the day after the Tamil Nadu incident, when a decision was taken to implement 11 key actions regarding level crossings. The Minister also wanted CCTV and recording systems installed at all level crossings.
Implementation challenges
While the announcement is welcome, implementation might prove far more difficult. Only in 2019 was the task of converting all unmanned level crossings on broad gauge to manned crossings—a critical safety issue in India—completed. According to data the Railways Ministry presented in Parliament, between 2014 and 2019, 8,948 unmanned level crossings on the broad gauge network were eliminated by manning, closure/merger, or construction of road overbridges/underbridges. Despite its top priority, the task took five years to complete.
According to Indian Railway data, of the over 17,000 manned level crossings in the broad gauge network, the largest number, as of April 1, 2024, is in Uttar Pradesh, at 2,889. Bihar takes second place (1,786), West Bengal (1,635) and Gujarat (1,432) come third and fourth, while Tamil Nadu with 1,285 is fifth. The budget allocation under the head “Road safety level crossings and Road Over Bridge/Road Under Bridge” for 2024-25 (Budget Estimate) is Rs.9,980 crore.
In August 2019, The Hindu reported that Southern Railway planned to interlock all manned level crossings. “In 2020-21, Southern Railway will take up interlocking of manned gates in the Tiruchi and Madurai divisions... To start with, engineers plan to completely convert manned level crossing gates in the Chennai, Salem and Palghat divisions by the end of this financial year [2021-22].”
The July 8 accident occurred in Cuddalore, which is in Tiruchi division. Clearly, the task set for 2020-21 was not undertaken.
In December 2024, in response to an unstarred question in the Lok Sabha, Vaishnaw said: “As of 01.04.2024, there are 17,083 manned level crossings on the broad gauge network of Indian Railways... Sanctioning works of road overbridge/road underbridge in lieu of level crossings is a continuous and dynamic process of Indian Railways. Such works are prioritised and taken up on the basis of impact on safety in train operations, mobility of trains, impact for road users, and feasibility.”
The Minister further stated that between 2021 and 2024, the number of road overbridges and underbridges constructed was 3,139. As of April 1, 2024, 4,200 overbridges and underbridges were sanctioned, at a cost of Rs.92,692 crore.
The Minister also detailed the steps taken by Indian Railways to minimise rail accidents at level crossings. He said level crossings with high rail or road traffic were being interlocked with signals to enhance safety; that inspection drives were being launched periodically to ensure availability of basic infrastructure at level crossings such as whistle boards, road warning boards, and speed breakers; and that awareness campaigns and safety slogans were being used to spread safety consciousness among road users.
Also Read | Kanchanjunga Express train accident a result of failure at all levels of Railway hierarchy
The Cuddalore accident is not isolated. On June 22, a goods train hit an autorickshaw at a manned level crossing gate in Rajasthan. A 2023-24 report of the Standing Committee on Railways presented in Parliament in December 2024 noted that it was the stated aim of the Railways to eliminate manned level crossings to enhance safety and mobility. “The feasibility of these projects relies on various factors, including State government consent for level crossing closures, availability of land for approach roads, and public support,” it said.
In a statement released on July 8, Southern Railway said that it had sanctioned a fully-funded underpass on the gate where the accident occurred, but that for the past one year it had not received the Cuddalore District Collector’s permission to proceed.
The blame game between Tamil Nadu and the Union government has begun over who shares major responsibility for the tragedy.","5125","CBMi0gFBVV95cUxNWEg5dlpiRnhOTnVTZXNJdE96RlhTQkxKMV96RDJOcmtEcG1NYlJPWU5vRXIzOEhOeHBUQzBfVGZubFBjUFRHSEYzZE1uaW9KbUxiSnBYdzJyMlRqQ0plUWVLaTZreGN4b3I2VU4tVEg1bWtwZjlDSVJlU0tRdFlVc2ttOXJfRTNJMmxIWFlkd0xVc3FKeXdySWgzMF9ZVTB0M2FFcThGODVPLVhMWkF0WnItUHNDZ3pISkpjR18yNXZ4U1JDWWxTRGdsX0Y4dllRU1HSAdgBQVVfeXFMUEw2MkxYblozU2hRZ3E5bDBUdnBuakp0NzhHMTUxRE9DMzh1MzJSZHIyUk5CWE1qNTR5MTJma0czcG1GekR1ckFWTUJKRHZnXzBST3RtY085UDRHS19oa2h2bEYwY3p5UDhiUmtKUC1rUlZBWHdIWEdvZUd4UDRMaHhqd1V4OUhIbmRFVlJQYTRzQUh0bHRncEZxYjlvUmQ0WC1kV05ROGREZXZZcGxNWGpJXzVkVG9ZakpZa3k4RnhWdk9FbUtCc1N0dVo5eWV6Y1JYQVRYVVhW","",,"2025-07-10T07:00:00+00:00","""fatal accident"" ""Tamil Nadu""","true","2026-09-24T17:31:47.177314+00:00","google-news","frontline.thehindu.com","frontline.thehindu.com","Railway Minister Promises Level Crossing Upgrades After Children Die in Tamil Nadu Train Accident frontline.thehindu.com","Railway Minister Promises Level Crossing Upgrades After Children Die in Tamil Nadu Train Accident - frontline.thehindu.com","https://frontline.thehindu.com/news/railway-safety-level-crossing-upgrades-tamil-nadu-accident-vaishnaw-announcement/article69795854.ece"
,"https://indiatoday.in/india/tamil-nadu/story/cctv-viral-tata-harrier-ev-accident-in-tamil-nadu-reportedly-claims-mans-life-tata-motors-issues-statement-2775226-2025-08-22",,"Tata EV 'in Summon Mode' knocks man down, CCTV captures fatal accident
Tata Motors expressed condolences after a tragic accident in Tamil Nadu's Tiruppur district, where a man named Senthil reportedly died in a Tata Harrier EV mishap. The SUV, reportedly in Summon Mode, rolled back outside his shop, fatally striking him.
A man named Senthil in Tamil Nadu reportedly died after being run over by a Tata Harrier EV outside his shop in Avinashi, Tiruppur district. Senthil, who ran a baniyan shop, had purchased the car just two weeks ago.
The incident occurred while he was attempting to board the vehicle, which was reportedly in Summon Mode, a feature that allows the car to move forward or backward remotely using the key. The SUV had been parked on an incline without the handbrake applied.
CCTV footage of the incident, dated August 14, 2025, at around 5:53 pm, was widely circulated on social media, showing the vehicle rolling back with the driver’s side door open, fatally striking Senthil as he attempted to board it.
Locals and eyewitnesses said that the vehicle was in summon mode, while Tata Motors stated that the motor was not engaged and the accident may have occurred due to the slope’s inclination and gravity.
The following video contains graphic content showing the accident. Viewer discretion is advised.
“Preliminary observations from video shared online/ on social media suggests that the vehicle may have rolled back from the top of a slope due to gravity and ricocheted after striking an unknown object, suggesting that the motor was not engaged”, said the company.
Tata Motors also noted that the Harrier EV remains with the family and has been driven since the incident, while the company has not yet inspected the vehicle.
""We were informed of the tragic accident and are deeply saddened by the loss. Our thoughts, prayers, and heartfelt support are with the deceased's family. We are currently gathering all relevant facts,"" the statement read.
The Tata Harrier EV was launched in India on June 3, 2025. As per Tata Motors’s website, the Harrier.ev’s Summon Mode “enables you to remotely summon Harrier.ev in forward or reverse direction, perfect for tight spaces.”
The feature is part of the SUV’s advanced convenience suite, allowing drivers to manoeuvre the vehicle in and out of confined spots without being inside.
A Reddit post, apparently made by a relative of the man who died, claimed ""Brand new Tata Harrier EV summon mode malfunction led to my relative's death (Head injury) - Legal action yet to be taken.""","2546","CBMihAJBVV95cUxOcUo3TFQ0aEJtUFNRT0tGWG5UcXMtdDNmV0ZRd3BQUlFpeXEzTFA1QkdoWlA1S05uNEhteE5ZdHlMRkdJLV9HOEFteFZVcVFXQVRZNFRhVWMycjN2Mk0tNllNYXUtcTVSdnVmaEFEcjBEVF9PZERuTFRTVWF0OVZ6SnY3QlFFSVB2MTRoZmRXcHJidGxlbmxMNlI4ZW9yZUxCTWtHMlZ6c1M4bmw5bEZ0UFJWMkFJOVJKbWFYaFBwaVJoSzRWZnp6b1NvbU0zMk9aNmFreU9GX3JIc2h4TXdUbEZYLU5BUzVRY0VYVHloSENKdmxWSXE0OGltc1NIZ2JIR2xmVdIBigJBVV95cUxPSzZ5ZlV2WVJrdkdrUDN1dFU0RzdyY2QyTU5FTXlXTDFxdGlRZkJwcmhlaVFLRWxiTmtRTnp0aUpWLXhFM1VjRnlsLTNKRTBfeFVWb2VzbllSU1hWUTlWeUhrUEFfX2hEQlcxak9QOHRTNEY5Sm5QVDJJak44MFNHWEl6VWMzcllLMGh2RjVrNFM3Q21td0toLVlsaU9QY0ExTVo2ZFRZQzR2QVFzM0pyeGxCVjdyOUVaTjJlWHpsWktzMGt3bzUwTm02UEdQLXgtQUFWMnFzWkRjUUM4MWRSUUk3SUpMWmpxNTF1RFVKampPX3Nsc1VWTUNmYkN6WVAxM2ZSLWNDUjRkZw","",,"2025-08-22T07:00:00+00:00","""fatal accident"" ""Tamil Nadu""","true","2026-09-24T17:31:47.177397+00:00","google-news","indiatoday.in","India Today","Tata EV 'in Summon Mode' knocks man down, CCTV captures fatal accident India Today","Tata EV 'in Summon Mode' knocks man down, CCTV captures fatal accident - India Today","https://www.indiatoday.in/india/tamil-nadu/story/cctv-viral-tata-harrier-ev-accident-in-tamil-nadu-reportedly-claims-mans-life-tata-motors-issues-statement-2775226-2025-08-22"
,"https://thenewsminute.com/tamil-nadu/five-family-die-car-accident-tn-driver-suspected-have-slept-wheel-128871",,"Five persons from a family including an eight-year-old girl and a car driver were killed in a fatal accident near Tindivanam, Tamil Nadu on Thursday. Two children who travelled with the family sustained injuries. The Chief Minister of Tamil Nadu Edappadi K Palaniswami announced a solatium of Rs 1 lakh to the kin of the deceased.
According to the police, the accident occurred during the wee hours on Thursday at Pathiri village near Tindivanam, about 38 km from Villupuram and all the six bodies were taken to the government medical college hospital for autopsy. The two injured children aged four and nine were being treated at the same facility, the official said.
""It appears the driver slept moments before the mishap at about 5.15 am when the vehicle was on the highway in the periphery of Pathiri village,"" a police official at the jurisdictional police station told PTI quoting an eye-witness account. As soon as the vehicle hit the tree, the driver lost control, he said.
The family, belonging to a village in Tirunelveli district, were on their way to Kancheepuram where they own a business.
Chief Minister K Palaniswami, condoling the deaths, announced a solatium of Rs 1 lakh each to the kin of those dead. Expressing grief over the accidents, he said, in another road mishap in Pudukottai district, three men died on the spot and the families of these three men would also get an assistance of Rs 1 lakh each.
The Villupuram and Pudukottai district administrations have been directed to provide all necessary assistance to the families of the dead and extend best medical treatment to those injured, he said.
An amount of Rs 50,000 would be provided to severely injured and Rs 25,000 for minor injuries, he said in a statement.","1741","CBMiswFBVV95cUxPVkItVEZqOGZYaHpBeEwzLVIzeXRNY19HeUxFVGxTYmpMcTdEeVktWE1EZl9BTjhFVVpfZ3JWQ00tcWZQQXJjMzFYVGgtcTZhUXV2aldvSS1CRFdheEV2TDZtWlFJY1gzeXR1RHVkajZfdUdjNTV2VjRrajh4bm9OX2NRVzU0OENRTE9UYnNWQmdZaHpmSU1oQjNwZE1raGxnY1hOT3F6SEFBNHhVdUFrUUhtMNIBwAFBVV95cUxQUUhhd3N5dENpZGcxSDBLTTdHVm9mcktvX0tjQjBvUk9LTnMyZTMzYmRsTW9SWGVFT3ltdlBIVE5TMEFTMVFEeEE4Z3gzSzdTWFVWRHY0TVpkRWtiekpYU1ZZdGpZSlpKUUlRNVhmRmUyVjFZUUgtRWdJZ3FyVGdhRlJ4MzJQUTM1b01tdDhyNU0yU282VDFGVmhGeEIzZlliaTRSdkZRZEtrZEd1eDZhaDQtTnpQVVViUml6emZPVHM","",,"2020-07-17T07:00:00+00:00","""fatal accident"" ""Tamil Nadu""","true","2026-09-24T17:31:47.177494+00:00","google-news","thenewsminute.com","The News Minute","Five from a family die in car accident in TN, driver suspected to have slept on wheel The News Minute","Five from a family die in car accident in TN, driver suspected to have slept on wheel - The News Minute","https://www.thenewsminute.com/tamil-nadu/five-family-die-car-accident-tn-driver-suspected-have-slept-wheel-128871"
,"https://indianexpress.com/article/entertainment/malayalam/shine-tom-chackos-sister-remembers-their-father-days-after-fatal-accident-10070197",,"Click here to follow Screen Digital on YouTube and stay updated with the latest from the world of cinema.
Shine Tom Chacko’s sister remembers their father days after fatal accident: ‘We were never scared of you; we fought with you’
Shine Tom Chacko's father was killed in a car accident in Dharmapuri, near Salem in Tamil Nadu, while travelling with his family.
Days after their father, CP Chacko, died in a road accident, one of actor Shine Tom Chacko’s sisters shared a heartfelt note on social media, remembering him on his birth anniversary. In a collaborative post with her siblings Shine, Joe and Sumy, Riya Mary described Chacko as their “guardian angel” and expressed love and admiration for his efforts to always be the best father and the best version of himself.
Sharing a photo of him, she wrote on Instagram: “You were always loud… always energetic… always full of life… you always reached out first… We were never scared of you. We shared our sorrows with you, we fought with you, we cared for you, we loved you, and you have always remained the same.”
Acknowledging that he, like any human being, had his flaws and made mistakes, Riya wrote that this never stopped him from striving to improve as a person. “You were not perfect, you had flaws, you made mistakes… But you always tried to be the best dad… Always tried to be the best version of yourself. For the last few years, you showed us how much a father can fight for protecting his own family. You fought for us, for our family, you lead all of us. You were the light which guided us.”
She added, “You never let us down. You were always proud of us. You are the strongest dad, the strongest person we have ever seen in our lives. You are our guardian angel. You always will be. Happiest birthday, Daddy.”
Only in SCREEN | A Telugu-born actor became Malayalam cinema’s ‘Tragedy Queen’; brought home its first National Film Award for Best Actress and outshone her peers
CP Chacko was killed in a car accident in Dharmapuri, near Salem in Tamil Nadu, while travelling with his family. They were on the way to Bengaluru in Karnataka for Shine Tom Chacko’s treatment when a lorry coming from the opposite direction collided with their car. Chacko died on the spot, while Shine, his mother Mariya, brother Joe and their driver Aneesh sustained injuries. He was laid to rest at the Mundur Parikarmala Matha Church cemetery on Monday.","2398","CBMi2AFBVV95cUxNNVJhQWNOQzNtMi1uZ2d1R3BaRzk0YUpqZTFib2haLUxPQmE5bWxhcmh5aU5JWlVpYmg3TDdveDdyaXZLZnhuaW50UzhwazZsQTQ2Qmo4NUxFMG5VQ1J5UlRHaF9rVTRsUDBYUXk1ajZtVkk5ZFN1eFRyaWhHdWcycnFEcmcyZkpXWkNJRG1SUGYwNnU2aThkeXNGeDlvbU14VV9MNW10TXhmejNQZmlZSHFWb0llVllPVjkzcldSRU1GTDZ6N3hRZ3ZqMERVU2M5NG1WdS10cXrSAd8BQVVfeXFMUDVrS29aN3F2bjNmRUZOZUpIdE1WMFhkZE1qQVdHV2tXU2NCNm1sVERWWm1PRzdmdThaQUx0N0RWa3k0WVkxTXdTa0RFOGQtZTBnSW03blFMaVFMbGVFN1BqODRsZEFwQjBEci1ESnMwSTBGMVRoSzdCdnZDS3Y2WGhBWHdjbkRicnJrT25kRkRwa3RncDhwRVVXYlJPcTVHQ2FBWllUVng2dThmS09XaTlyd1REQjR4b185c2pfbG5ON3VSc0ZkNUdrOWdGZHNSbFl0by1hazR3aWs0cVJlcw","",,"2025-06-16T07:00:00+00:00","""fatal accident"" ""Tamil Nadu""","true","2026-09-24T17:31:47.177596+00:00","google-news","indianexpress.com","The Indian Express","Shine Tom Chacko’s sister remembers their father days after fatal accident: ‘We were never scared of you; we fought with you’ The Indian Express","Shine Tom Chacko’s sister remembers their father days after fatal accident: ‘We were never scared of you; we fought with you’ - The Indian Express","https://indianexpress.com/article/entertainment/malayalam/shine-tom-chackos-sister-remembers-their-father-days-after-fatal-accident-10070197/"
,"https://thenewsminute.com/tamil-nadu/seven-dead-fatal-accident-chennai-bengaluru-highway-involving-three-cars-66371",,"Six people were killed and eight others critically injured on Sunday in a road accident on the Chennai-Bengaluru highway in Vellore district. Two women are reported to have been among the injured in the vehicle pile-up, involving three vehicles.
The tragedy occurred at Nandiyalam in Vellore district. All the injured were taken to the Vellore Government Hospital and Christian Medical Hospital.
According to eye-witnesses, around 3.30pm, a Tata Indica and a Mahindra Scorpio collided with a Mercedes Benz coming from the opposite side, instantly killing four people on the spot. Two others died later in the hospital.
The Benz car which was going from Bengaluru to Chennai had moved on to the wrong side of the road in order to avoid hitting a two-wheeler which had abruptly stopped just ahead of it, said a Thanthi TV report. An eye-witness, D Ashok Kumar, a native of Rathinagiri, also corroborated this to Times of India. The speeding car, however, hit the two-wheeler and swerved into the opposite lane and collided with the Scorpio heading towards Bengaluru, and the Indica which was behind the Scorpio rammed into it and fell into a pit.
According to the Times of India, the deceased were identified as Lakshmiprabha, Bhagyalakshmi and Govindaraj of Bengaluru who were travelling in the Scorpio, Charlie Ratinaraj and his brother Gnanaraj of Kancheepuram who were travelling in the Indica, and Ravichandran, a two-wheeler rider and resident of Nandiyalam.","1462","CBMiuwFBVV95cUxOejVBQUNSOWhxSllaMUFEYy1qVU9uRjMxemREclZMR3g4TzBpZWlrLTZiSDdyVDZBaTBQNlI4bVRtRU1pTTl0ZUpRcDBnMlBSai1iY1ZvdGh6WnA0VkJMdnRmYW14SGZMdXBRY1FpWDFlUThGb20xU1gwQmFDU1dsNEl6ZUlWMlNSX0VNMnJiWHhaNmlta0g2V3Vub3JqOEMtbVFZM09nQ3FZVjBuc3JGbFhuRmpVdGhXdTBR0gHIAUFVX3lxTE5rYnNsWUVfcU5ZXzBNdW5KQVZCQS1adHROd2F4WnVfYTJwaFdMTDBiRHF0aU9XSm1TYVBNTF8yNEFqUnhVUWZldUdJYWJYYWZHQ1M3eUpXQm1Sa0l1ZkRTSDJjRVhwbkViemczVEJsb3htdDQtVDdTU3ZLUFF5bVpHWXlRTUE1QmVmNl9BTzc2Z2owb2JJT2Q1b2FYbGxXd1ZEbHNOQWJ6R3VXcUFNVVZ2S3VLT2RRWWMyZ2lzNWQ2MkYzRklPOWlR","",,"2017-08-06T07:00:00+00:00","""fatal accident"" ""Tamil Nadu""","true","2026-09-24T17:31:47.177671+00:00","google-news","thenewsminute.com","The News Minute","Six dead in fatal accident involving 3 cars on Chennai Bengaluru highway The News Minute","Six dead in fatal accident involving 3 cars on Chennai Bengaluru highway - The News Minute","https://www.thenewsminute.com/tamil-nadu/seven-dead-fatal-accident-chennai-bengaluru-highway-involving-three-cars-66371"
,"https://timesofindia.indiatimes.com/city/bengaluru/egg-attacks-target-kerala-buses-near-bidadi-karnataka-cops-deny-link-with-fatal-accident/articleshow/133250572.cms",,"Bengaluru:
 A week after a fatal accident in Bidadi involving a Kerala State Road Transport Corporation bus, a second bus survived another mishap along the same stretch of Bengaluru-Mysuru expressway. The Kerala bus, coming from Kasaragod, encountered an egg attack while it was crossing Bidadi around 9.30pm Wednesday.
The bus driver stopped the vehicle as there was no visibility through the windowpanes as egg white blocked his vision. Following the incident, the driver filed a complaint with Bidadi police station. “We are taking legal advice before proceeding with the FIR,” a cop said.
Local activists claim that egg-throwing at Kerala buses is “not an isolated incident,” with those who visited the fatal accident site claiming there were remains of egg shells along the wreckage.
Karnataka police have denied any link between egg-throwing and the Kerala bus accident that left a driver and a conductor dead last week.
In a petition to Karnataka’s home and transport ministers, Shihab Thangal Centre For Humanity, a city-based NGO, stated that a series of alarming criminal activities had occurred on the Bengaluru-Mysuru expressway, specifically targeting Kerala buses. “It is deeply concerning that this incident occurred in the same vicinity where a fatal accident involving a KSRTC bus recently resulted in the loss of lives of a driver and a conductor.
 We fear that these deliberate acts may be part of a larger criminal strategy,” MK Noushad, general secretary of the organisation, said.
Kerala transport minister CP John stated that a probe has been ordered to find out the cause of the egg hurling.","1615","CBMi-AFBVV95cUxOUnJqeVB2WHp5RHlFcEp1VDFvZ0JidGxuNTM1ZlZlS2UxZHAyRkpFc25qRGQ5MlpfT09ObU9FYWd1aXdoOGp4QTlCRUQ3S1JoVHNxNDYtZVVJY1BQRnROdEZhUmVQanFwSzRDdDd0cVhRUElTbUoydkFHMGNnb1BmQ1lqNjkxdGRFZDRLTTl4ektHbGFUUU9xUUpHdk1TX2tXVWFXMmQ0MmhFa3RTME5aSmNOYVBKbjJtWDJGU2tvS2RQbGQxVHpIZTVGaDBMYzdjQnNHZ3hVMlFZeUZkdHJDQXY5UlktMVpFd1BEZzR5OVdiNVo0RzlLZNIB_gFBVV95cUxNVUhUd2dmUXRsZnR6QkE2VjJ3ZDBHdG5ZSE95Ulp2aVZpSnhzb3ZOdTN6SjdaUGJ2cV9LVUZid3hTQlVXYmFqd3VuaWQ3VHZFZ2h3SlA3cUp1RUhNTnFUcGRTQ0c2NzJBSU9Kby1tZjFmVzRoZnFsNnNCdjF6NlRFNmZOaHBPNDFHLWRoUUJKX2UtdEN1ZjF6cHJralJfcG4wWURrVXo5eWRYNVZOVnpKelFSQnQxemdtbnAyRkxVa2FOeWo1YkFpd3ZNNVQtUkdMdU5PWS1CX2FmR196ZWZ1THFaeGdXTGZsWm9UM3lMbDc1N1NsZEtBblBjRXV6Zw","",,"2026-08-15T07:00:00+00:00","""fatal accident"" ""Tamil Nadu""","true","2026-09-24T17:31:47.177918+00:00","google-news","timesofindia.indiatimes.com","The Times of India","Egg attacks target Kerala buses near Bidadi? Karnataka cops deny link with fatal accident The Times of India","Egg attacks target Kerala buses near Bidadi? Karnataka cops deny link with fatal accident - The Times of India","https://timesofindia.indiatimes.com/city/bengaluru/egg-attacks-target-kerala-buses-near-bidadi-karnataka-cops-deny-link-with-fatal-accident/articleshow/133250572.cms"
,"https://thenewsminute.com/tamil-nadu/subhasri-shubashree-death-cctv-visuals-show-fatal-accident-was-waiting-happen-108869",,"Barely hours after Subhasri was cremated amidst inconsolable wails from her loved ones, the CCTV visuals of that fateful afternoon have been released. The visuals show the accident and the subsequent efforts by bystanders to pick a bleeding Subhasri up and take her to the hospital.
The video footage, which was released on Friday evening, shows how the accident happened. In the 1.10-minute-long video, it can be seen that a flex board, fastened at only one end, swinging precariously, as it is mounted on the median. The wind makes the flex board flap vigorously. At one point, it unhooks itself from the wooden post and flies onto the road only to block the path of Subhasri’s scooter. For the driver of the water tanker which was behind Subhasri’s scooter, it happened in a matter of microseconds. She was crushed under the wheels of the tanker, after being hit by the flex board.
In the second video, which is around 1.17 minutes long, a group of men slowly walking carrying what can only be understood as an injured Subhasri to the side of the road. Some of the men then try to stop a few passing vehicles by showing their hands. A goods carriage vehicle then stops near the men and they then hoist Subhasri into the carriage and drive off fast.
Subhasri was taken to Kamatchi hospital on the Pallikaranai radial road where the doctors tried to treat her injuries. However, in an hour, she succumbed to her injuries. Her body was then shifted to Chrompet Government Hospital for autopsy and handed over to her family on Friday.
The death of a young woman due to the carelessness of the officials and politicians has sparked massive outrage on social media, with a lot of users slamming the government of Tamil Nadu, the police and the Chennai Corporation for failing to implement the Madras High Court order banning such flex boards. The Madras High Court on Friday ordered the state government to offer a compensation of Rs 5 lakh to Subhasri’s family and has directed the government to recover the amount from the erring officials responsible for the fatal accident.
The High Court also direct the state government to take disciplinary action against officials who allowed the erection of such banners and flex boards.","2226","CBMiwwFBVV95cUxPVE8zMlc3U2JjRHZodFZOOXpBYVBkNktZWnczVmhXaW1pOHI1TVdsR3VOMFQ3bGFfck5yZFdYQXRkNmNfbDhLVWswaW1QaldRYXdBQk5CUDcwZ2FHZUZjeG9SazJrRWdwS2ROMUZzRndaaTZTTWFNajZwWkFSazliR1d3UFJzbUQ5WDMySHU3OGhkbjhKakN3elZCQlZOa2M3ekpzMzcwYm5tX05wU0c1Zlh6WXBiQjRyei0zSXZJMjJEODDSAdABQVVfeXFMTXVOa0JISGVuQ3ZhZGpsd3NXM3B2aWx4cXdRbTBmcXFUcU5ZbVA3dTlGYUxGTXlSVmhXS0RXZHZoemRNRVZzbjZrMDBORWVCdUlPWjc4bGYxcDNOOHRrSkp3empiTHVPOVduRlpUOHhRdmJ3MEdVV0w2ZkZLR0tGdzlER3BSM3lkZ1JSelpIQjctZ2RvMGZYTVF6bWdubFd5S0VCb3Z2azJHRGt6cTdyRC1iX05nVDhmakdkaFRkenhHMnY5NERMU2ZpX0RVcFM2Tg","",,"2019-09-14T07:00:00+00:00","""fatal accident"" ""Tamil Nadu""","true","2026-09-24T17:31:47.177994+00:00","google-news","thenewsminute.com","The News Minute","Subhasri death: CCTV visuals show fatal accident was waiting to happen The News Minute","Subhasri death: CCTV visuals show fatal accident was waiting to happen - The News Minute","https://www.thenewsminute.com/tamil-nadu/subhasri-shubashree-death-cctv-visuals-show-fatal-accident-was-waiting-happen-108869"
,"https://indianexpress.com/article/entertainment/malayalam/actor-shine-tom-chacko-on-fatal-accident-says-he-got-30-stitches-10095539",,"Click here to follow Screen Digital on YouTube and stay updated with the latest from the world of cinema.
‘I called out to dad, but he wasn’t responding’: Shine Tom Chacko on fatal crash, says he got 30 stitches, cracked his back
For the first time, Shine Tom Chacko has opened up about the tragic accident that injured him and took life of his father, CP Chacko.
Actor Shine Tom Chacko was involved in a serious car accident in Dharmapuri near Salem, Tamil Nadu, in June. The actor lost his father, C.P. Chacko (73), in the accident. Photos and videos of a heartbroken Shine bidding farewell to his father had surfaced on the internet. Now, for the first time, the actor has opened up about the fatal incident and how he is coping with his father’s death.
‘I opened my eyes, the vehicle had already crashed’
In an interview with The Cue, Shine Tom Chacko said, “So I was lying in the back seat. I’d wake up from sleep and ask daddy for a biscuit. daddy gave me a biscuit two or three times. Then, when I opened my eyes, the vehicle had already crashed. I was in the back. After that, daddy never communicated with any of us again.”
Shine shared that the accident happened so suddenly that they didn’t even realise they were lying on the road. “Mommy is asking, ‘Why are we lying on this road? Where are we going?’ Until then, an accident was just a sight to me. But when you go through it yourself…I truly broke down and cried, standing on the road, ‘Someone please come and help, someone please get us to the hospital,'” he said.
Shin Tom Chacko revealed that although his brother — Joe John Chacko — was sitting in the front seat, he was left unharmed. He said, “My brother, Joe was sitting in the front. Joe didn’t even have a scratch. I was thinking, ‘How is he walking around like this, unharmed? Will he walk and then collapse or something?’ Because the car was completely wrecked. I called out to daddy, but he wasn’t responding.”
‘There are 10 to 30 stitches’
Shine Tom Chacko also mentioned that he isn’t sure about some of the details, as he had taken medication to help him sleep, as part of his rehab. He said that because he was on these medications, his father would never allow him to drive the vehicle. Shine also revealed that he received 30 stitches after being badly injured in the accident. He said, “I asked the doctor, ‘Will there be about 10 stitches?’ The doctor said, ’10? There are 10 to 30 stitches.'” Shine also shared that he had a small crack in his back due to the accident. On the other hand, his brother Joe had seatbelt injuries. Explaining the same, he said, “Even if you wear a seatbelt, from the impact of the crash, you get chest pains. Those will gradually go away.”
Speaking about his mother suffering from a hip injury, he said, “Mommy’s dislocated hip was relocated and put back in place. Now she’s lying down. There’s a small crack in her hip.”
Shine Tom Chacko shared that his mother hasn’t fully accepted his father’s death and often asks his whereabouts. However, the actor’s brothers and sisters have been there for them.
About the accident
Shine Tom Chacko was travelling with his family — his father CP Chacko, mother Mariya and brother Joe — along with their driver Aneesh, to Bengaluru when their car was hit by a lorry coming from the opposite direction. CP Chacko died on the spot, while Shine, Mariya, Jo, and the driver were rushed to a nearby hospital. While Mariya sustained a serious hip injury in the accident, Shine suffered fractures below his left shoulder and on his spine.
After receiving medical attention, Shine and Mariya came directly from the hospital to their home in Mundar to perform the final rites of his father on June 9. Photos showed a teary-eyed Shine giving a final kiss to his father. The entire family, including Shine’s brother and sisters — Sumi and Riya — flew in from New Zealand to attend their father’s last rites.","3902","CBMizAFBVV95cUxQYkg5cFY3b2wxMi1IYzJ0TTk5UTUwR01jeXVPcnZiZ2g3WTMwSi1rTGpFaEdiOVlWZmVvNGJWTzVmbTI2UDkyeWxXYW81UWdfd2Vic3JVLWhJUm8zODU3TVdITGM0UVlfalhEcHNiQ015MTEtdlVhWHowV0syTlJHUXhrZHJzeDBLRGZLN0VJX1RqNVdSd2ltUVAxMG5abW13Q3lvVVhfN0dqQVRnTDlycFpCWjZ0X0xfbjhZMXdZdXY1VHNQR0pINmZwQk3SAdMBQVVfeXFMTWRsVVNkRURRa3huaVZzUUxCYUpmbnVDV3N2TU5yZ01OT0hzbGpFbVhQRWZ4XzUyOEhMWnNSUXBYNDBwMkRBTDZCcGRuTkYwaDh6d0g4THl6U1dYNWc0OC1lOWZVTlhDUFY1TXRuOFNlWkFWcUQ3V1dma1FsUU5VMWdvM29MRnB3MXI1STVYVVVEVVBBZFVCN1FvUnVod2pnVTQxM2xsb0J4bm9mcW9FV1NWWVFUNUJvd3R6U01MWXZROC1TOU85NWttb0VhQTJuQkZxSQ","",,"2025-06-29T07:00:00+00:00","""fatal accident"" ""Tamil Nadu""","true","2026-09-24T17:31:47.178089+00:00","google-news","indianexpress.com","The Indian Express","‘I called out to dad, but he wasn’t responding’: Shine Tom Chacko on fatal crash, says he got 30 stitches, cracked his back The Indian Express","‘I called out to dad, but he wasn’t responding’: Shine Tom Chacko on fatal crash, says he got 30 stitches, cracked his back - The Indian Express","https://indianexpress.com/article/entertainment/malayalam/actor-shine-tom-chacko-on-fatal-accident-says-he-got-30-stitches-10095539/"
,"https://thestatesman.com/india/nirmala-sitharamans-kin-arrested-for-causing-fatal-accident-in-tn-1503407110.html",,"A relative of Union Finance Minister Nirmala Sitharaman has been arrested for allegedly causing a fatal road accident on Sunday morning near Olakur in Villupuram district in which a 39-year-old man had died.
The Villupuram district police, in a media release said, the accused Aravind (32), hailing from Chennai, is a nephew of Sitharaman. He was arrested following scrutiny of CCTV footage in the GST road.
Advertisement
  
He has been taken to Olakkur police station for inquiry.
The incident occurred when the deceased, D Narayanasamy (39) and his wife, Meena (31), of Konganathal village, were proceeding in a scooty to the famed Melmalayanur temple in a scooty. Melmalayanur is an important pilgrim centre which draws huge crowds from far and near.
When the couple were nearing the Ongur bridge, a rashly driven car coming towards Chennai in the opposite direction, had hit the scooty, leaving the duo in a pool of blood and sped away. While the husband died on the spot, the wife is battling for life at the Acharapakkam Government hospital, the release said.
On a complaint by D Krishnan, elder brother of the deceased, the Olakkur police registered a case and zeroed in on the accused after scrutinising CCTV footage. The accused Ashwin, a resident of AGS colony in Chennai, was driving an Audi involved in the accident, police said adding that he is the son of Sitharaman’s mother’s younger sister.","1407","CBMitwFBVV95cUxONUVtLW1xc1VxeGFiaWl4WC10LW1STE1ZOU1VQV92SHpyUHRtV0NvRDVQend1b0Zpa3FjZTdtUUZTRDZGSHdJbTNTVXNsNlVyYk45clY3S2FPRlRmckF1VnU1UGxacmpZWU9ETmxHV1NfSXVZRm9jMXhpUWZ1TjZGVjVyaTZzeGI0MUdjVlJ2UDMyOG5TNEtVMlYyWWRyREcwaXlBQkFZTXJyOFh5YWFjbFdIcmx5NGvSAbwBQVVfeXFMTTcteGRrYmRMa1NCZVBLS0ZteVZ2TmMxalNoUUxhdzk4V2JHWkJyZzZKZDFRX0h6WDFPM3g0OXR4YjRVNEJrX3d0LTFLR2ZidDJlWDJwanFqV0hhLVhqZHdaWnVla3RfUHJTelVfU3Z0UWhSaTVic05RUENhTDNtSnNycG1Qa0lnN1puUlVCazRwZGFQdmVHWWNUT2NLZnoxM0FLUmtIQU9zQkY3YVJ4QjFvOHhvWmVrcG5DV2E","",,"2025-03-11T07:00:00+00:00","""fatal accident"" ""Tamil Nadu""","true","2026-09-24T17:31:47.178243+00:00","google-news","thestatesman.com","The Statesman","Nirmala Sitharaman’s kin arrested for causing fatal accident in TN The Statesman","Nirmala Sitharaman’s kin arrested for causing fatal accident in TN - The Statesman","https://www.thestatesman.com/india/nirmala-sitharamans-kin-arrested-for-causing-fatal-accident-in-tn-1503407110.html"
,"https://dtnext.in/news/tamilnadu/bus-driver-killed-35-passengers-injured-in-accident-on-marthandam-bridge-765509",,"MADURAI: A bus driver was killed and 35 passengers suffered injuries in a collision involving a TNSTC and Kerala state transport corporation bus on Marthandam bridge in Kanniyakumari district on Saturday. The deceased drive was identified as Anees Krishnan (45) of Karunagappally, Kerala.
The KSRTC bus driver was brought dead to hospital and four other victims were referred to Kanniyakumari Government Medical College Hospital.
The injured victims are conscious and CT scans were taken based on necessity, the Collector said. Among those injured nine were admitted as in-patients and are under treatment.
The fatal accident occurred at around 1.30 pm when the KSRTC bus was overtaking the TNSTC bus. Vehicular traffic was disrupted for some time until the accident site was cleared, sources said. Collector PN Sridhar and Kanniyakumari MP Vijay Vasanth inspected the accident site.","883","CBMitwFBVV95cUxPeGdDWmRYNmNpT1laUUx2NXNaRmlQSjdhalBlNHg3NlpmbGtzU2JWbHZYWVduX2ZXOGIzTkd4TWF1MDBQcHFyZXdIUkdNV1FUeTlFSl9jbFlkcHdCWk5aczFFcUlHZTR3bFVESkZ5cEIwal9xeHRvQ0JaODZNZjI4OHdodVVCWVNvTURXajctQy1VanVvckNCZkNKNWhqSVZnZUpoYTVXaFNET0Q4QTE1LWxjNzVnTDTSAcQBQVVfeXFMTk1mcmlaZWJjU29XampiVHdlSmdlVWNfUkRWVjhzX29FVGFMcDFvc1hFYnpNb0NseGhMTEljVU1uTm1lQTJZNzhrTUw4Vkx2Yk9TYUowQkI4Z0U1UTQyYXpGQnBfcXNGWFhPajVGUk16X1ZPYzRlYVpKUEFyckQwVVZPR0drYnh2V3JraG80R0JDNE1yVmdZMERQc0tHWEFRUkZld0tJVjdJbDNocUdVRS1UMWM5cFFqbDg5dTBMLXJwaDMtcA","",,"2024-02-04T08:00:00+00:00","""fatal accident"" ""Tamil Nadu""","true","2026-09-24T17:31:47.178314+00:00","google-news","dtnext.in","DT Next","Bus driver killed, 35 passengers injured in accident on Marthandam bridge DT Next","Bus driver killed, 35 passengers injured in accident on Marthandam bridge - DT Next","https://www.dtnext.in/news/tamilnadu/bus-driver-killed-35-passengers-injured-in-accident-on-marthandam-bridge-765509"
,"https://hollywoodreporterindia.com/features/insight/stuntman-sm-raju-dies-during-aryapa-ranjith-film-shoot-vishal-pays-tribute",,"Stunt coordinator and veteran action artist SM Raju tragically died during the filming of a high-risk sequence for actor Arya’s upcoming project, directed by Pa. Ranjith. The fatal accident took place on Sunday morning, July 13, in Tamil Nadu, while Raju was performing a car toppling stunt. He was reportedly executing a precision manoeuvre when the mishap occurred, and though immediate medical assistance was called, he succumbed to his injuries.
The incident has sent shockwaves across the Indian film industry, raising concerns about safety protocols during live-action stunts. SM Raju was a respected figure in Tamil cinema, known for his daring choreography and extensive body of work across mainstream films.
Actor Vishal, who had worked with Raju on multiple action-heavy projects, confirmed the news and paid tribute to the late stuntman on social media platform X (formerly Twitter). “So difficult to digest the fact that stunt artist Raju passed away while doing a car toppling sequence,” he wrote. “He was such a brave person.” Vishal also pledged long-term support for Raju’s family, stating, “Not just this tweet — I will definitely be there for his family’s future. From the bottom of my heart and as my duty, I extend my support for them.”
The film Raju was working on is widely believed to be the sequel to Sarpatta Parambarai, Pa. Ranjith’s critically acclaimed 2021 sports drama. The sequel, which reunites the director with actor Arya, is slated for a 2026 theatrical release and has been generating considerable buzz since its announcement.
While production is expected to pause following the incident, no official statement has been released by the makers. Industry peers and stunt professionals have called for greater oversight and reinforced safety standards on sets.
As tributes continue to pour in, SM Raju is remembered as a fearless craftsman whose work elevated action cinema in the south.","1920","CBMiygFBVV95cUxQRmdLaThsTVJQb2FyMXBqekN5dXYzQmhvRk43S0kyMTVNLXFLVDktSHVZTTZMSzhlek9wRks0SERWQmhtTVM1UjlMXzBsM1FqQ0FrcC13bUczOGFxcW9ESXdkQXN4Mkh0YzVDMk5jMkRWdlhSRkM4T2xEa0lXemt1bVU0eGgzbGxhc1hYWmtGWXdkLVZud09GWEdqNmx6OWNFRUtrYXpJdXg1M19XUlJtUHlrSURrMTdaamkzLXNvenVDWm9BNWRoTm9n0gHXAUFVX3lxTE9IWGlWc2NHT2lpLXRxT1FKMEc4ZENwYVkwWDVCeW5hSENYZ0tjcVMyWjlDWTU2VlBiZ21TRlFLc19HZTIxV0N1T0l4SEJnOE1EZ0lfUG9BdGRFNTZWbHdoM3hLZ3hUQ25yYVRydXdfYVhia3BOUXo1WVFZcU4zczBWM0ZEQXlBYVR2SlpQNEhxeDRjalRtckl6TnVXQnN3SUNuSzRiSjZVelJaaVFCT0wycVFIV3ZtcEhORnIyejZQY1dXbDFKY1BEV2ZubW5RNTF6NGxkeVFZ","",,"2025-07-15T07:00:00+00:00","""fatal accident"" ""Tamil Nadu""","true","2026-09-24T17:31:47.178389+00:00","google-news","hollywoodreporterindia.com","The Hollywood Reporter India","Veteran Stuntman SM Raju Dies in On-Set Accident During Arya and Pa Ranjith's Film Shoot The Hollywood Reporter India","Veteran Stuntman SM Raju Dies in On-Set Accident During Arya and Pa Ranjith's Film Shoot - The Hollywood Reporter India","https://www.hollywoodreporterindia.com/features/insight/stuntman-sm-raju-dies-during-aryapa-ranjith-film-shoot-vishal-pays-tribute"
,"https://newindianexpress.com/states/tamil-nadu/2024/Oct/01/two-drivers-jailed-for-minister-mariyam-pichais-fatal-accident-in-2011",,"PERAMBALUR: The Chief Judicial Magistrate Court in Perambalur sentenced two drivers to over one year in jail for causing the accident leading to the death of newly appointed state minister N Mariyam Pichai near Padalur in Perambalur district in May 2011.
The 60-year-old N Mariyam Pichai hailed from Sangiliyandapuram in Tiruchy. He had defeated DMK’s KN Nehru in the Tiruchy West constituency in the 2011 Tamil Nadu assembly election. Following this, he was appointed as the Minister of Environment and Pollution Control.
On May 23, 2011, the minister was heading in an SUV to Chennai to attend the oath-taking ceremony of legislators. The car was driven by S Anandhan (34) from Mogappair in Chennai.
While trying to overtake a container lorry near Thiruvilakurichi branch road near Padalur in Perambalur district on the Tiruchy-Chennai National Highway, Anandhan lost control over the car and collided with the rear of the lorry.
Minister Mariyam Pichai, who was seriously injured, died on the way to the Mahatma Gandhi Memorial Government Hospital in Tiruchy. Also, four people including a driver were injured.
Padalur police registered a case against car driver Anandhan and lorry driver Niyamatullah from Andhra Pradesh.
The case was transferred to the CBCID unit in Tiruchy in May 2011. The trial was underway at the Chief Judicial Magistrate Court in Perambalur.
During the hearing on Monday, Judge C Sankar awarded a jail term of one year and four months each to both Anandhan and Niyamatullah and imposed a fine of Rs 3,500 on Anandhan and a fine of Rs 4,000 on Niyamatullah.","1584","CBMizgFBVV95cUxOcWJHeHg0ZzRJaUFkZXNlZHoyUXVyRVMyM3liM0tDaUM5WUN5R09aR240SkIwWFJ3TTBHcUNKc0NwRUgzd0l1VGdHMTVCNktrT2VUc3BURE5JazFDUkNvSVNiZUFtYUpUSGVJVTJMSlhseFAxaEQxeXZtS1lQTFBzd3lxSkZlZTRWbVFmNHk1a0NyZGY5Q3FZTFpndUZtbEhGVEE4d0w4dHpNMlQ4Y3FvcWJNbGJZQ1RmSWs5d19USWExWUIwSkQ0Y2I3eVlxQdIB2wFBVV95cUxOdDYxWVpTVnhKQUV3TUVjYUI3bGhMWEROd0RkSC0xX0pMbUNCanFRQUxIUlhJS1RMMzdGU3F5UnZITzVqdmdrNHpCczBVVUZKbDQ5SG1mRGYwbDl0QXVaTmRYTFA5VGFibWZPRlc5WWI4bmpLUG9JODEyZ1VXeXpRZUxHVDNfajN4YkhuMG15NGVYZ19jbDI3ZkJmb2dmQ0xXYk5YaHJhbXZzODZWYkpMaUxfODVjUVRUakxTUGE4XzF1YVBwM010eDNHYzNkcUpvTlJDOTZ2SjFiek0","",,"2024-10-01T07:00:00+00:00","""fatal accident"" ""Tamil Nadu""","true","2026-09-24T17:31:47.178569+00:00","google-news","newindianexpress.com","The New Indian Express","Two drivers jailed for Minister Mariyam Pichai's fatal accident in 2011 The New Indian Express","Two drivers jailed for Minister Mariyam Pichai's fatal accident in 2011 - The New Indian Express","https://www.newindianexpress.com/states/tamil-nadu/2024/Oct/01/two-drivers-jailed-for-minister-mariyam-pichais-fatal-accident-in-2011"
,"https://storyboard18.com/brand-marketing/tata-harrier-ev-accident-raises-safety-concerns-company-cites-vehicle-rollback-not-summon-mode-79515.htm",,"ADVERTISEMENT
A fatal accident involving Tata Motors’ newly launched Harrier.ev in Avinashi, Tiruppur, has sparked fresh concerns around the safety of advanced driver-assist features in electric SUVs. As per the media reports, the incident, which claimed the life of a man on August 14, was captured on CCTV and has since circulated widely on social media.
Unverified claims suggested that the Summon Mode, a parking assist feature allowing the car to move autonomously for short distances, may have been engaged. However, Tata Motors has denied this, stating that preliminary observations indicate the SUV rolled back on a slope due to gravity rather than because of a motorized function.
“Our thoughts, prayers, and heartfelt support are with the deceased's family. Preliminary checks suggest the vehicle rolled back from the top of a slope and ricocheted after striking an object, implying the motor was not engaged,” Tata Motors said.
The automaker clarified that the SUV has remained operational with the family since the incident and awaits a detailed inspection.
Read More: Tata Motors re-enters South Africa's passenger car market after six years
The accident puts a spotlight on emerging safety risks tied to semi-autonomous features such as Summon Mode, especially in Indian driving conditions where slopes, uneven terrain, and user unfamiliarity can complicate outcomes. With automakers increasingly introducing advanced driver-assist technologies, the Harrier.ev case could reignite debates around regulations, consumer awareness, and liability in mishaps involving AI-driven vehicle features.
Launched recently at a starting price of Rs 21.49 lakh (ex-showroom), the Harrier.ev offers up to 627 km range per charge, with RWD and QWD variants powered by 65 kWh and 75 kWh battery packs respectively.
Read More: India’s Used Car Boom: Rs 4 lakh crore market grows faster than new vehicles, set to triple by 2030
Read More: Indian auto giants rev up for battle as Tesla enters domestic market","2002","CBMi4wFBVV95cUxQelA0MDRZeDNDYmtxaDdISDZqZU1BZklJN3JybG9zSVczZTFzY0xYUmsxOU5GYmtodnVrc0ttNVlGZUpYUkl1N1dZN29yRWUtSnpFZm1zZS11OEpRNWROaFRYekVTNk44clZrakJTMWxkNzM5OU9kQUZLdEdtTVNSdVNjUC13NXg3bHZQTU1RM0dWbVY4MUY1d1lySVBWYXJ3MENOTUZGcXlOaWw1cFc4d0FCVHEzRlBZUFJvclAzMFlyMENwcy13MHFaUndLUmpfczJxM0dNbDQxVHdLRUJfNDAyQdIB6AFBVV95cUxPZF83bEdzUXVyT29VUWNCV3pMRW02R2d5Y3hjMWNTMjZBcER2VXFKVXc5cTdSR3pHT2pfb2wwTVNoLW5ud0t2SGZQQXRSbUZWb3FiZEd1TUxXdUJKNXNwWVZzaE10WkttYjU4dXBmTWJ2RFVEVDluYzZUOXZpcER1TFFPLXBtYjhpalo4Q1J1ZEI5S0Voanh6Umd6c1dyMGdIWVEtUEhoUzRwN3NFX1l6OS1NdXpMeENEY3VIRzc3NS16cFYwSEVFOHY1LUNSZ1ZLQXA5ZS1jdHBzSm1FbkxGMzIteXluWnBx","",,"2025-08-25T07:00:00+00:00","""fatal accident"" ""Tamil Nadu""","true","2026-09-24T17:31:47.178641+00:00","google-news","storyboard18.com","storyboard18.com","Tata Harrier.ev accident raises safety concerns; company cites vehicle rollback, not summon mode storyboard18.com","Tata Harrier.ev accident raises safety concerns; company cites vehicle rollback, not summon mode - storyboard18.com","https://www.storyboard18.com/brand-marketing/tata-harrier-ev-accident-raises-safety-concerns-company-cites-vehicle-rollback-not-summon-mode-79515.htm"
,"https://timesofindia.indiatimes.com/nri/other-news/indian-national-killed-in-road-accident-in-singapore/articleshow/75404923.cms",,"SINGAPORE: A 33-year-old Indian worker was killed in Singapore along with an Indian-origin Malaysian man when a car swerved out of its lane and hit their motorcycle. 
The police are investigating the fatal accident of Sulthan Abdul Kathar Rahman Kareem from Tamil Nadu along with Mhamed Rbik Mohamed Farook, 27, from Malaysia. The accident occurred on Saturday when the man driving the car swerved on Hougang Avenue 3, making a sudden right turn onto Airport Road, towards the Kallang-Paya Lebar Expressway.
The two men on the motorcycle were taken unconscious to Changi General Hospital, where they were later pronounced dead, reported The Straits Times. The two colleagues were heading to their workplace at an Indian restaurant. ""My cousin is the sole breadwinner of his family, who were living back home in the Kottaipattinam village in southern India,"" said Sulthan's cousin, Kalandar Maraikayar Mohamed Riyas.
 Sulthan had been working in Singapore for over four years. He leaves behind his wife, 22, his two-year-old daughter and his parents, who are both in their sixties. Kalandar added that Sulthan's friends and family are now trying to raise funds for his funeral and to provide financial aid to his family. The 39-year-old male driver of the sedan car was arrested for dangerous driving causing death.","1314","CBMixwFBVV95cUxNVmtvX0ZOWEl4c0RNSXMwdHN6aVY5Mkc4UFJsMnNNLUdaUTdGYU94UGVfb1hNOEFQWEZ3RjE2RWNNbFBGbFJ0NUtWanRwVy1QQ3A5VGV2XzRmaV9haUQ4NFB3YXBQN3FPTGxxdllZV2w3RVR0QnBjU2VfR1RIcGNfY2hoTmdhOFNCVFZGQ1BvZm9IY1I3RE5BbjJJWFdPSjBqTU01TTdkZU5oSUUzNVozX1p5WndmVjR0UVdia0V3ZF9rUmlybW1R0gHMAUFVX3lxTE9KS1I5M1ZHdTg1SllYWVhMTlFvQzMxSzgzb2I4alJYeE9PX2g4dzJYdHp4ZnMyS2NEeHZtTzBFSHh5YnhtV0NjVDJIZDZfUUozZkVDckVvU2pFb25sYVdzQ2lic25CQ0RlUHlQZWtlaHU0dnVoQmdGRWVFMDczWnZVcVAybnlHdTB5Mm90ZnBHU0daWldvMTNNWjNnODB5RWVQNnpYNGlfeW5hNHAyNmdqS2F0Yi00RUlSTl9lY1dDdUtDWmJ1Y3l1bTZhQQ","",,"2020-04-27T07:00:00+00:00","""fatal accident"" ""Tamil Nadu""","true","2026-09-24T17:31:47.178782+00:00","google-news","timesofindia.indiatimes.com","The Times of India","Indian national killed in road accident in Singapore The Times of India","Indian national killed in road accident in Singapore - The Times of India","https://timesofindia.indiatimes.com/nri/other-news/indian-national-killed-in-road-accident-in-singapore/articleshow/75404923.cms"
,"https://timesnownews.com/chennai/tamil-nadu-minister-jagadeeswari-car-accident-kattankulathur-26-year-old-killed-article-156101978",,"A 26-year-old man was killed after a car registered in the name of Tamil Nadu Social Welfare and Women Empowerment Minister Jagadeeswari hit his two-wheeler near Kattankulathur on the Trichy-Chennai National Highway in the early hours of Monday. The minister was not in the car at the time of the accident, police said.
The deceased, identified as Iraiyanbu, a resident of Kattankulathur in Chengalpattu district, was riding a Honda Dio when the accident occurred around 12.30 am near Kattankulathur junction. He was reportedly returning home after attending a temple festival.
According to police, the Maruti Ertiga, which was travelling towards Chennai, collided with the two-wheeler. Iraiyanbu was thrown off the vehicle and suffered fatal injuries. He died at the spot.
The car was registered in Jagadeeswari's name and was travelling as part of the minister's convoy. Jagadeeswari was travelling separately in her official government vehicle from her constituency in Virudhunagar district to Chennai to attend the ongoing Assembly session. Her family members were travelling in the Ertiga, according to police reports.
Police personnel accompanying the minister's convoy alerted traffic investigators following the crash. The victim's body was recovered and sent to Chengalpattu District Government Hospital for postmortem.
The Maruti Ertiga was seized and its 28-year-old driver, Chinna Agni, was arrested. Police said he is a resident of Madurai and is employed with the police's armed reserve unit.
The Maraimalai Nagar Traffic Investigation Wing has registered a case under Sections 281 and 106(1) of the Bharatiya Nyaya Sanhita (BNS), dealing with rash and negligent driving and causing death by negligence.
Investigators are examining CCTV footage and other evidence to establish how the collision occurred and determine the circumstances leading to the crash. Police are also questioning the driver as part of the investigation.
The incident comes as Tamil Nadu's Assembly session is underway, with Jagadeeswari travelling back to Chennai after the legislative break. Initial reports differed on Iraiyanbu's age, with some outlets reporting him as 26 and others as 28.","2180","CBMizwFBVV95cUxQbHFSUGpxaWo2dzR1aWl4TzZxYmZmWkN0UjhuVDJTSk1FTzJGQjBpNVVqc1hYZ241b1VnWXJERXIyWHpzZmY3VGYwa2J0ZDVuYVBQbm5oYVVkMFRYRU1iUHBsbko4TFN2LVM2VlZtRUFJYUdDT2dFY0RhUTh3S2ZWc0RKSzZJMXU4dU5tYjU4SV9XZjdDSU0xQUJCYkZfX1gzbUVsSnAtMVprODFfVXB0SXpNTzRhdVlHREpXLUo3Z0dVQkhtazlGYkhHUTlKUVnSAdQBQVVfeXFMTXZmTkdqSF92ODktZGNpMXFQUzJTWXFTOU9lbmtrZGJiM0tGdFkxV2RONFgtX2Vwb3dPbmtFa1cwWkNNcmhfdTZLd0x2OWhPeUNMWHB6ZlJBNFdWNHg5OUlqaWN1eFUzRXZ3WXRFRnFaaHpOcFZ0VXVEdVgzM2NsMTBTN0ZYRmZkaWtNRkVhYjEtdWhlMmRjRVFpVVFURVNPQU1oVXZKU0lxS2NtREExblV2Tm1rUHU1eTdqTmEyLVlOUEFDQkNmSjdXVzh3VzdPbFRLR1Y","",,"2026-09-07T07:00:00+00:00","""fatal accident"" ""Tamil Nadu""","true","2026-09-24T17:31:47.179150+00:00","google-news","timesnownews.com","timesnownews.com","TN Minister Jagadeeswari's Car In Fatal Crash At Midnight, 26-Year-Old Killed timesnownews.com","TN Minister Jagadeeswari's Car In Fatal Crash At Midnight, 26-Year-Old Killed - timesnownews.com","https://www.timesnownews.com/chennai/tamil-nadu-minister-jagadeeswari-car-accident-kattankulathur-26-year-old-killed-article-156101978"
,"https://onmanorama.com/news/kerala/2026/09/05/thrissur-car-crash-district-collector-orders-joint-safety-inspection-on-national-highways.html",,"Thrissur car crash: District collector orders joint safety inspection on National Highways
Mail This Article
Thrissur: Following the fatal accident that killed eight Tamil Nadu students at Panambikkunnu, Kaipamangalam, District Collector Shikha Surendran on Saturday directed officials to conduct an urgent joint safety inspection of National Highways in Thrissur. The accident occurred around 11.40 pm on Friday when a Tamil Nadu-registered car rammed into the rear of a Maharashtra-registered goods lorry parked on the highway, killing eight students from PSNA College of Engineering and Technology in Dindigul, Tamil Nadu.
A special team comprising officials from the National Highways Authority of India (NHAI), police, Motor Vehicles Department (MVD) and local self-government institutions will carry out the inspection. The team has been asked to submit its report by Wednesday evening.
The inspection will cover road maintenance, the condition and level of footpaths, potholes, waterlogging, lighting on service roads, reflective signboards, improper storage of construction materials, illegal parking and barricading. The team will also assess the availability of traffic wardens. The structural safety of ongoing constructions, arrangements for school students to cross roads safely and facilities for pedestrians will also be examined.
The Motor Vehicles Department will conduct a separate inspection under the leadership of the RTO. The Local Self Government Department has also directed all local body secretaries to conduct road safety inspections. The Collector further directed the police and RTO to intensify special drives against illegal parking. FIRs should be registered and strict action taken wherever necessary.
The meeting was held at the Collectorate video conference hall. Rural Police SP Mohammed Nadeem, Disaster Management Deputy Collector K S Nazia, Irinjalakuda RDO P Shibu, Assistant Commissioner Vimal V and District Information Officer Priya K Unnikrishnan were among those who attended.","2021","CBMi3AFBVV95cUxQWWI0OVM0LUJpMkk4OXoxSDM4N1RxelF2VTRKR0dmckwxWWpVUWo4eWRLMWxFcDNLQ1J0akNlaDI1aHRkbjNRSmNaWjZ1RExmS2YyOTVZQnlvY0RkU19kRlo1dmRCaDJDY0FvMG5RMnE1QWdtQXExQVAyVkVLSXE3dlpSRElxaFUtOENUSThJUTlYaHM2TkVuSUJoZlBrMGJYeGN1bmFhSDc3VzV0Z0VSN191emxGYlVBeUtDcEhab1dZWm9TQW5zOTJKaVVLSWtVUlAwUURlWDlxTjBw0gHcAUFVX3lxTFBZYjQ5UzQtQmkySTg5ejFIMzg3VHF6UXZVNEpHR2ZyTDFZalVRajh5ZEsxbEVwM0tDUnRqQ2VoMjVodGRuM1FKY1paNnVETGZLZjI5NVlCeW9jRGRTX2RGWjV2ZEJoMkNjQW8wblEycTVBZ21BcTFBUDJWRUtJcTd2WlJESXFoVS04Q1RJOElROVhoczZORW5JQmhmUGswYlh4Y3VuYWFINzdXNXRnRVI3X3V6bEZiVUF5S0NwSFpvV1lab1NBbnM5MkppVUtJa1VSUDBRRGVYOXFOMHA","",,"2026-09-05T07:00:00+00:00","""fatal accident"" ""Tamil Nadu""","true","2026-09-24T17:31:47.179231+00:00","google-news","onmanorama.com","Onmanorama","Thrissur car crash: District collector orders joint safety inspection on National Highways Onmanorama","Thrissur car crash: District collector orders joint safety inspection on National Highways - Onmanorama","https://www.onmanorama.com/news/kerala/2026/09/05/thrissur-car-crash-district-collector-orders-joint-safety-inspection-on-national-highways.html"
,"https://onmanorama.com/news/kerala/2026/07/30/kolukkumala-singappara-entry-banned-following-tourist-accidents.html",,"Mail This Article
The Tamil Nadu revenue, forest, and police departments have enforced a temporary ban on tourist entry to the popular Singapara viewpoint in Kolukkumalai. The restriction was put in place following two recent accidents where tourists fell off the steep cliff side, leading to one tragic death.
A long-standing border dispute
The area around Singapara has been a subject of a territorial dispute between Kerala and Tamil Nadu. While a portion of Kolukkumalai is under Kerala's jurisdiction, Tamil Nadu claims that the peak viewpoint at Singapara lies within its borders. Officials note that a definitive resolution will require a joint survey conducted by the revenue departments of both states.
Kerala Tourism clarifies access rules
To prevent confusion among travellers, the Kerala Tourism Department clarified that trekking in the region has not been entirely shut down. Tourists can still travel to Kolukkumalai to visit the famous heritage tea factory and experience the panoramic vistas from nearby viewpoints that lie safely within Kerala's administrative territory.","1089","CBMiugFBVV95cUxNV2JsOER4NmtsT0lreHNNNGhDcXltdHltQV9uTzVHaGl0bDF3OE90VkRJRjRtS3Zoa3l1Tmd5aUQxWGxXVzI1aDVyX0FCMWM0OXNmSmJ2SGx4THVMTFdyUTVxbks3aVI1NVppZWFYODVyVl9kSVBOdks4VWxqRU9kc242MW51c3lNMlBUV1VwMWNBd0hMSU91Sm1qRFRGemQ5cGM1VjFVQXAtQ2RIMzVLVFdFTGEyWUJNTnfSAboBQVVfeXFMTVdibDhEeDZrbE9Ja3hzTTRoQ3F5bXR5bUFfbk81R2hpdGwxdzhPdFZESUY0bUt2aGt5dU5neWlEMVhsV1cyNWg1cl9BQjFjNDlzZkpidkhseEx1TExXclE1cW5LN2lSNTVaaWVhWDg1clZfZElQTnZLOFVsakVPZHNuNjFudXN5TTJQVFdVcDFjQXdITElPdUptakRURnpkOXBjNVYxVUFwLUNkSDM1S1RXRUxhMllCTU53","",,"2026-07-30T07:00:00+00:00","""fatal accident"" ""Tamil Nadu""","true","2026-09-24T17:31:47.179311+00:00","google-news","onmanorama.com","Onmanorama","Tamil Nadu bans trekking to Kolukkumalai Singapara viewpoint after fatal accident Onmanorama","Tamil Nadu bans trekking to Kolukkumalai Singapara viewpoint after fatal accident - Onmanorama","https://www.onmanorama.com/news/kerala/2026/07/30/kolukkumala-singappara-entry-banned-following-tourist-accidents.html"
,"https://english.mathrubhumi.com/news/kerala/arun-gives-gift-of-life-to-10-through-organ-donation-after-fatal-accident-y9f2ujhs",,"Following a surgery that lasted several hours, Arun’s organs were transplanted into 10 recipients. Details of the recipients will be shared with the family at a later stage
Kundara: A 24-year-old engineer from Kerala, who suffered critical injuries in a motorcycle accident at Sriperumbudur in Tamil Nadu, has passed away. His decision to donate organs after being declared brain dead has helped save or improve the lives of 10 people.
H. Arun (24), son of Harikumar and Sreelatha of Mamood Gokulathil, was working as a mechanical engineer at a private company in Sriperumbudur. The accident occurred around 11.30 p.m. on Wednesday while he was returning to his accommodation after work. He met with the accident on the Thandalam–Lushale Cut Road.
After doctors at Apollo Hospital, Chennai, confirmed brain death, Arun’s parents consented to donate his organs. Through the donation, 10 people received a new lease of life. His two kidneys, two eyes, heart valves, liver, lungs, intestine, and skin were donated.
Arun had completed diploma in Mechanical Engineering from SN Polytechnic College, Kottiyam, and secured employment through campus placement. After leaving his first company, he joined HL Clemov India Private Limited, manufacturer of automobile spare parts in Sriperumbudur.
On the night of the accident, Arun was travelling on a friend’s motorcycle when the mishap occurred. Colleagues travelling behind in a company bus found him injured on the roadside, just 200 metres from his residence.
By the time an ambulance arrived, Arun had reportedly been lying on the road with a severe head injury for about 15 minutes. He was initially taken to a nearby private medical college hospital by co-workers. His family, who reached the hospital on Thursday evening, later shifted him to Apollo Hospital in Chennai.
Despite treatment, doctors declared him brain dead on Saturday. He was then transferred on ventilator support to Rajiv Gandhi Government General Hospital, Chennai, where preparations for organ donation began after obtaining the family's consent.
Following a surgery that lasted several hours, Arun’s organs were transplanted into 10 recipients. Details of the recipients will be shared with the family at a later stage.
Arun’s father, Harikumar, is an electrician. He is survived by his brother Akhil, who works in Dubai.
The funeral will be held at the family residence in Mamood at 10 a.m. on Monday.
Published: 15 Jun 2026, 12:14 pm IST
Related Topics
Get Latest Mathrubhumi Updates in English
Disclaimer: Kindly avoid objectionable, derogatory, unlawful and lewd comments, while responding to reports. Such comments are punishable under cyber laws. Please keep away from personal attacks. The opinions expressed here are the personal opinions of readers and not that of Mathrubhumi.","2805","CBMixAFBVV95cUxNNWIzSkZtYjFIcTlOVmZjdXlYRHR3QWtzX2RXa1pkMVBucmU2NzRKYlZxeUx6dVI1cGxfazItd0FpcGpRY2lTc1hzNWQ1QlBsZThvRVhXenAwOE9tY2x6d2hRcTEtWllrbGJqN2Y4SDhYeDBsVmx6ZktmbUwxb3VTMW1fS0JWYjc0RmpHWk9LUnhQb3J3Yk9pRHNLZWJONXNWbVBoajE0eXNndml5cmNjamN0ZTVoWHpBNW1nR29QRjZtNDhE0gHKAUFVX3lxTE93Vm15NENwNVNTUWd6UFNQaFg4eHZNVm5wdlBPX2pVVGh5QW9uM0ZsOUdhellBaDV3MGxNdEhwVGJWRzZTQjJ4TEtEbGVRWUJyNTd6VXViSjB2R3VJTlhuUXlqaUxoMHBxUm0wUjJ0R3JpNzhsX3lqR256em1YOW05ZTkzR2ZfSjVlb05SWk5taVFQTHJ4YXpTQWp6LXU4UDdGZTI1Z0Y0T3dDc0ZYNEc3XzVvc0ZNdmN2eG5TVzcwNDZLaW1nS1VjVmc","",,"2026-06-15T07:00:00+00:00","""fatal accident"" ""Tamil Nadu""","true","2026-09-24T17:31:47.179387+00:00","google-news","english.mathrubhumi.com","Mathrubhumi English","Arun gives gift of life to 10 through organ donation after fatal accident Mathrubhumi English","Arun gives gift of life to 10 through organ donation after fatal accident - Mathrubhumi English","https://english.mathrubhumi.com/news/kerala/arun-gives-gift-of-life-to-10-through-organ-donation-after-fatal-accident-y9f2ujhs"
,"https://news.abplive.com/auto/tata-motors-issues-statement-after-fatal-accident-allegedly-involving-harrier-ev-summon-mode-1796005",,"'Deeply Saddened': Tata Motors Issues Statement After Fatal Accident Allegedly Involving Harrier EV Summon Mode
Tata Motors stressed that the cause of the accident was still under review.
Tata Motors has shared an official statement following reports of a tragic accident in Tamil Nadu allegedly involving the Harrier EV’s Summon mode. The company, in its official response, said it was “deeply saddened by the loss” and extended “thoughts, prayers, and heartfelt support” to the deceased’s family.
The Harrier EV, launched in June this year with a price tag starting at Rs 21.49 lakh (ex-showroom), is among Tata’s flagship electric SUVs. Deliveries only began last month, making the reported accident a major flashpoint in the conversation around safety of semi-autonomous functions in mass-market cars.
Harrier EV Incident in Tamil Nadu
The incident came to light after CCTV footage from Avinashi, Tamil Nadu, surfaced online. The video shows the Harrier EV moving on an incline with its driver’s side door open.
According to a post circulating on Reddit, the victim tried to stop the SUV by entering the cabin and applying the brakes but was dragged down by the vehicle’s momentum. He sustained a severe head injury and leg fractures before being rushed to the hospital, where doctors declared him brain dead.
The family has not filed an official complaint yet, and the vehicle has been collected by Tata Motors for further checks. Social media discussions suggest that the victim had previously faced software-related trouble with the same car, though these claims remain unverified.
Tata’s Clarification on Vehicle Behaviour
In its statement, Tata Motors stressed that the cause of the accident was still under review. The company pointed out that preliminary observations from the viral footage suggested the “vehicle may have rolled back from the top of a slope due to gravity and ricocheted after striking an unknown object, suggesting that the motor was not engaged.”
The automaker also noted that “the vehicle remains with the family and has been driven since the incident, and we have not yet had the opportunity to inspect it.”
Debate Over Semi-Autonomous Features in India
The accident has triggered widespread debate over the practicality and safety of semi-autonomous functions such as Summon mode in Indian conditions. Road safety specialists argue that while advanced driver-assistance systems bring convenience, they demand cautious usage and cannot substitute human control in unpredictable environments.
Authorities in Avinashi are yet to release official findings or confirm whether a formal probe is underway. Meanwhile, Tata’s statement suggests that further clarity will only emerge after a detailed technical inspection of the vehicle.","2761","CBMiygFBVV95cUxOSEE2V1Fta19hZ3NzOTlCMXZOQnYtVHNXOVYwSGFkT1RscE51ZTctUmlwVC1FMkktOGZ2T2RhQ0VDVjZxZ0lTM1oxTTdWU1hIQ0FCamswN3JKelRQaEVBVHlSLU0yVjRQWEtIb3lJVWNOZk96LUtDc3N3X2VKWjRldTVENFJZN1AybTNTS0REOXFGTlJJSkVUV3Z2ZWVCcGs1V2xtdDlTTnY3Yjg0dm5CSVgtbHJQODlJUE1iNXNWN2YxMjdJN0lpU2RB0gHPAUFVX3lxTE9jTE5mNmlvajBIdFlCY2xaVXVMM2hsMUQzTWl3RzhMMlVqS2FyWmpWMWk5M0JnWEY4YjlxVUd0UUpVT1E5THo3Zm5ySkszRVFyTFEwR1loT2V5ZENyaHkwcEVuczZ5LWNlbGRaSUJZZFM3dktlTGg3SUxyZnFrVlg5bW54WG1EdlNPaEd4M2tfYmUxU09WMEkzMEF2WEJXNXUtWlZYUjZXNzZ0OWNkX05UUXFMMk5JLWNDaHR4aDRNY19ud1NVRGN4dFB1VzJtRQ","",,"2025-08-22T07:00:00+00:00","""fatal accident"" ""Tamil Nadu""","true","2026-09-24T17:31:47.179588+00:00","google-news","news.abplive.com","ABP Live English","Deeply Saddened: Tata Motors Issues Statement After Fatal Accident Allegedly Involving Harrier EV Summon Mode ABP Live English","Deeply Saddened: Tata Motors Issues Statement After Fatal Accident Allegedly Involving Harrier EV Summon Mode - ABP Live English","https://news.abplive.com/auto/tata-motors-issues-statement-after-fatal-accident-allegedly-involving-harrier-ev-summon-mode-1796005"
,"https://ibtimes.co.in/after-1993-accident-gen-rawat-second-top-army-officer-die-mi-17-crash-843542",,"General Bipin Rawat died along with his wife and 11 others, when their IAF Mi-17 crashed in Tamil Nadu on Wednesday.
The crash was second one in which a top general was killed after the 1993 accident in Sikkim that killed Eastern Command chief, Lt Gen Jameel Mahmood. Incidentally, both involved an Mi-17 helicopter, bad weather and the officer being accompanied by his wife.
Besides him, his wife, Military Assistant Col M.N. Ahmed, Lt Lakshman Tyagi, orderly Naik G. Thyagarajan, his personal bodyguard Havildar S. Vasudevan, and the IAF crew were also killed.
Commissioned into the Artillery in 1959, Mahmood commanded a platoon in Sikkim during the 1962 India-China war, and was conferred the Yudh Seva Medal. He also saw action during the 1965 and 1971 India-Pakistan war, held a series of key command (including of a brigade, infantry division, and the Srinagar-headquartered Chinar Corps), staff and instructional posts, including at the IMA, and the Army War College.
He became the Eastern Command chief in October 1992. Three decades back, the Indian Army and Air Force lost a host of senior officials when an IAF Alouette chopper crashed near Poonch in November 1963.
Western Command chief, Lt Gen Daulat Singh, Western Air Command chief, Air Vice Marshal Erlic Pinto, Chinar Corps Commander, Lt Gen Bikram Singh, 25 Infantry Division chief, Maj Gen N.K.D. Nanavati, and 93 Brigade chief, Brigadier S.R. Oberoi, as well as pilot, Flight Lt S.S. Sodhi, were killed in the crash.
However, the miraculous survival of all passengers of an IAF de Havilland Devon transport aircraft crash near Lucknow in February 1952 was a godsend to the Indian Army.
On board were future Army chiefs - Lt Gen S.M. Shrinagesh and Major Gen K.S. Thimayya -- as well as Major Gen S.P.P. Thorat, later Eastern Command chief, Maj Gen Sardanand Singh, Major Gen Mohinder Singh Chopra and Brig Ajaib Singh.
Lt Gen Shrinagesh's ADC had to give up his seat at the last moment to accommodate Brig Singh. The person was K. Sundarji, who would go on to head the Indian Army in his turn.
(With inputs from IANS)","2088","CBMipAFBVV95cUxPc05LUkNRajJoall0UUNQbkVFZGJ0Z0NFcHBCcVdVb0dSYWpfdHJ1V2dpazRpTk9SbkVWamxmNXktTzVNUFBjSTdESnN2Wk96V3FEMXNNVndGZ3RXUW9PZnFjd1NJRW9MaU1kYS1iQXdHWDVDbHpSS1dIV3dfVGFGNUxDOE1vOTRIQU5IRXhUQTc4enNSc2huV2ZYVkRBNHRCajVkVg","",,"2021-12-09T08:00:00+00:00","""fatal accident"" ""Tamil Nadu""","true","2026-09-24T17:31:47.179749+00:00","google-news","ibtimes.co.in","ibtimes.co.in","After 1993 accident, Gen Rawat second top Army officer to die in Mi-17 crash ibtimes.co.in","After 1993 accident, Gen Rawat second top Army officer to die in Mi-17 crash - ibtimes.co.in","https://www.ibtimes.co.in/after-1993-accident-gen-rawat-second-top-army-officer-die-mi-17-crash-843542"
,"https://news.abplive.com/entertainment/movies/tamil-actor-vishal-narrowly-escapes-fatal-accident-on-mark-anthony-film-set-video-goes-viral-1584074",,"Tamil Actor Vishal Narrowly Escapes Fatal Accident On Mark Anthony Film Set, Video Goes Viral
Tamil actor Vishal miraculously escaped from a near-death situation during the shooting of his movie 'Mark Antony'.
Tamil actor Vishal miraculously escaped from a near-death situation during the shooting of his movie 'Mark Antony'. 
 
It happened when a truck on the sets lost stability and advanced towards the actor and his co-actors. The huge truck was on the brink of crashing into the place where the actors, including Vishal, were stationed. Fortunately, each one of them escaped unscathed. 
 
According to the plan, the truck was to hit a wall and then stop, but the wall collapsed and the truck apparently lost control and advanced towards the area where the artistes were stationed. 
 
Vishal said in his tweet: ""Just saved my life in a matter of few seconds and a few inches, thanks to the Almighty. Numb after this incident. Back on my feet and back to the shoot."" 
 View this post on Instagram
 
The movie directed by Adhik Ravichandran has SJ Surya playing a stellar role, the details of which are still under wraps. The internationally renowned stunt director Peter Hein, together with Dhilip Subbarayan, Kamal Kannan and Ravi Varma, are doing the action scenes. 
 
Other than Vishal and SJ Surya, the cast comprise Abhinaya, Ritu Varma and Sunil Varma. 
(This report has been published as part of the auto-generated syndicate wire feed. Apart from the headline, no editing has been done in the copy by ABP Live.)","1521","CBMi3wFBVV95cUxPdmVEeXZSTVRQQmRUSk9IY2UzVE5aRkhzOXZKUEwtTWtWUzRQTDdSdkdQSkNrd2ZUcF9GazZDRGp2ZTl3Vk51R3hSQUY5RS0tSnVlTUJ4UlJ3NVpWNmFTbnZIOFVyc1E2YXRIRUlNeU5SQ2pUdzBVYjNVNXdNaXNYeEhkX0FGRUp4SzR4Vk5iRTUzaFJGNjJIMVFRMVhUdGtveXNmb2lwTmQ0VEdEN1Faa2xvc3hPMnhXb2xIS2JPcm95NDdJX1BEdm9qaVFPSGNiUjYwclpwdThGekNYNW800gHkAUFVX3lxTE5Ua3RaUHJqLUl3SUd3dVl0eTExbXBJSFRmWWY0NlhDOE5nbzB2a1pQb1R1RzM0anE5UEE1OWtyOWxId1dNU0MzYUcwR0toMWpIaFk1Ql9IbW91ekFKMnZJUGVRam9GZUloZnJRQ1NSaEVzZGxETGJTNkR1UDVSaWhnZXhLa0N0eFZjQzhUcUhCZURBcEhMaHNVTFZsUTBoeF9fYXVXVnc2MUM4dmRyMVVLdnd5MG9mZ21MM3FTNkEyeFJtaWNTZXBQWjViaWZ1d0tzdFRDeGtGdjRfODNjeXNqejNQcQ","",,"2023-02-23T08:00:00+00:00","""fatal accident"" ""Tamil Nadu""","true","2026-09-24T17:31:47.179835+00:00","google-news","news.abplive.com","ABP Live English","Tamil Actor Vishal Narrowly Escapes Fatal Accident On Mark Anthony Film Set, Video Goes Viral ABP Live English","Tamil Actor Vishal Narrowly Escapes Fatal Accident On Mark Anthony Film Set, Video Goes Viral - ABP Live English","https://news.abplive.com/entertainment/movies/tamil-actor-vishal-narrowly-escapes-fatal-accident-on-mark-anthony-film-set-video-goes-viral-1584074"
,"https://newsonair.gov.in/three-killed-in-road-accident-near-chennai",,"Three persons were killed in a road accident at Maduranthakam near Chennai on the Tiruchi-Chennai Highway this morning. The accident occurred when a car travelling from Puducherry to Chennai was hit by a lorry.
The victims, including a father and his son, were on their way to Chennai airport when the accident took place. Madurantakam Police have registered a case, and efforts are underway to trace the lorry through CCTV footage.","432","CBMid0FVX3lxTE5NNzZJNnRBUTBadTNBaEk0REJadGUzeklseFRENjRQbDNoQ0NNTkhwTjcxaUpxQ0tLVWdQdmZVenRaLUtDMFlKaEVDQUR2blYtTWJMelNXSVFsRHNMWWtjNlVCZnczSWtKT19mRjgyMmtnU2lUYVJV","",,"2026-07-24T07:00:00+00:00","""road accident"" Chennai","true","2026-09-24T17:31:47.994232+00:00","google-news","newsonair.gov.in","News On AIR","Three killed in road accident near Chennai News On AIR","Three killed in road accident near Chennai - News On AIR","https://newsonair.gov.in/three-killed-in-road-accident-near-chennai/"
,"https://dtnext.in/news/chennai/chennai-woman-daughter-die-in-road-accident",,"CHENNAI: A 45-year-old woman and her 23-year-old daughter were killed in an accident after a private school bus collided with their two-wheeler near Urapakkam on Wednesday morning. The deceased were identified as Devi and Swathi, residents of a Tamil Nadu Urban Habitat Development Board quarters at Keerapakkam near Guduvanchery.
Police said Swathi was riding the two-wheeler with her mother seated pillion. The duo had left their house and were heading towards Urapakkam.
When they were nearing Karanai Padur village, Swathi attempted to overtake a government bus, when a private school bus coming from the opposite direction collided with it. On impact, both were grievously injured, and Devi died on the spot.
Swathi who was rushed to a private hospital in Potheri was declared ‘brought dead’ by the arrival. The Guduvanchery Traffic Investigation Wing sent the bodies for post-mortem to the Tambaram GH.
Police said there were no students inside the school bus at the time of the accident. Only the driver and his assistant were travelling in the vehicle.
The police have registered a case and are questioning the bus driver. It is learnt that Swathi had recently been engaged and was scheduled to get married next month.","1226","CBMihAFBVV95cUxPbVVQcGlUZ1F5d1RMQms4aWw5NW1XT0lYQ2VDUDFBWHhmZ2R2bVZydXVROFlVaF9kRTVxNnpxZ1A0X0M4UmxLQlBQOExKMmNXRTRpMWh2VDFObWpfODlQTXZYc1k4Y3dacTFRbVZNRVU0djRSTzQ1RXpvaDRKMjVRdjZ4ZUXSAZIBQVVfeXFMTWVXTWZGNGhFTG1NQzFneEQwaVRibmVwTVAwa1lWY0JYZ0pDRkFGaEltQlV6OHQ0eDBKUjdtSElrc0ZFN2J1cFR2M0JlYW5BUUJsUlVrM3R3enJtVGk1VHVfM1NlWWRMTmplcjhtSHFxNVV6dG1rNHloSGhlcVNpckNSVGh4NkFBR25IbHE3TTZWeHc","",,"2026-09-03T07:00:00+00:00","""road accident"" Chennai","true","2026-09-24T17:31:47.994320+00:00","google-news","dtnext.in","DT Next","Chennai: Woman, daughter die in road accident DT Next","Chennai: Woman, daughter die in road accident - DT Next","https://www.dtnext.in/news/chennai/chennai-woman-daughter-die-in-road-accident"
,"https://indianexpress.com/article/cities/bangalore/tirupati-trip-tragedy-kgf-innova-crash-four-killed-10867402",,"Stay updated with the latest - Click here to follow us on Instagram
A trip to Tirupati in Andhra Pradesh ended in tragedy for two families in Karnataka after four people were killed and three others injured when their Innova crashed into a stone culvert near Doddakari village in Kolar Gold Fields (KGF) on Monday morning.
The police identified the dead as Devendra, 44, his mother-in-law Sharadha Bai, 70, and Devendra’s children, Deeksha, 20, and Vishnu Sai, 12— all residents of Mysuru. The injured victims have been hospitalised.
According to the police, families of two sisters—one based in Bengaluru and the other in Mysuru—set out for Tirumala for darshan around 3 am and were returning home when the accident occurred around 7 am.
The police said the Innova’s driver, Vikas Rao, likely dozed off at the wheel, causing the car to veer off and strike the roadside culvert.
Since the Bengaluru-Chennai Expressway opened to traffic in March 2025, the section between Kolathur near Hoskote and Bethamangala has recorded over a dozen accidents and nearly 25 deaths.
In another incident, three women labourers were killed in Chikkaballapur district after an Omni van and a mini-goods vehicle collided near Kothanur Gate in Shidlaghatta taluk around 2.30 am, according to the police. The women are Roopa, 30, Rathnamma, 45, and Munichinnamma, 40—all residents of Mallikarjunapura
The victims were heading for harvesting flowers near Huzuguru village.
A police officer said, “The women were travelling in the Omni van which was driven by one Ramachandrappa. The van collided with a mini goods vehicle, and they died on the spot. There were about 10 daily-wage labourers. The injured were shifted to a nearby hospital for treatment.”
The police suspect that the driver of either the goods vehicle or the Omni van may have dozed off, leading to the collision. They have registered a case.","1885","CBMisAFBVV95cUxOak5vWVhaR2pacWhYanRhTHVHSEJESWU1TE01ZkhJZkxWejBnUk16QkZGTXFyRjczRDJIZnZqWFJKM3duc2RSSDJBYmJtT19rRFA2UjNKdm4zTE5jSjdiS3hHNXdaLVFHYXBiTk1aWDBPWG9OOTFmVjVKelpueFFGaXJfV2ozQ3d1LUpWSkpLTEVadlhKNkhLTnV2eFFkTkFNbjU5SUlrRFg5RERUTmpKS9IBtwFBVV95cUxPSWFFUHBJWW4waWZ6d0l2RWVDVTE4SmhsQTNaVmRwTU0wTUZwSG1YQmppVjNRUWVscDBwTjRhM1BCMngwXzNYZnd3MUlrdnpxWkRLb1RPbW1jUFJBcHZPSGx1TXdSSUVwMUllQ3YzU0FBNnk2XzdKOF9nZE9TNkJ5aEZ3bHJqNkJaaHN2ODdPRUFfTEs4NVVpMkZ0RzZORnFaOXNqOHpWSVI5cnVFT2dUbkhWSjVsRWs","",,"2026-09-07T07:00:00+00:00","""road accident"" Chennai","true","2026-09-24T17:31:47.994408+00:00","google-news","indianexpress.com","The Indian Express","4 killed in Bengaluru-Chennai Expressway crash while returning from Tirupati The Indian Express","4 killed in Bengaluru-Chennai Expressway crash while returning from Tirupati - The Indian Express","https://indianexpress.com/article/cities/bangalore/tirupati-trip-tragedy-kgf-innova-crash-four-killed-10867402/"
,"https://thehindu.com/news/cities/chennai/former-aiadmk-mlas-son-killed-in-road-accident-in-chennai/article71253312.ece",,"A 21-year-old youth, son of former AIADMK MLA P. Periyapullan, was killed after his motorcycle crashed into an earthmover on Sardar Patel Road in Guindy on Wednesday.
According to the police, the victim has been identified as Ulaga Athipathi, of Melur taluk in Madurai. The accident occurred around 7.30 a.m. when Ulaga Athipathi was riding his motorcycle from Gandhi Mandapam flyover towards Guindy.
The police said that his motorcycle rammed into a JCB earthmover near the Highways Department office on Sardar Patel Road. In the impact, he was thrown off the bike, and the JCB ran over him. He sustained severe injuries to his body and died on the spot.
On receiving information, personnel from the Traffic Investigation Wing, Mylapore, rushed to the scene and conducted an inquiry.
The body was sent to the Government Royapettah Hospital for post-mortem examination. The police have registered a case and are investigating.
Published - July 22, 2026 07:03 pm IST","965","CBMivwFBVV95cUxQWC1YZVpCRmozTldZNGtWSmRNNGllblRMYUxIbGVfaEdNVEFnekY0QUtmc1p2RXZ5SG83MWZuVWdnY21nQ3lHeHFEUG52VlNWc2tTVTFZSVo3UkNfX1VWWXRFVjRYR1dwNkRDYU9nWTRLQW04eGNURGZ3Y0llWEkwcG1xbHVVV2c0WEt0aTJVbGNRZUo4N0NNRWdrTGJIcGRpMTB3UEZDemxRYV91NVhPY0JCbmw5QVZnR3lrMFBVSdIBxgFBVV95cUxNVE5mWE92TTVNMFlvdXBGa0tWUWZTQ3BXVkU2MTV2OFN3QXQwRXBQTXM4XzQyejdjRklZVk1fV1VmNG5UQ0RmZmdUdTVoQVRubTVHcDFzQmhGZ0RwQ3IwNXdKSUVGTHlJcHhhd3lQSTJXRUxtY1ltcEE0UWZVV3MtdmJMNl9LNElRT1ZKSExzQU5VakFtWVpka09uYmRId2dCZWxmNndJNERjT0xkQ2tjbVpfRm43MUhESG1PSWgxWTRVOXNIZ2c","",,"2026-07-22T07:00:00+00:00","""road accident"" Chennai","true","2026-09-24T17:31:47.994545+00:00","google-news","thehindu.com","The Hindu","Former AIADMK MLA’s son killed in road accident in Chennai The Hindu","Former AIADMK MLA’s son killed in road accident in Chennai - The Hindu","https://www.thehindu.com/news/cities/chennai/former-aiadmk-mlas-son-killed-in-road-accident-in-chennai/article71253312.ece"
,"https://nature.com/articles/s41598-026-52037-1",,"Abstract
This study presents a comprehensive analysis of road accidents in India by using official government data sets from 53 major cities across 28 states. This research is conducted under a Type-2 picture fuzzy environment with advanced aggregation operators such as the arithmetic mean, geometric mean, hamy mean, Einstein weighted operator, and Aczel-Alsina operator. To enhance decision-making under uncertainty, a novel distance measure is proposed and theoretically validated. Five prominent distance-based multi-criteria decision-making (MCDM) methods such as TOPSIS, VIKOR, WASPAS, CODAS, and COPRAS were applied to rank the cities based on 35 critical road accident-related criteria. The results of the model revealed that Chennai consistently secured the top ranking in TOPSIS, COPRAS, and FIR. Amritsar also performed exceptionally, ranking 1st in VIKOR and achieving 3rd in TOPSIS. In contrast, cities such as Kanpur, Lucknow, and Ahmedabad consistently ranked in the bottom quartile, with Kanpur receiving the lowest position (53rd) in TOPSIS and FIR, indicating they are in critical risk zones. Mid-ranked cities such as Hyderabad, Pune, and Rajkot showed variations across methods but maintained stable FIR positions. To validate the robustness of the rankings, a comprehensive sensitivity analysis was conducted by various decision parameter q, confirming the stability of rankings under fluctuating conditions. The proposed framework improved the precision of accident severity and demonstrated adaptability to broader decision-making scenarios involving uncertainty. This study contributes a novel, integrated, and mathematically rigorous methodology for assessing urban safety for policymakers to reduce the road accident risks across Indian cities.
Similar content being viewed by others
Introduction
Road accidents are one of the leading causes of death and injury globally, posing a serious threat to public health and safety. According to the WHO report approximately 1.3 million people die each year as a result of road traffic crashes1. Millions more suffer non-fatal injuries, often leading to long-term disabilities and emotional trauma. The burden is disproportionately higher in low- and middle-income countries, where 93% of the world’s road fatalities occur despite having only 60% of the vehicles. Road accidents affect individuals, families and also the broader economy system. The economic cost of road traffic accidents is estimated at 3% of a country’s GDP in many nations. Emergency medical services, insurance payouts and productivity loss contribute significantly to these financial burdens. Children, young adults and working-age individuals are most vulnerable loss to the nation’s human capital. In urban areas traffic accidents contribute to congestion, delays and pollution. Globally road accidents are considered as a development issue and also a traffic concern2.
Preventing road accidents aligns with the UNSDG especially goal 3 (good health and well-being) and goal 11 (sustainable cities and communities). Enhanced infrastructure, proper urban planning and vehicle safety standards are key to reducing risks. Strong enforcement of traffic laws including penalties for drunk driving, speeding and mobile phone use has proven effective in many countries3. Public awareness and education campaigns play a crucial role in shaping road behavior. Vehicle maintenance and technological advancements such as ABS, lane-assist systems and collision warnings have improved safety4.
In many parts of the world roads have poor conditions, lack of enforcement and limited awareness. Data collection and research into road accident provides help in formulating effective policies. International cooperation and knowledge exchange strengthen global road safety efforts5. Developing nations are prioritising road safety in policy frameworks and budgets.
Road safety is a responsibility which involving governments, engineers, law enforcement and road users. Reducing accidents helps economic development with social well-being. Safer roads ensure better mobility, access to education and healthcare in both urban and rural areas. Addressing this issue can transform the path of people travel and live.
India has one of the highest rates of road accidents globally which providing continuous analysis and interventions. According to the MoRTH over 1.5 lakh people die in road crashes annually in India6. Road accidents in India have emerged as a critical public safety issue with severe socio-economic and health implications. These accidents lead to tragic loss of life and also result in millions of injuries. Most of these cause a long-term disability and trauma. These accidents cause loss of life and massive economic setbacks with long-term trauma for families. Most fatalities occur among the \(18-45\) age group which representing a significant loss of the productive workforce. India accounts for almost 11% of global road accident deaths despite having only 1% of the world’s vehicles.
Continuous data collection and analysis help to identify accident-prone zones, black spots across highways and urban roads. Poor road conditions, lack of signage and faulty design are common contributors to these high-risk areas. The government has initiated steps such as iRAD to monitor and reduce accidents. Speeding, drunk driving and non-compliance with helmet and seatbelt rules are among the leading human factors. Overloaded and poorly maintained vehicles contribute significantly to accident rates.
Urban traffic congestion in metros adds the chaos and increasing the risk of collisions. The rapid rise in vehicle ownership in two-wheelers needs for stronger safety regulations. The motor vehicles act 2019 introduced stricter penalties to improve driver discipline. Awareness campaigns such as sadak suraksha jeevan raksha aim to educate citizens on road safety. But enforcement is a challenge due to manpower shortages and inconsistent monitoring.
Advanced traffic systems with AI-based monitoring are implemented in smart cities. School and college-based road safety education programs are important to build long term awareness7. Regular vehicle fitness checks and driver training need to be standardised across states. Collaboration with NGOs and the private sector enhances outreach engagement. Salem8 proposed a multi-agent V2V communication framework to enhance vehicle dynamics and cooperative driving through intelligent information exchange among connected vehicles. Real-time data analysis using GPS, CCTV and mobile apps helps to generate quicker response and trend identification9. Thanasupsin et al.10 developed a nested logit model to analyse travel mode choice behaviour within university campuses by examining multiple transportation preferences and influencing factors. When system need decision support system it can utilise adaptive artificial intelligence learning models within decision support systems to improve intelligent regional management under dynamic and data-driven environments11. Fadwa12 developed an integrated framework for multi-level production defect detection by combining quality management tools with maintenance optimisation strategies to improve industrial performance. Also, Tiryaki and Oral13 developed an advanced traffic sign classification framework using spatial transformer networks integrated with convolutional neural networks to improve recognition accuracy in intelligent transportation systems.
Tamil Nadu and Gujarat shown a reduction in accident rates through focused action plans. Still rural areas face challenges due to poor infrastructure and delayed emergency services. Continuous analysis include social, geographical and behavioral factors unique to each region. Multi agency coordination among transport, police, health and urban development departments is vital. India needs to meet its road safety targets, ongoing analysis, public participation and political will are essential14.
In India the analysis of road accidents involves uncertainty due to imprecise, incomplete data related to human behavior, road conditions and enforcement levels. To handle this uncertainty this model provides the framework of T2FS which allows for better modeling of the ambiguity present in expert opinions and accident-related factors. By incorporating aggregation operators diverse expert judgments and criteria can combine to evaluate accident prone areas. It introduces a novel distance measure designed for T2PF environments which enhances the precision of evaluations between alternatives. This integrated approach enables robust decision-making in identifying high risk zones and developing road safety interventions. Abbreviation section shows the expansion of each abbreviation utilised in this work.
Fuzzy sets
The concept of FS introduced by Zadeh in 196515. It was a groundbreaking step toward mathematical modeling and imprecision in real-world decision-making. Classical logic treats information in a binary manner but real-world problems such as economic forecasting and road accident analysis often involve vague data. FS addressed this by allowing partial membership and offering a flexible framework to capture gradations of truth which laid the foundation for several powerful extensions of fuzzy theory.
T1FS allow each element to have a degree of membership ranging from 0 to 1. But the membership of T2FS16 itself is uncertain such as when evaluating traffic risks and fluctuating economic indicators become essential. These sets model fuzziness in the membership function itself and providing an added layer of uncertainty modeling. IVT2FS17 are widely used due to their computational simplicity and effectiveness in capturing uncertainty ranges in problems.
To improve the representational accuracy of FS researchers have designed various fuzzy number shapes such as triangular, trapezoidal, pentagonal and heptagonal fuzzy numbers. Among these TrFNs are commonly employed for modeling economic intervals and estimating accident-related data that lie within approximate boundaries. Recently, Turgay et al.18 provided an uncertainty-aware evaluation framework based on T-spherical hesitant fuzzy rough sets for intelligent assessment of Edge-Cloud architectures in smart manufacturing.
Further enhancing the flexibility of fuzzy logic IFS19 introduce three components for each element. They are a degree of membership, non-membership and hesitation. This structure enables a deeper representation of expert uncertainty, such as in assessing regional economic instability or determining accident-prone zones where expert opinions may diverge. Several important extensions have emerged from this model:
- 
                    BIFS20 allow simultaneous representation of positive and negative perceptions which is valuable when analyzing conflicting public opinions about transportation safety.
- 
                    BVFS integrate both positive and negative contexts into a unified framework which useful in modeling dual-sided decision parameters.
- 
                    IVIFS accommodates ranges for both membership and non-membership values which ideal for capturing variability in economic metrics.
- 
                    T2IFS enhance capabilities by introducing non-membership to intuitionistic functions which suitable in high uncertainty domains.
Another milestone in fuzzy logic is the development of PyFS21. It extends IFN by allowing the sum of squares of membership and non-membership degrees to be at most 1. This extends the modeling capacity for highly uncertain environments. In applications such as urban traffic control, accident severity classification and economic impact assessment PyFS provides greater flexibility. It representing conflicting, incomplete and hesitant information. The evolution of FS theory from T1FS to advanced models such as T2FS, IFS and PyFS offers a powerful toolbox for analyzing complex socio-economic phenomena.
Literature review on MCDM methods in fuzzy environment
In recent decades MCDM methods have gained prominence for solving complex problems involving conflicting criteria. To better handle real-world uncertainty researchers have integrated MCDM methods with FS theory which leading to more flexible models. This review explores the evolution and application of various fuzzy-based MCDM approaches and highlighting their strengths, limitations and domains of use. Table 1 explains the recent works that used MCDM in the field of road accidents and economic strategy. Recently, Altayf et al.22 developed an MCDM framework for the intelligent selection of photovoltaic-battery energy storage systems (PV-BESS) by jointly evaluating cost and reliability factors. Mustafa et al.23 developed a GIS-based multi-criteria evaluation framework to assess land suitability for wind power farm development in Iraq by integrating environmental, spatial and technical factors. Chaoui et al.24 integrated geospatial technologies with multi-criteria decision analysis to enhance sustainable and resilient urban planning through comprehensive spatial and strategic evaluation. Qiu et al.25 developed a decision-making model for prioritising low-carbon policies by evaluating climate mitigation strategies under multiple sustainability criteria.
Motivation
Road traffic accidents in India have a severe public health concern and demanding immediate evaluation systems. Due to the inherent vagueness in expert assessments of accident-related factors traditional models having uncertainty. To address this issue this study proposes a novel decision-making framework based on T2PFS combined with advanced aggregation operators and a customized distance measure.
- 
                    This study motivated by the increasing level of road accidents in India. This critical issue demands investigation and an innovative assessment framework.
- 
                    Traditional statistical models are insufficient for handling the ambiguity, vagueness and subjectivity associated with real-world data. Hence it is important to explore an advanced fuzzy model to capture the imprecise nature of expert evaluations.
- 
                    Most existing models fail to consider the degree of hesitation in decision making. This motivation addresses the gap to utilise T2PFS which provides a richer structure for managing uncertainty, neutrality and disagreement in expert opinions.
- 
                    Road accident analysis involves multiple factors such as vehicle, infrastructure and environment. It makes traffic accident prioritisation as an ideal domain for applying MCDM methods. This motivated to structure the factors into a strong decision making framework.
- 
                    A motivation from the research opportunity is to develop novel aggregation operators and an innovative distance measure with the T2PFNs. It could enhance the precision of the final rankings.
- 
                    Literature survey revealed a scarcity of integrated studies that combine T2FL, PFS, advanced operators and a derived distance measures for road accident assessment. This gap motivated to contribute a unique and comprehensive model.
- 
                    Beyond academic interest this work strongly driven by the potential social impact. This research can assist policymakers and transportation authorities in prioritising road safety interventions.
The proposed fuzzy MCDM approach provides a proper evaluation of road accident risk factors under uncertainty. By incorporating T2PF modeling with a tailored distance measure this study offers a valuable insights for policy design and accident prevention strategies. This research opens new directions for applying advanced fuzzy models in other complex and uncertainty domains of public decision making.
Contribution
Road accidents is a pressing concern in India with increasing complex factors across regions. To address the challenge of uncertainty in evaluating accident risks this study adopt a T2PF framework. This study applies various fuzzy aggregation operators and a novel distance measure to assess 53 cities using 35 critical accident-related criteria.
- 
                    This study analyses road accident severity across 53 major cities which covering all states and union territories of India. It ensuring nationwide representation and applicability.
- 
                    A total of 35 critical criteria that including driver behavior, road infrastructure, vehicle conditions and environmental factors. They were identified and used to assess accident intensity in each city.
- 
                    The study introduces a novel decision-making framework which utilizing T2PFS along with various aggregation operators and a customized distance measure. It is effectively handling uncertainty, hesitation and contradiction in expert judgments.
- 
                    Using the proposed fuzzy MCDM model cities were ranked based on the severity and contributing factors of road accident. It helps to identify locations with the highest accident risk.
- 
                    Sensitivity analysis conducted to verify the stability of the city rankings under different weighting scenarios and operator choices.
- 
                    The findings were validated through appropriate statistical techniques which strengthening the credibility and real-world relevance of the proposed model.
The proposed model identifies the cities with high accident severity by capturing uncertainty in expert judgments. This study provides valuable insights for policymakers in prioritising strategies of road safety in India.
Structure
This article is organised into five sections. “Preliminaries” introduces the preliminary concepts including the mathematical foundation of T2PFNs and the proposed aggregation operators such as arithmetic, geometric, Hamy mean, Einstein weighted and Aczel-Alsina. “Case study: multi-criteria evaluation of road accidentseverity across cities” presents the real world case study involving road accident data from 53 Indian cities with the detailed algorithm designed to evaluate the cities using MCDM methods. “Results and validation” offers a discussion covering the results obtained from TOPSIS, VIKOR, WASPAS, CODAS and COPRAS with a sensitivity analysis. This section highlights the strengths, comparative advantages and limitations of the proposed framework. “Sensitivity analysis” focuses on the validation of the results which proving the consistency of rankings, implications for urban safety planning and the effectiveness of the proposed method under varying decision parameters. Finally “Conclusion” concludes the study by summarising the key findings, confirming the robustness of the model and suggesting directions for future research in decision-making under uncertainty. Figure 1 shows the flowchart of the work.
Preliminaries
Definition 2.1
A FS \({\tilde{A}}\) in a universe of discourse X is characterized by a membership function \(\mu _{{\tilde{A}}}: X \rightarrow [0,1]\), which assigns to each element \(x \in X\) a degree of membership in the set \({\tilde{A}}\).
where:
- 
                    X is the universe of discourse,
- 
                    \(\mu _{{\tilde{A}}}(x)\) is the membership degree of x in the fuzzy set \({\tilde{A}}\),
- 
                    \(0 \le \mu _{{\tilde{A}}}(x) \le 1\) for all \(x \in X\).
Definition 2.2
A T2FS \({\tilde{A}}\) in a universe of discourse X is characterized by a type-2 membership function \(\mu _{{\tilde{A}}}(x,u)\), where \(x \in X\), \(u \in J_x \subseteq [0,1]\), and \(0 \le \mu _{{\tilde{A}}}(x,u) \le 1\). It can be represented as:
Alternatively a T2FS can be viewed as a collection of T1FS:
where \({\tilde{\mu }}_{{\tilde{A}}}(x)\) is a fuzzy set in [0, 1] called the secondary membership function and \(J_x \subseteq [0,1]\) is the domain of u values associated with x.
Definition 2.3
Let X be a universe of discourse. A PFS \({\tilde{A}}\) in X is defined as:
where:
- 
                    \(\mu _{{\tilde{A}}}(x) \in [0,1]\) denotes the degree of membership of x in \({\tilde{A}}\),
- 
                    \(\nu _{{\tilde{A}}}(x) \in [0,1]\) denotes the degree of non-membership of x in \({\tilde{A}}\),
- 
                    \(\pi _{{\tilde{A}}}(x) \in [0,1]\) denotes the degree of neutrality of x in \({\tilde{A}}\),
- 
                    and they satisfy the condition: $$\begin{aligned}0 \le \mu _{{\tilde{A}}}(x) + \nu _{{\tilde{A}}}(x) + \pi _{{\tilde{A}}}(x) \le 1 \end{aligned}$$
Definition 2.4
Let X be a universe of discourse. A Type-2 Picture Fuzzy Set (T2PFS) \({\tilde{A}}\) in X is characterized by a membership function:
where for each \(x \in X\):
- 
                    \({\tilde{\mu }}_{{\tilde{A}}}(x) \subseteq [0,1]\) is a Type-2 fuzzy set representing the positive membership degree,
- 
                    \({\tilde{\nu }}_{{\tilde{A}}}(x) \subseteq [0,1]\) is a Type-2 fuzzy set representing the negative membership degree,
- 
                    \({\tilde{\pi }}_{{\tilde{A}}}(x) \subseteq [0,1]\) is a Type-2 fuzzy set representing the neutral membership degree,
- 
                    and for each \(x \in X\), and each \(u \in {\tilde{\mu }}_{{\tilde{A}}}(x)\), \(v \in {\tilde{\nu }}_{{\tilde{A}}}(x)\), \(w \in {\tilde{\pi }}_{{\tilde{A}}}(x)\), the following condition holds: $$\begin{aligned} 0 \le u + v + w \le 1 \end{aligned}$$
This definition allows modeling higher-order uncertainty in all three aspects: positive, neutral and negative degrees of membership.
Definition 2.5
Let \({\tilde{A}}\) be a T2PFN defined as:
where:
- 
                    \((\mu _1, \nu _1, \pi _1)\) represents the primary membership, non-membership and hesitation degrees;
- 
                    \((\mu _2, \nu _2, \pi _2)\) represents the secondary membership, non-membership and hesitation degrees;
- 
                    \(\mu _i, \nu _i, \pi _i \in [0,1]\) and \(\mu _i + \nu _i + \pi _i \le 1\) for \(i=1,2\).
Then the entropy measure of the T2PFN \({\tilde{A}}\) is defined as:
with the convention that \(x \ln x = 0\) when \(x = 0\).
T2PFNs with various operators
Theorem 2.6
Let \({\tilde{A}}_k = ({\tilde{\mu }}_k, {\tilde{\nu }}_k, {\tilde{\pi }}_k)\) for \(k = 1, 2, \dots , n\) be a set of n T2PFNs where each \({\tilde{\mu }}_k = [\mu _k^L, \mu _k^U]\), \({\tilde{\nu }}_k = [\nu _k^L, \nu _k^U]\) and \({\tilde{\pi }}_k = [\pi _k^L, \pi _k^U]\) represent the lower and upper bounds of the secondary membership, non-membership and neutrality degrees, respectively. Then, the Einstein Aggregated T2PFN \({\tilde{A}}_E = ({\tilde{\mu }}_E, {\tilde{\nu }}_E, {\tilde{\pi }}_E)\) is given by:
provided all values are in the interval [0, 1] and satisfy the condition:
Proof
The Einstein aggregation operator for fuzzy values \(a_1, a_2, \dots , a_n\) in [0, 1] is defined as:
We apply this formula separately to each component (membership, non-membership, and neutrality), both for the lower and upper bounds, since T2PFNs are represented using intervals.
Since the Einstein operator preserves the boundedness in [0, 1] and is increasing and associative, applying it to each component individually ensures that the aggregated result also satisfies the PFS condition:
Hence, the result is a valid T2PFN. \(\square\)
Theorem 2.7
Let \({\tilde{A}}_k = ({\tilde{\mu }}_k, {\tilde{\nu }}_k, {\tilde{\pi }}_k)\) for \(k = 1, 2, \dots , n\) be a set of n T2PFNs, where each component is represented as an interval:
Then, the Hamy Mean Aggregated T2PFN \({\tilde{A}}_{HM} = ({\tilde{\mu }}_{HM}, {\tilde{\nu }}_{HM}, {\tilde{\pi }}_{HM})\) is defined as:
where r is an integer such that \(1 \le r \le n\), controlling the interaction level.
Proof
The Hamy mean operator is an aggregation function that captures interrelationships among the input arguments through all r-wise combinations. It generalizes the geometric mean by computing the average of all possible products of r distinct elements from the n values.
Since each T2PFN component lies in [0, 1], and all operations (product, root, sum) preserve the boundedness in [0, 1], the resulting values also lie within [0, 1].
Moreover, since the Hamy Mean is symmetric, idempotent, and bounded, the final aggregated result satisfies:
Hence, the aggregated result is a valid T2PFN. \(\square\)
Theorem 2.8
Let \({\tilde{A}}_k = ({\tilde{\mu }}_k, {\tilde{\nu }}_k, {\tilde{\pi }}_k)\) for \(k = 1, 2, \dots , n\) be a collection of n T2PFNs.
Then the arithmetic aggregated T2PFN \({\tilde{A}}_A = ({\tilde{\mu }}_A, {\tilde{\nu }}_A, {\tilde{\pi }}_A)\) is given by:
provided the condition:
is satisfied for all k.
Proof
The arithmetic mean is a standard aggregation operator that calculates the central tendency of a collection of numbers. It is linear, idempotent and preserves order.
Since all components of a T2PFN lie within [0, 1] the arithmetic mean of those components will also lie within [0, 1].
Furthermore, the sum of the aggregated components satisfies:
Therefore, the resulting tuple also satisfies the definition of a valid Type-2 Picture Fuzzy Number. \(\square\)
Theorem 2.9
Let \({\tilde{A}}_k = ({\tilde{\mu }}_k, {\tilde{\nu }}_k, {\tilde{\pi }}_k)\) for \(k = 1, 2, \dots , n\) be a collection of n Type-2 Picture Fuzzy Numbers (T2PFNs), where:
Then, the geometric aggregated T2PFN \({\tilde{A}}_G = ({\tilde{\mu }}_G, {\tilde{\nu }}_G, {\tilde{\pi }}_G)\) is given by:
provided that for each k, the following constraint holds:
Proof
The geometric mean is defined for positive real numbers and is appropriate for multiplicative aggregation. Since all \(\mu _k^*\), \(\nu _k^*\), and \(\pi _k^*\) are within [0, 1] their product and respective roots also remain in [0, 1].
The geometric mean preserves boundedness and symmetry and does not exceed the maximum below the minimum input values.
Since:
the result satisfies the condition of a valid T2PFN. \(\square\)
Theorem 2.10
Let \({\tilde{A}}_k = ({\tilde{\mu }}_k, {\tilde{\nu }}_k, {\tilde{\pi }}_k)\) for \(k = 1, 2, \dots , n\) be a collection of n T2PFNs where:
Then the Aczél-Alsina aggregation operator for T2PFNs with parameter \(p > 0\) is given by:
for \(* \in \{L, U\}\), and assuming all input values are in the open interval (0, 1).
Proof
The Aczel-Alsina t-norm is a generalization of the geometric mean defined via logarithmic transformation and \(L_p\)-norms. It is associative, commutative, monotonic and satisfies the boundary condition.
For multiple inputs \(a_1, a_2, \dots , a_n \in (0,1)\), the Aczél-Alsina aggregation becomes:
Applying this operator independently to each interval-valued membership, non-membership and neutrality component of T2PFNs preserves the boundedness in [0, 1] and ensures that:
Thus the aggregated result is a valid T2PFN. \(\square\)
Proposed methodology
The proposed approach uses fuzzy aggregation, distance measures, and hybrid MCDM techniques to normalise data, evaluate alternatives, compute utility and significance scores, and then rank alternatives using integrated TOPSIS, VIKOR, WASPAS, CODAS, COPRAS and aggregation-based decision mechanisms as shown in Fig. 1.
Case study: multi-criteria evaluation of road accident severity across cities
To identify the city with the highest road accident rates specific evaluation criteria are essential. These 35 criteria provide a structured framework for comparing accident related factors across multiple cities. By analysing aspects such as accident frequency, severity and traffic conditions this work can gain a comprehensive understanding of accident trends.
- 
                  Speeding is one of the leading reasons to road accidents. It reduces the driver’s ability to react to sudden obstacles in traffic conditions. Higher speeds increase the crash and the severity of the resulting injuries36. It diminishes the effectiveness of safety measures such as seatbelts and airbags. It is making dangerous collisions.
- 
                  Drunk driving is a major cause of road accidents. It slows reaction time and reduces coordination. Drivers under this influence take risky actions, misjudge distances and fail to respond to traffic signals and hazards37. This reckless behavior increases the chances of collisions and resulting in severe injuries and fatalities.
- 
                  Mobile phone usage: using mobile phone while driving is a dangerous distraction that diverts the driver’s attention from the road. It reduces awareness and increases the missing traffic signals and obstacles38. Texting, calling and browsing in a mobile phone while driving elevates the risk of accidents.
- 
                  Violating traffic rules: ignoring signals and overtaking creates situations that increase the risk of accidents. These violations disrupt the flow of traffic and often lead to collisions39. Inconsistency in rules reflects poor traffic discipline and is a major contributor to road accidents.
- 
                  Driver fatigue: it affects a concentration of driver, reaction time and decision making ability. Tired drivers miss signals and fall asleep at the wheel. These are leading to serious accidents. Long hours of driving without rest are a common cause of fatigue related road incidents40.
- 
                  Lack of driving experience: inexperienced drivers lack the skills and they need confidence to respond at complex traffic situations. They struggle with vehicle control, misjudge the distances and fail to anticipate the actions of other road users41. This lack of experience increases the critical errors which leading to a risk of accidents.
- 
                  Driving under psychological stress: psychological stress can greatly affect a driver’s focus, judgment and reaction time. Stressed drivers are prone to aggressive behavior, distraction and poor decision making on the road42. Emotional distress such as anxiety can lead to unsafe driving practices which increase the risk of accidents.
- 
                  Poor road conditions: damaged maintained roads such as those with potholes, faded markings, and inadequate lighting pose serious hazards to drivers. These conditions can lead to loss of vehicle control, delayed braking and swerving which increasing the accidents43. Additionally a lack of proper signage contributes to unsafe driving environments.
- 
                  Inadequate lighting at night: poor lighting conditions during nighttime driving reduce visibility and making difficult for drivers to detect obstacles, pedestrians and other vehicles in time. Insufficient street lighting increases the risk of misjudgments and delayed reactions which leading to a higher probability of collisions. Well-lit roads are essential for safe navigation in high-traffic prone areas44.
- 
                  Lack of proper signage: the absence of traffic signs creates confusion in drivers and disrupts the flow of traffic. Without clear indicators for speed limits, turns, warnings and pedestrian crossings drivers handling unsafe decisions45. This lack of guidance increases the risk of road accidents in unfamiliar areas.
- 
                  Sharp curves and blind turns: it limits a driver’s sight line and making it difficult to anticipate oncoming traffic. Navigating these areas at high speeds increase the risk of collisions. Without warning signs and barriers road features become common hotspots for accidents46.
- 
                  Poor road markings: faded, unclear, missing road markings can confuse drivers about lane boundaries, turning zones and pedestrian crossings47. This lack of visual guidance affects safe navigation during night and adverse weather conditions. Poor road markings contribute to lane violations and misjudgments which increasing the road accidents.
- 
                  Faulty traffic signals: malfunctioning traffic signals disrupt the flow of vehicles and create uncertainty at intersections. Drivers misinterpret right way which leading to sudden stops, collisions and gridlocks48. Such signal failures heighten the risk of accidents in busy urban areas.
- 
                  Presence of speed breakers: improperly placed speed breakers and rumble strips can shock the drivers. It can make the sudden braking and loss of control. If not visible from a distance drivers can lead to rear-end collisions and vehicle damage49. While intended to reduce speed when poorly designed they can increase accident risk.
- 
                  Encroachment on roads: encroachment occurs when roadside spaces are occupied by vendors, parked vehicles and illegal constructions which narrowing the usable roadway. This reduces maneuverability for drivers and increases congestion in urban areas50. Such obstructions force raising the level of accidents.
- 
                  Weather conditions: adverse weather conditions such as heavy rain, fog, snow and strong winds can reduce visibility and road grip. Slippery surfaces and poor sightlines increase braking distances and the chances of skidding51. Drivers are struggling to detect road hazards respond promptly which making weather as a significant factor in road accidents.
- 
                  Time of day: it plays a crucial role in road safety. It is higher during late night hours due to low visibility and driver fatigue14. Rush hours increasing the accidents due to congestion and aggressive driving. Understanding peak accident times will help in planning traffic management strategies.
- 
                  Visibility: visibility will be reduced by by fog, heavy rain, darkness and glare. It affects the ability of the driver to see the road, traffic signs and other vehicles clearly. Poor visibility increases reaction time and the missing hazards. It is a critical factor that elevates the risk of accidents at high speeds in unfamiliar roads52.
- 
                  Vehicle maintenance: poorly maintained vehicles are prone to mechanical failures such as brake malfunctions, tire blowouts and steering issues. It can lead to accidents. Regular maintenance ensures the essential safety systems function and reduces the risk of sudden breakdowns on the road53.
- 
                  Brake failure: brake failure is a critical mechanical issue. It can lead to a complete loss of vehicle control. Brakes issue can increase stopping distance and it fails entirely during emergencies54.
- 
                  Headlight issues: headlight issues reduce visibility during poor weather conditions. It is difficult to drivers to see and be seen by others. Non functional indicators prevent clear communication of turns and leading to confusion among nearby drivers. These lighting issues compromise road safety and contribute to collisions55.
- 
                  Overloading: exceeding a vehicle’s recommended load capacity can negatively impact its stability, braking performance and overall handling56. This overloading places stress on the tires, suspension and brakes. It heightening the risk of mechanical failure and loss of control. Vehicles carrying too much weight are more challenging to control in emergencies and threaten road safety.
- 
                  Old vehicles and poor technology: aging vehicles with outdated technology often lack modern safety features such as ABS, airbags and stability control systems. Over time critical components such as brakes, steering and lighting systems can deteriorate which increasing the risk of malfunction. Such vehicles are less equipped to handle emergency situations and making them more prone to accidents57.
- 
                  High traffic density: it leads to congestion which reduced maneuvering space and increased driver frustration. These heighten the risk of accidents. In crowded conditions the chances of rear end collisions, lane changes and side swipes rise. Dense traffic demands constant vigilance and quick reflexes which increasing the human error.
- 
                  Unplanned intersections: poorly designed intersections create confusion about right way which leading to hesitation in driving. The lack of proper signals, signage and lane markings at such junctions can increases the chances of collisions. These areas become accident hotspots due to their traffic flow and control measures.
- 
                  Mix of vehicle types: the coexistence of diverse vehicles such as cars, buses, trucks, two wheelers and non motorised transport on the same road creates speed. Larger vehicles obstruct visibility while smaller ones driving. This uneven mix increases the risk of collisions in the absence of dedicated lanes.
- 
                  Roadside parking: improper roadside parking narrows the effective width of the road which obstructing traffic flow and reducing visibility for both drivers and pedestrians. It forces vehicles to make sudden lane shifts on busy. This increases the collisions and traffic congestion.
- 
                  Public transport issues: overcrowded and poorly maintained public transport systems can lead to unsafe road conditions. Sudden stops, illegal halting, reckless driving by buses disrupt traffic flow and endanger other road users. Additionally a lack of reliable public transport pushes people toward private vehicles which increasing congestion and accident risk.
- 
                  Traffic law enforcement strength: the effectiveness of traffic law enforcement plays a crucial role in ensuring road safety. Weak enforcement leads to widespread violations such as speeding, signal jumping and drunk driving. Strong monitoring along with strict penalties, deters risky behaviors can reduce the level of accidents.
- 
                  Urban design: well planned urban design features such as roundabouts, medians and pedestrian zones can help regulate traffic flow. Poor designs can confuse drivers which increase the risk of accidents. Effective urban infrastructure enhances safety by providing clear guidance and separation for different road users58.
- 
                  Lack of road safety education: insufficient awareness, understanding of traffic rules and safe driving practices contribute to road accidents. Without proper education drivers, pedestrians and cyclists are engage in risky behaviors. Promoting road safety education helps to build a culture of responsibility and caution among all road users59.
- 
                  Inadequate penalties: lenient penalties and weak enforcement reduce the deterrent effect of traffic laws. It is encouraging violations such as speeding, drunk driving and signal jumping. When offenders face minimal consequences and compliance with safety rules declines60. Strengthening legal measures and ensuring strict enforcement are essential to promote responsible driving.
- 
                  Population density: high population density leads to increased vehicular and pedestrian activity on roads. It results in congestion and complex traffic situations. People sharing limited road space the chances of accidents rise due to overcrowding, frequent stops and unpredictable movements. Densely populated areas require proper traffic management to ensure safety61.
- 
                  Emergency response time after accidents: the speed at emergency services respond to road accidents is critical in reducing fatalities and severe injuries. Delays in medical aid and fire services can worsen outcomes for victims and lead to secondary accidents. Efficient emergency response systems are vital for minimising the impact of road incidents62.
- 
                  Awareness campaigns about road safety: public awareness campaigns play a vital role in educating citizens about safe driving practices, traffic rules and the consequences of violations. Well designed campaigns can influence behavior, promote a culture of safety and reduce accident rates. Continuous engagement through media, schools and community programs helps responsible road usage63.
These criteria provide an understanding of the multiple factors which contributing to road accidents. Evaluating cities based on these aspects helps to identify high risk areas. It will implement targeted safety measures. A data driven approach to these criteria is essential for road accident prevention and urban traffic management. Figure 2 shows the various levels of risk factors of road accidents in India (Tables 2, 3).
Results and validation
The ranking of 53 Indian cities based on road accident data was performed using five well-established MCDM methods such as TOPSIS, VIKOR, WASPAS, CODAS and COPRAS. Each method produced an individual ranking list based on distinct criteria-weighted algorithms. Among all cities Chennai consistently showed lower severity values and received top positions across most methods. Specifically Chennai ranked 1st in TOPSIS, 3rd in VIKOR, 2nd in WASPAS, 2nd in CODAS and 1st in COPRAS. These consistent top ranks led Chennai to achieve the 1st place in the FIR64,65 and66 which confirming its outstanding road safety performance. Amritsar performed exceptionally well and securing ranks such as 3rd in TOPSIS and 1st in VIKOR and CODAS which reflects strong consistency in the results across diverse methods. Coimbatore and Chandigarh also maintained top 10 positions in most methods which demonstrating relatively safe traffic conditions and governance. Cities such as Kanpur, Lucknow and Ahmedabad consistently appeared in the bottom tier across all methods. For example Kanpur ranked 53rd in TOPSIS and 50th in VIKOR while Lucknow and Ahmedabad remained in the bottom 10 for all five methods. The rankings indicate road accident risks and the need of safety interventions.
Mid ranked cities such as Hyderabad, Pune and Rajkot showing the variations which reflecting their borderline performance and scope for improvement. To ensure the reliability of results the FIR calculated using an average rank aggregation across five methods. The FIR served as a comprehensive benchmark which is a minimising method in a specific bias and improving decision consistency. Cities with high ranks across methods maintained their position in the FIR which validating the robustness of the evaluation. The comparison revealed that top ranked cities in FIR such as Chennai, Amritsar and Coimbatore had lower sensitivity scores. It further validated the true values of their ranking. The cities with high FIR values corresponding to high sensitivity measures. This strong alignment between results and FIR ranking supports the validity of the applied MCDM models. The results identified high risk zones for policy focus and demonstrated the effectiveness of the multi-method approach in decision-making under uncertainty. Overall the rankings were found to be consistent, interpretable and statistically valid. It is strengthening their application in real-world traffic safety management.
Discussion
The FIR system provides an evaluation by integrating the outcomes of five MCDM methods such as TOPSIS, VIKOR, WASPAS, CODAS and COPRAS. This approach mitigates the inconsistencies among individual methods and yields a final ranking that captures the overall performance of each city. According to the FIR results Chennai stands out with the 1st rank and maintaining exceptional scores across all five methods. It is making that as the best performing city. Delhi follows closely in 2nd position which consistently placed in the top 10 by each method. Indore ranked 3rd which shows uniform excellence being ranked 1st by WASPAS and 2nd by TOPSIS and CODAS. Bengaluru secures the 4th FIR rank and indicating strong infrastructural service based efficiency. Dhanbad and Thrissur ranked 4th and 5th respectively. It is maintaining high positions across all models emphasising their consistent quality. Mumbai at 7th place performs steadily with all method based rankings placing it within the top 10.
On the other end of the spectrum Lucknow is the lowest-ranked city with an FIR of 53 consistently placed last by every method. Ghaziabad and Kanpur with FIRs of 52 and 50 also exhibit poor performance across all criteria suggesting systemic issues in their evaluated parameters. Coimbatore holds the 48th FIR rank matching low ranks across TOPSIS, VIKOR, WASPAS and CODAS. Madurai and Nagpur follow with FIRs of 47 and 46 respectively and confirming the underwhelming evaluations by all individual methods. Amritsar though ranked 1st in VIKOR has a final FIR of 7 as it ranked lower in other methods such as COPRAS (6) and WASPAS (5) which shows how FIR effectively balances extremes. Kannur, Kozhikode and Ranchi with FIRs of 15, 14 and 15 respectively demonstrate variability in rankings but end up in the upper middle segment due to the fuzzy inference process averaging their performance. Jaipur, Jabalpur and Patna fall in the mid FIR range of 21 to 32 reflecting average performance across the board.
Tiruchirappalli and Durg Bhilainagar receiving better individual rankings which placed \(43\textrm{rd}\) and \(42\textrm{nd}\) respectively in FIR due to inconsistent scores from certain methods. Jodhpur given a very low rank by COPRAS \((53\textrm{rd})\) achieves a \(32\textrm{nd}\) FIR due to stable rankings in the other methods showing how FIR neutralizes the effect of outliers. Vijayawada and Vishakhapatnam both holding a \(42\textrm{nd}\) and \(44\textrm{th}\) FIR reflect steady low-to-moderate ranks across all methods. In the middle ranks Rajkot \((30\textrm{th})\), Raipur \((29\textrm{th})\) and Surat \((35\textrm{th})\) show moderate consistency without strong performance spikes. Kolkata despite being a major metropolitan city ranks 49th in FIR due to its consistently low placement across methods indicating performance concerns. Meanwhile Thrissur \((5\textrm{th})\) and Nasik \((9\textrm{th})\) shows how smaller cities can perform when evaluated on core efficiency metrics.
Results of the FIR ranking system provides a balanced insight into the performance of 53 Indian cities. It helps identify top cities for potential investment such as Chennai, Delhi and Indore. It is highlighting the areas in need of focused development efforts such as Lucknow, Ghaziabad and Kanpur. FIR offers a fair aggregated view by reconciling the strengths and weaknesses shown in each method. It ensures that no single evaluation criterion unfairly biases the final outcome. This makes FIR an essential tool in multi criteria city assessments and strategic planning. Figures 3, 4, 5, 6 and 7 shows the variations in the rankings of MCDM methods.
Comparative analysis
Comparative analysis is essential in evaluating the strengths and limitations of newly proposed methodologies by positioning them against existing models. It helps highlight advancements in accuracy, robustness and the ability to handle uncertainty in complex decision-making environments. In this study a comparison is made with recent works that have utilised the advanced fuzzy MCDM methods and including IVT2FS. While these approaches have contributed to modeling expert uncertainty they often lack the ability to represent neutrality and fail to incorporate dynamic weighting mechanisms. The proposed method based on T2PFS combined with a novel entropy measure which overcomes these gaps by capturing positive, neutral and negative assessments. This comparison shows the performance and balanced the decision support provided by this model in real world multi criteria evaluation problems. Figure 8 provides the comparison and FIR rankings of this work.
This study presents a crucial MCDM framework based on T2PFS integrated with a novel entropy measure. It addressed uncertainty, hesitation and neutrality in expert evaluations. By incorporating three dimensional information such as positive, neutral and negative. The proposed approach provides a realistic and comprehensive representation of human judgment. The use of entropy based weighting enhances the model’s adaptability by reflecting the importance of each criterion. Comparative analysis with existing fuzzy MCDM methods demonstrates the capability of the proposed model in producing balanced outcomes. This approach is valuable in complex decision making environments such as healthcare, risk analysis and public policy planning. It is working well where uncertainty and subjective assessments are prominent.
Sensitivity analysis
Sensitivity analysis conducted to examine the variation in the rankings by changing the parameter q which influences the normalised values associated with road accidents across 53 Indian cities. The parameter q ranges from 2 to 500 and is used to observe the robustness of the decision-making outcomes under different sensitivity levels. Each city evaluated using normalised values for multiple q levels which allowing a comparative view of cities respond to changing conditions. It observed that an increase in q values gradually rise across all cities which indicating a consistent progression. This behavior confirms that the model produces proportional changes in sensitivity levels. Kanpur, Lucknow and Prayagraj consistently showed the higher sensitivity values in the entire range which suggesting exposure to road accident risks. Cities such as Chennai, Delhi and Amritsar exhibited lower values that showing less sensitivity to the parameter changes. Aurangabad, Faridabad and Jodhpur exhibited identical trends which suggesting similarities in their road safety profiles.
These overlapping trends are useful for regional policy formulation. Raipur, Ahmedabad and Madurai displayed sharper increases in values that indicating higher sensitivity and potential vulnerability. The analysis reveal sudden spikes in values which reinforces the reliability of the evaluation model. The data shows the variation which demonstrating the model is free from distortions. The consistency in value increments in q levels affirms that the decision framework same in different scenarios. Cities maintaining their relative positioning in most cases which supporting the ranking stability. Cities with higher initial values are high when q value increases thereby validating the robustness of the applied method. Clusters of cities with similar patterns can be used for zonal interventions and road safety policies. No substantial deviations were found during the sensitivity changing. This suggests that the weightings computations are well calibrated. Uniform behavior across cities indicate that no input criterion dominates the outcome unfairly. Finally, this analysis confirms the credibility of the decision making method and ensuring dependable policy insights under parameter fluctuations. Hence, the results of the model are interpretable to changes in sensitivity settings.
The results reveal that cities with high rankings remain unaffected by parameter shifts. Figure 9 confirms the reliability of the criteria and the effectiveness of the decision-making models. Therefore the sensitivity analysis validates the robustness of the findings.
Advantages
In recent years road accidents in India become a public safety concern and demanding a robust decision support framework. This study introduces a novel assessment approach using T2PFS to model expert uncertainty, hesitancy and imprecision in accident data. By incorporating fuzzy aggregation operators and a novel distance measure the framework enhances the evaluation of critical accident factors.
- 
                    T2PFSs allow the model to capture higher order uncertainties and hesitancy in expert opinions. It is critical in the real world assessment of road accident factors in India.
- 
                    By incorporating multiple operators the study allows comparison of aggregation behavior under different logical frameworks. It is leading to robust evaluation of risk factors.
- 
                    The model accommodates linguistic inputs from traffic analysts, police records and urban planners.
- 
                    The use of a novel distance measure specifically designed for T2PFS and it improves the discrimination power in ranking. It is differentiating accident prone zones.
- 
                    The framework supports decision makers by offering a flexible decision support system to allocate resources, design safety campaigns and formulate infrastructure development strategies.
- 
                    IVT2FS and picture fuzzy representation reduces the impact of individual bias and making the results more reliable in diverse expert settings.
- 
                    Different fuzzy operators offer customisability based on the type of information and allowing the method to be adapted across states and departments.
- 
                    Identifying the critical accident factors helps in policy design. It aimed at reducing fatalities and improving traffic discipline.
The proposed method offers a tool for policymakers to prioritize accident prone areas and improve the road safety strategies. It demonstrates the advantages of fuzzy logic in handling complex, real world decision problems with multiple variables. Future work will extend this framework by integrating real time traffic data and machine learning techniques for accident risk prediction.
Limitations
The proposed T2PF framework offers a structure for assessing road accident factors in uncertain environments. The model relies on expert input which introduces subjectivity. It affects the consistency in results. The effectiveness of the approach is constrained by the availability of regional accident data in India.
- 
                    The computational complexity of T2PF aggregation, entropy and multiple MCDM calculations may require substantial processing time for continuous live traffic streams
- 
                    Real-time implementation would require constant integration of dynamic data sources such as sensors, IoT devices, GPS, traffic cameras and live accident feeds which were beyond the scope of the present study
- 
                    Data standardisation challenges arise due to heterogeneous formats across multiple traffic monitoring systems
- 
                    The current framework primarily uses structured historical government datasets rather than continuous streaming environments.
The computational complexity of handling IVT2PFNs pose challenges in real time applications. The current static structure lacks integration with predictive analytics and limiting the responsiveness to real time conditions. Future work can address the limitations by incorporating real time data sources, predictive models and adaptive weighting strategies. It will improve the decision making process for real world problems.
Future research directions
The current study presents a framework for road accident assessment using T2PFNs. But several parts open for further findings. Future research can focus on improving the ability of the model by incorporating real time data and predictive analytics. Integrating machine learning with fuzzy MCDM methods can lead to accurate accident risk forecasting.
- 
                    Future studies can enhance the model by incorporating real time traffic data, weather conditions, GPS based road usage and IoT sensor inputs to enable road accident risk assessment.
- 
                    The integration of fuzzy MCDM methods with machine learning models can improve accident prediction and automate the risk classification based on live data.
- 
                    Extending the model with GIS tools and applying it to different Indian states can validate its strength in various traffic conditions.
- 
                    The development of user friendly software can implement this fuzzy decision framework to assist traffic authorities in making decisions on road safety.
Developing region specific applications and decision support tools can join the gap between theory and field implementation. A detailed sensitivity analysis of operators and parameter variations can improve the reliability of outcomes. Overall future advancements can strengthen the model for large scale deployment in India’s road safety environment.
Conclusion
This study analysed road accident severity across 53 major cities in India using a comprehensive MCDM framework based on 35 critical evaluation criteria capturing road safety, infrastructure, accident frequency and emergency response dimensions. To ensure robustness, five prominent MCDM methods such as TOPSIS, VIKOR, WASPAS, CODAS, and COPRAS were integrated with five distinct aggregation operators including arithmetic, geometric, Einstein, Aczel-Alsina and harmonic means. A major theoretical contribution of this work is the development and formal proof of a novel distance measure theorem under the T2PF environment enhancing decision precision, uncertainty modelling and comparative evaluation capability. The proposed framework generated city-wise rankings and integrated them into a FIR enabling balanced and comprehensive assessment across all methods. According to the FIR results, Chennai emerged as the best-performing city by securing the \(1^{st}\) rank with exceptional consistency across all five methods, indicating superior performance in road safety, infrastructure, and emergency response. Delhi and Indore followed in \(2^{nd}\) and \(3^{rd}\) positions respectively while Bengaluru, Dhanbad, Thrissur, Mumbai and Nasik also demonstrated strong and stable safety efficiency. These top-performing cities can serve as benchmark models for transportation planning and policy design.
Finally, this study provides mathematically rigorous T2PF decision-making framework. It delivers actionable policy guidance for city-specific accident prevention and transportation reform. By integrating multiple MCDM methods, advanced aggregation operators, entropy and the proposed novel distance measure the framework improves interpretability, reliability, and practical applicability for real-world road safety governance, enabling authorities to strategically identify benchmark cities, prioritise critical risk zones and implement targeted interventions for safer urban transportation systems.
Data availability
The data will be available from the corresponding author on reasonable request.
Abbreviations
- ABS:
- 
                    Anti-lock braking system
- AHP:
- 
                    Analytic hierarchy process
- PROMETHEE:
- 
                    Preference ranking organization method for enrichment evaluation
- AI:
- 
                    Artificial intelligence
- ARAS:
- 
                    Additive ratio assessment
- BIFS:
- 
                    Bipolar intuitionistic fuzzy sets
- BVFS:
- 
                    Bipolar valued fuzzy sets
- BWM:
- 
                    Best-worst method
- CCTV:
- 
                    Closed-circuit television
- CODAS:
- 
                    Combinative distance-based assessment
- COPRAS:
- 
                    Complex proportional assessment
- EOL:
- 
                    End of life
- FS:
- 
                    Fuzzy sets
- GDP:
- 
                    Gross domestic product
- GIS:
- 
                    Geographic information system
- GPS:
- 
                    Global positioning system
- IFN:
- 
                    Intuitionistic fuzzy number
- IFS:
- 
                    Intuitionistic fuzzy sets
- IT2FS:
- 
                    Interval type-2 fuzzy sets
- IVIFS:
- 
                    Interval-valued intuitionistic fuzzy sets
- IVT2FS:
- 
                    Interval-valued type-2 fuzzy sets
- IVT2PFNs:
- 
                    Interval-valued type-2 picture fuzzy numbers
- NGO:
- 
                    Non-governmental organization
- NS:
- 
                    Neutrosophic sets
- N-type-2:
- 
                    Neutrosophic type-2
- ARAS:
- 
                    Additive ratio assessment
- PyFS:
- 
                    Pythagorean fuzzy sets
- T1FS:
- 
                    Type-1 fuzzy sets
- T2FeFS:
- 
                    Type-2 Fermatean fuzzy sets
- T2FL:
- 
                    Type-2 fuzzy logic
- T2FS:
- 
                    Type-2 fuzzy sets
- T2HeFS:
- 
                    Type-2 Heptogonal fuzzy sets
- T2IFS:
- 
                    Type-2 intuitionistic fuzzy sets
- T2PFS:
- 
                    Type-2 picture fuzzy sets
- T2PFNs:
- 
                    Type-2 picture fuzzy numbers
- TOPSIS:
- 
                    Technique for order preference by similarity to ideal solution
- TrFNs:
- 
                    Trapezoidal fuzzy numbers
- UNSDG:
- 
                    United Nations Sustainable Development Goals
- VIKOR:
- 
                    VlseKriterijumska Optimizacija I KOmpromisno Resenje
- WASPAS:
- 
                    Weighted aggregated sum product assessment
- WHO:
- 
                    World Health Organization
- WPM:
- 
                    Weighted product method
References
- Hossain, S., Maggi, E. & Vezzulli, A. Factors influencing the road accidents in low and middle-income countries: A systematic literature review. Int. J. Injury Control Saf. Promot. 31(2), 294–322 (2024).
- Watson, R. B. & Ryan, P. J. Geospatial factors applied to road accidents: A review. J. Adv. Inf. Technol. 15(3), 451–457 (2024).
- Nair, A., Patil, V., Nair, R., Shetty, A. & Cherian, M. A review on recent driver safety systems and its emerging solutions. Int. J. Comput. Appl. 46(3), 137–151 (2024).
- Ismail, A. et al. Explainable artificial intelligence in transport logistics: Risk analysis for road accidents. Transport. Res. Part E: Logist. Transport. Rev. 186, 103563 (2024).
- Paliotto, A., Meocci, M., Terrosi, A. & La Torre, F. Systematic review, evaluation and comparison of different approaches for the implementation of road network safety analysis. Heliyon (2024).
- Tandrayen-Ragoobur, V. The economic burden of road traffic accidents and injuries: A small island perspective. Int. J. Transport. Sci. Technol. 17, 109–119 (2025).
- Santos, K., Firme, B., Dias, J. P. & Amado, C. Analysis of motorcycle accident injury severity and performance comparison of machine learning algorithms. Transport. Res. Rec. 2678(1), 736–748 (2024).
- Salem, H. Vehicle dynamics and cooperative driving enhanced by multi-agent v2v communication. Int. J. Transport Dev. Integr. 9, 473–483 (2025).
- Qanouni, F., El Massari, H., Gherabi, N. & El Badaoui, M. Road accident detection using svm and learning: A comparative study. Int. J. Adv. Comput. Sci. Appl. 15(5) (2024).
- Thanasupsin, K., Nakkham, P., Arreeras, T. & Phonsitthangkun, S. Modeling travel mode choice behavior on university campus using nested logit analysis. Int. J. Transport Dev. Integr. 9, 461–471 (2025).
- Fedorka, P., Buchuk, R., Klymenko, M., Saibert, F. & Petrushyn, A. The use of adaptive artificial intelligence (AI) learning models in decision support systems for smart regions. J. Res. Innov. Technol. 4, 99–115 (2025).
- Fadwa, E. Advancing multi-level production defect detection using quality tools and maintenance optimisation. J. Res. Innov. Technol. 3(2(6)), 129–139 (2024).
- Tiryaki, B. & Oral, E. A. Traffic sign classification using spatial transformer networks (STN) based convolutional neural networks (CNN). Int. J. Transp. Dev. Integr 9(4), 840–850 (2025).
- Berhanu, Y., Schröder, D., Wodajo, B. T. & Alemayehu, E. Machine learning for predictions of road traffic accidents and spatial network analysis for safe routing on accident and congestion-prone road networks. Results Eng. 23, 102737 (2024).
- Zadeh, L. A. Fuzzy sets. Inf. Control8(3), 338–353 (1965).
- Zadeh, L. A. The concept of a linguistic variable and its application to approximate reasoning-I. Inf. Sci. 8(3), 199–249 (1975).
- Zadeh, L. A. Fuzzy logic. Computer 21(4), 83–93 (1988).
- Turgay, S. et al. Enhancing decision quality in smart manufacturing: Uncertainty-aware evaluation of edge–cloud architectures with t-spherical hesitant fuzzy rough sets. Int. J. Comput. Methods Exp. Meas. 13 (2025).
- Atanassov, K.T. & Atanassov, K.T. Intuitionistic Fuzzy Sets. (Springer, 1999).
- Zhang, W.-R. Bipolar fuzzy sets and relations: A computational framework for cognitive modeling and multiagent decision analysis. In NAFIPS/IFIS/NASA’94. Proceedings of the First International Joint Conference of the North American Fuzzy Information Processing Society Biannual Conference. The Industrial Fuzzy Control and Intelligence. 305–309. (IEEE, 1994).
- Yager, R. R. & Abbasov, A. M. Pythagorean membership grades, complex numbers, and decision making. Int. J. Intell. Syst. 28(5), 436–452 (2013).
- Altayf, A., Trabelsi, H., Hmad, J. & Benachaiba, C. Multi-criteria decision-making approach to the intelligent selection of PV-BESS based on cost and reliability. Int. J. Energy Prod. Manag. 9(2), 83–96 (2024).
- Mustafa, S. A., Aziz, N. A. & Alwan, I. A. Land suitability evaluation for wind power farms in Iraq using GIS-based multi-criteria evaluation. Int. J. Energy Prod. Manag 10(3), 468–479 (2025).
- Chaoui, G., Yaagoubi, R. & Mastere, M. Integrating geospatial technologies and multi-criteria decision analysis for sustainable and resilient urban planning. Chall. Sustain. 13(1), 122–134 (2025).
- Qiu, Y. J., Bouraima, M. B., Badi, I., Stević, Ž & Simic, V. A decision-making model for prioritizing low-carbon policies in climate change mitigation. Chall. Sustain 12(1), 1–17 (2024).
- Trivedi, P., Shah, J., Moslem, S. & Pilla, F. An application of the hybrid AHP-promethee approach to evaluate the severity of the factors influencing road accidents. Heliyon 9(11) (2023).
- Trivedi, P. & Shah, J. Identification of road crash severity ranking by integrating the multi-criteria decision-making approach. J. Road Saf. 33(2), 33–44 (2022).
- Martins, M. A. & Garcez, T. V. A multidimensional and multi-period analysis of safety on roads. Accid. Anal. Prevent. 162, 106401 (2021).
- Vega, A. et al. Empirical study of a spatial analysis for prone road traffic accident classification based on MCDM method. Int. J. Adv. Comput. Sci. Appl. 13(5), 665–679 (2022).
- Zhu, J.-H., Chen, J., Li, G.-F. & Shuai, B. Using cross efficiency method integrating regret theory and WASPAS to evaluate road safety performance of Chinese provinces. Accid. Anal. Prevent. 162, 106395 (2021).
- Trivedi, P. et al. A hybrid best-worst method (BWM)—Technique for order of preference by similarity to ideal solution (Topsis) approach for prioritizing road safety improvements. (IEEE Access, 2024).
- Rosić, M., Pešić, D., Kukić, D., Antić, B. & Božović, M. Method for selection of optimal road safety composite index with examples from DEA and Topsis method. Accid. Anal. Prevent. 98, 277–286 (2017).
- Goyal, S., Agarwal, S., Singh, N. S. S., Mathur, T. & Mathur, N. Analysis of hybrid MCDM methods for the performance assessment and ranking public transport sector: A case study. Sustainability 14(22), 15110 (2022).
- Komasi, H. & Pamucar, D. Evaluating the security competitiveness of Kermanshah among metropolises in Iran based on multiple-criteria decision making (MCDM). Decis. Mak. Artif. Intell. Trends 1(1), 1–13 (2024).
- Macura, D., Laketić, M., Pamučar, D. & Marinković, D. Risk analysis model with interval type-2 fuzzy FMEA-case study of railway infrastructure projects in the Republic of Serbia. Acta Polytech. Hung. 19(3), 103–118 (2022).
- Job, R. F. S. & Brodie, C. Road safety evidence review: Understanding the role of speeding and speed in serious crash trauma: A case study of New Zealand. J. Road Saf. 33(1), 5–25 (2022).
- Wright, N. A. & Lee, L.-T. Alcohol-related traffic laws and drunk-driving fatal accidents. Accid. Anal. Prevent. 161, 106358 (2021).
- Al-Ajlouny, S. A. & Alzboon, K. K. Effects of mobile phone using on driving behavior and risk of traffic accidents. J. Radiat. Res. Appl. Sci. 16(4), 100662 (2023).
- Xu, J., Guo, K. & Sun, P. Z. H. Driving performance under violations of traffic rules: Novice vs. experienced drivers. IEEE Trans. Intell. Veh. 7(4), 908–917 (2022).
- Zhang, Z., Ning, H. & Zhou, F. A systematic survey of driving fatigue monitoring. IEEE Trans. Intell. Transport. Syst. 23(11), 19999–20020 (2022).
- Chand, A., Jayesh, S. & Bhasi, A. B. Road traffic accidents: An overview of data sources, analysis techniques and contributing factors. Mater. Today Proc. 47, 5135–5141 (2021).
- Rad, E. H. et al. Fatigue in taxi drivers and its relationship with traffic accident history and experiences: a cross-sectional study in the north of Iran. BMC Public Health 24(1), 530 (2024).
- Ahmed, S. K. et al. Road traffic accidental injuries and deaths: A neglected global health issue. Health Sci. Rep. 6(5), e1240 (2023).
- Ferenchak, N. N. & Abadi, M. G. Nighttime pedestrian fatalities: A comprehensive examination of infrastructure, user, vehicle, and situational factors. J. Saf. Res. 79, 14–25 (2021).
- Ibitoye, B.A. & Damilola Mustapha, S. Comprehension analysis of traffic signs by drivers on urban roads in Ilorin, Kwara state. J. Eng. Res. Rep. 53–63 (2022).
- Koloushani, M., Kaya, M. B., Karaer, A. & Ozguven, E. E. Investigating the probability of potential actions performed by drivers experiencing daytime sun glare-induced blindness.. Transport. Res. Rec. 2677(8), 66–77 (2023).
- Formosa, N. et al. Evaluating the impact of lane marking quality on the operation of autonomous vehicles. J. Transport. Eng. Part A Syst. 150(1), 04023126 (2024).
- Lin, Z., Gao, K., Wu, N. & Suganthan, P.N. Problem-specific knowledge based multi-objective meta-heuristics combined q-learning for scheduling urban traffic lights with carbon emissions. In IEEE Transactions on Intelligent Transportation Systems (2024).
- Tze-Jie Ng, E. et al. Few-shot learning based speed breaker recognition using siamese networks. Int. J. Intell. Transport. Syst. Res. 1–24 (2025).
- Choudhary, A., Mishra, V., Garg, R. D. & Jain., S.S. Spatio–temporal analysis of traffic crash hotspots-an application of GIS-based technique in road safety. Appl. Geomat. 1–18 (2025).
- Pińskwar, I., Choryński, A. & Graczyk, D. Good weather for a ride (or not?): How weather conditions impact road accidents-a case study from Wielkopolska (Poland). Int. J. Biometeorol. 68(2), 317–331 (2024).
- Tian, H. et al. The impact of building-induced visibility restrictions on intersection accidents. arXiv preprint arXiv:2503.05706 (2025).
- Alemdar, K. D. & Çodur, M. Y. A new approach to detect driver distraction to ensure traffic safety and prevent traffic accidents: Image processing and MCDM. Sustainability 16(17), 7642 (2024).
- Abdulrahman, R., Almoshaogeh, M., Haider, H., Alharbi, F. & Jamal, A. Development and application of a risk analysis methodology for road traffic accidents. Alex. Eng. J. 111, 293–305 (2025).
- Subramanian, L. D., Sherony, R., Kearney, J. K., Plumert, J. M. & O’Neal, E. E. How do bicyclists respond to vehicles with adaptive headlamp systems? A nighttime study in an immersive virtual environment. J. Saf. Res. 88, 24–30 (2024).
- Alharasees, O. & Kale, U. Aviation operators’ total loads analysis by multi-criteria decision-making. J. Air Transport Manag. 118, 102596 (2024).
- Guo, Z. et al. An integrated MCDM model with enhanced decision support in transport safety using machine learning optimization. Knowl.-Based Syst. 301, 112286 (2024).
- Komasi, H., Nemati, A., Zolfani, S. H. & Taheri, H. M. Road safety evaluation in inner-city roads and suburban roads based on a novel-hybrid MCDM model. Ain Shams Eng. J. 15(8), 102796 (2024).
- Alemdar, K. D. Seismic risk assessment of transportation networks for the impending Istanbul earthquake with GIS-based MCDM approach. Nat. Hazards 121(9), 10085–10123 (2025).
- Fowler, M. & Choudhury, A. Motor vehicle crashes and seat belt compliance among law enforcement officers: A systematic literature review. J. Saf. Sustain. (2025).
- Cespedes, L., Ayuso, M. & Santolino, M. Effect of population density in aging societies and severity of motor vehicle crash injuries: The case of Spain. Eur. Transport Res. Rev. 16(1), 48 (2024).
- Nasr Isfahani, M. et al. Urban traffic accidents in Isfahan city: A study of prehospital response time intervals. Int. J. Emerg. Med. 17(1), 201 (2024).
- Hadjab, M. & Mezghiche, A. The contribution of non-profit organizations specialized in traffic safety in promoting traffic knowledge through awareness campaigns: A study of a sample of drivers. Int. J. Econ. Perspect. 18(12), 2199–2214 (2024).
- Rani, M. S. & Dhanasekar, S. Application of type-2 heptagonal fuzzy sets with multiple operators in multi-criteria decision-making for identifying risk factors of zika virus. BMC Infect. Dis. 25(1), 450 (2025).
- Sheela, R.M. & Dhanasekar, S. Analyzing risk factors of tuberculosis using type-2 interval-valued trapezoidal fuzzy numbers with Einstein aggregation operators extended to MCDM. Heliyon 10(16) (2024).
- Rani, S. & Dhanasekar, S. Type-2 trapezoidal Pythagorean fuzzy number with novel entropy measure and aggregation operators extended to MCDM. Complex Intell. Syst. 11(10), 1–45 (2025).
Acknowledgements
The authors extend their appreciation to the Deanship of Research and Graduate Studies at King Khalid University for supporting this work through Large Research Project under grant number RGP2/50/46.
Ethics declarations
Competing interests
The authors declare no competing interests.
Ethics approval and consent to participate
This study used publicly available secondary data that did not involve human participants or patient-specific information. Therefore, approval from an institutional or licensing committee and informed consent from participants or their legal guardians were not required. All methods were conducted in accordance with relevant guidelines and regulations.
Additional information
Publisher’s note
Springer Nature remains neutral with regard to jurisdictional claims in published maps and institutional affiliations.
Rights and permissions
Open Access This article is licensed under a Creative Commons Attribution-NonCommercial-NoDerivatives 4.0 International License, which permits any non-commercial use, sharing, distribution and reproduction in any medium or format, as long as you give appropriate credit to the original author(s) and the source, provide a link to the Creative Commons licence, and indicate if you modified the licensed material. You do not have permission under this licence to share adapted material derived from this article or parts of it. The images or other third party material in this article are included in the article’s Creative Commons licence, unless indicated otherwise in a credit line to the material. If material is not included in the article’s Creative Commons licence and your intended use is not permitted by statutory regulation or exceeds the permitted use, you will need to obtain permission directly from the copyright holder. To view a copy of this licence, visit http://creativecommons.org/licenses/by-nc-nd/4.0/.
About this article
Cite this article
Prabakaran, R., Suvitha, K., Kalaiselvan, S. et al. Assessment of road accident risk in India under a type-2 picture fuzzy framework with novel distance measures. Sci Rep 16, 21535 (2026). https://doi.org/10.1038/s41598-026-52037-1
- Received:
- Accepted:
- Published:
- Version of record:
- DOI: https://doi.org/10.1038/s41598-026-52037-1","75029","CBMiX0FVX3lxTFBwUDFBSWNEUHA2cndXamlkRTNNWUtFZWVMYkQxMHBOaVJYWkszRVQzRk40NEpnenNrUlRQRTBDSjQzazQyOEF1NllURzEtSm1CazdhblYtakdubUhiQTdJ","",,"2026-05-11T07:00:00+00:00","""road accident"" Chennai","true","2026-09-24T17:31:47.994726+00:00","google-news","nature.com","Nature","Assessment of road accident risk in India under a type-2 picture fuzzy framework with novel distance measures Nature","Assessment of road accident risk in India under a type-2 picture fuzzy framework with novel distance measures - Nature","https://www.nature.com/articles/s41598-026-52037-1"
,"https://newindianexpress.com/states/tamil-nadu/2026/Aug/04/five-of-chennai-family-killed-in-madurai-crash",,"MADURAI: Five members of a family were killed after the car they were travelling in collided with several vehicles and flipped over multiple times on the Thumbaipatti highway near Melur in Madurai early on Monday. Four others sustained injuries in the collision and are undergoing treatment at government hospitals.
The deceased were identified as K Sriram (32), his wife Ranchana (27), their one-and-a-half-year-old daughter Kiruthika, Sriram’s brother K Balaji (28) and their mother K Rajamery (50), all hailing from Chennai.
Sriram’s father, V Kanagaraj (55), who was also in the car, two bike riders, R Murugan (40) and C Murugan (55) of Sivaganga, and the driver of another car, J Prakash (40) from Madurai, sustained injuries.
Police said the incident occurred around 6.30am when Sriram and his family were on their way to attend a family function in Thoothukudi. Sriram, who was at the wheel, lost control of the car and hit a two-wheeler, driven by R Murugan, from behind.
To avoid further collision, he diverted the car to the right, but crossed over the median and hit another car — driven by Prakash — coming from the opposite direction.
Car driver may have dozed off at the wheel
The car rolled over multiple times before coming to a stop. While five occupants of the car died on the spot, the sixth occupant, Kanagaraj, survived with multiple injuries. He is currently undergoing treatment at Government Rajaji Hospital in Madurai.
Both the bike occupants and Prakash were admitted to the Government Hospital in Melur. Police suspect that Sriram may have dozed off at the wheel, leading to the accident. On receiving information, the Melur police along with fire and rescue services personnel extricated the bodies and sent them for postmortem examination. District Collector Nishanth Krishna inspected the spot.","1825","CBMirgFBVV95cUxPdVpaV1E4aWRiaUZ4NGFDWXFHb0ZfU1BQbHJ6dEJDRlV2Um5EZFRQS0JvdHVrWldtWDFNTWxWZERINXpvUU1VdjZZRVBnWWs1YXROYWtlTWNfUFd1MmFkYmZtMjJXbWdYd2gwSUFsaUhZZmhkaVpMaklUdWdTa2NFeTV4Sjd5dldJSkl4alVsdDJpX3ozQmlvNkhJM0R1U0VkTWJyZ2JCS0FNeGQxU1HSAbsBQVVfeXFMT09LU3RSQjZmblFmb3ZqXzlDTWxVdmFUZW8zUlBiR2NJcFRpV2NrZXVrRFZjdnUxZFNfVVBkTXpMTC1TNUJJUzBIWHVma2pHS21LbWVvdVRDTlJ2MG9RdF9HdDUzTUlQWjR1MjdXbGFGMS1QQ19sbzhNZ0NQVzJ4YmdPcHJtWVl3OGVfYlZaQnYxZmV5bG9VakxWUEE5S3ZsNGxpTVFodWs5UnYwZHBXOGRNcVRkZUp3YUlZdw","",,"2026-08-04T07:00:00+00:00","""road accident"" Chennai","true","2026-09-24T17:31:47.994875+00:00","google-news","newindianexpress.com","The New Indian Express","Five of Chennai family killed in Madurai crash The New Indian Express","Five of Chennai family killed in Madurai crash - The New Indian Express","https://www.newindianexpress.com/states/tamil-nadu/2026/Aug/04/five-of-chennai-family-killed-in-madurai-crash"
,"https://thehindu.com/news/cities/chennai/woman-killed-in-road-accident-in-kk-nagar/article71242133.ece",,"A 24-year-old woman was killed after being run over by a car in K.K. Nagar on Sunday. The Pondy Bazaar Traffic police have arrested the driver of the car and are investigating.
A senior officer of the city traffic police said the victim Hemalatha, a resident of Sriperumbudur, had come to her brother’s house in Nesapakkam. Hemalatha, her brother and her sister-in-law went to T. Nagar for shopping on two separate two-wheelers.
While proceeding on Anna Main Road towards Ashok Pillar, Hemalatha hit a two-wheeler, which was ahead of her. In the impact both Hemalatha and the other motorist fell on the road. Before Hemalatha could get up, a car ran over her, killing her on the spot. The other motorist escaped with minor injuries.
The Pondy Bazaar Traffic Investigation police, on being alerted, sent Hemalatha’s body to K.K. Nagar ESI Hospital and arrested the car driver Senthil Kumar, 52, who works as a manager in a private bank.
Published - July 19, 2026 09:19 pm IST","974","CBMiqgFBVV95cUxQN25sYlBZWXdBMlZ5ZGJEUkFFMF9SMjdXSllMTmlHZWZNa093NkpGX0s5LXdwSExZMFlaM1F2REVkdUxEYllaSmY5WWlUME5vYktZMnBxdkN4WDB3SVkwM2dfUHRUbXpZMWpYTjRGS3ZleXllNjUtMHJKOG9iZkJIRVlxNzctbmNMc1FTV0UwclNUYW1UYlZQZVNJYm5TS29RYmFsU1o3RE1uQdIBsAFBVV95cUxPZmNNbWlvNjlyeER5Nks2YzJtYnB5ZnhOSFI4dmt0VXFYRHhhenRndEdhYmFXdGRTOEhOUUJUSUJJME1xX2pvWmpYeGgzNnFYY3p6NHZJOXI2ZzU0ZzJBS21GbnpsenFuVGt3MjlPMXNleW9malFlSVRBXzA3ckFSTEIwNlQ1LXM5QXNRelNMQ1ZlUUNnMzdBZi1GbmJVWUd6YXpJTjhWdnliVURpZWR4Rw","",,"2026-07-19T07:00:00+00:00","""road accident"" Chennai","true","2026-09-24T17:31:47.994947+00:00","google-news","thehindu.com","The Hindu","Woman killed in road accident in K.K. Nagar The Hindu","Woman killed in road accident in K.K. Nagar - The Hindu","https://www.thehindu.com/news/cities/chennai/woman-killed-in-road-accident-in-kk-nagar/article71242133.ece"
,"https://timesofindia.indiatimes.com/city/chennai/tribunal-orders-1cr-to-family-of-dentist-killed-in-road-accident-near-thanjavur-in-2022/articleshow/132500174.cms",,"Chennai: A Chennai motor accident claims tribunal has awarded ₹1.04 crore as compensation to the family of a woman dentist who was killed in a road accident in Neelathanallur, near Thanjavur in 2022.
As the dentist travelled in a goods carrier (Tata Ace), the tribunal granted the award after deducting 10% towards contributory negligence on part of the dentist. “The tribunal holds that the deceased has also contributed to some extent to her death in the unfortunate accident occurred and the extent of contribution is calculated as 10%,” A B Naseer Ali, judge of the tribunal said, and passed the award on a petition moved by the deceased Imayavalli’s husband U Radhakrishnan, minor son R I Hemdev Dharshan, her father M Selvam, and mother S G Jothi seeking ₹45 lakh as relief for the death caused to the deceased in the road accident.
Representing the petitioners, advocate A S Bilal submitted that on Aug 15, 2022, Radhakrishnan was driving a goods carrier at around 2.00pm in which Imayavalli and others were seated in the rear side. While they were proceeding near Asoor Kulam, Neelathanallur, another goods carrier driven by B Rajesh coming from the opposite direction, driven in a rash and negligent manner collided against their vehicle. Imayavalli died on the spot while others sustained injuries.
Opposing the plea, the insurer of Rajesh’s vehicle Magma HDI General Insurance Co Ltd contended that there was a delay of 182 days in filing the petition. It further argued that the deceased being a dentist should not have traveled in the rear portion of a goods vehicle, which is permitted only for carrying goods. “If she had averted traveling there, she would not have died and so, reasonable contributory negligence should be added to the accident,” the insurer said.
Recording the submissions, the tribunal directed payment of ₹2.32 lakh each to the parents of the deceased and ₹50 lakh each to her husband and son. The share of the son was directed to be deposited in a nationalised bank until he becomes a major.","2028","CBMi9AFBVV95cUxNZ1QtZnMtRThNQjRDZXFHanRRTUpSLWpyMVExNVA4eC1SMkF5d1hWb20xTHVqRjRoamh0MEtMQ24zMkJhMjJpWnVkSDhkVTNBVk96cmVwX0lmeTZjakNwQWFLTW5FbmZsb0NpdHA2ZnYyUEFpcEZzUTRQVEZ2ZWJOdDF6alBEbUNQUXVSOUk4S1UyQlN2ZmFHOFBySDJ1X0ZpT3NkYk5IUU94UW1CRDRqSXhOSXVGTUpqMmlNNHYzazF2alhEVHZRS3BGeHl0RzdTVDVnZlFxMlA0Vk5QOVlIdkZnN2w5cTVYOWJfVl9WZ2RvUU1r0gH6AUFVX3lxTFBTaWRVSWJnU29aODEyV05FUXgxMmxSUGtValY4NmJvTUE4cXRqR0NrU3dLd2tzcEYxcGdpZFJFbnBaSWtmZXlwMWN4SXJmaFVpQ1d2aS1pb0dMM2hrRWtJbjExdGxETWdnX215NU1nd2ZxdzRRbHBtVDJMOXAxQ0ZaXzFHYUxFSlhJWHAxSGNqWjV0WmpMWmJEMHdmQXRucDZ3VXc5Q2hNMzNGb3ZUTXJDQnRELXpPOHdiSUV6cEhNRnNUTnRSOW50RnZUNFhlRjFEN21DOElqUmw2Qm1makg4dFp3bVZranJmN0xXdlRxTVhrZ2x5RUxIUGc","",,"2026-07-20T07:00:00+00:00","""road accident"" Chennai","true","2026-09-24T17:31:47.995033+00:00","google-news","timesofindia.indiatimes.com","The Times of India","Tribunal orders ₹1Cr to family of dentist killed in road accident near Thanjavur in 2022 The Times of India","Tribunal orders ₹1Cr to family of dentist killed in road accident near Thanjavur in 2022 - The Times of India","https://timesofindia.indiatimes.com/city/chennai/tribunal-orders-1cr-to-family-of-dentist-killed-in-road-accident-near-thanjavur-in-2022/articleshow/132500174.cms"
,"https://dtnext.in/news/tamilnadu/five-from-chennai-including-a-girl-child-killed-in-road-accident-in-madurai",,"MADURAI: Five members of a family, including a one-and-a-half-year-old girl, from Chennai were killed and four injured in a road accident on the Madurai–Tiruchy highway near Melur early on Tuesday.
Rajakumari (51), her sons, Balaji (31) and Sriram (27), Sriram's wife Ranjana, and their one-and-a-half-year-old daughter Praneeka Sri died on the spot. Police and Fire and Rescue Services personnel rescued Rajakumari’s husband Kanagaraj (55) from the wreckage.
He sustained grievous injuries and was rushed to the Government Rajaji Hospital.
The family was travelling to Kovilpatti in Thoothukudi after Balaji's wife, Aishwarya, gave birth to a baby in Kovilpatti. Balaji had travelled separately by bus and joined his family near Villupuram to travel together.
When the car driven by Sriram reached near the Thumbaipatti bridge, it grazed a motorcycle carrying two men. It then hit the median, crossed into the opposite carriageway, overturned and rolled several times. Worsening the accident, another car travelling from Madurai towards Tiruchy collided with the vehicle.
Prakash of Madurai, who was travelling in the other car, and the two motorcyclists, Murugan (55) and Murugan (40) of SV Mangalam near Singampunari, sustained injuries. They were admitted to the Melur Government Hospital for treatment.
After a prolonged rescue operation, the bodies of the five victims were retrieved from the mangled car and sent to the Melur Government Hospital for post-mortem examination.
Madurai Collector M Nishanth Krishna and Superintendent of Police BK Arvind Devanathan inspected the accident site and later visited the hospital to console the injured and their relatives.
Traffic on the four-lane highway was diverted through the service road for several hours following the accident.","1784","CBMisgFBVV95cUxNY1otUmdFZ21XbVphbnR4WGxPQUpxbGkxeDBrOW5SUlUxRjRwQms1YTdpSS01NVZwbmMyTWpYUzB5SzJNMkh1ODBCWDVvTUNwSUVkTFZZSFlhSWMwRzg0RzJHUk9iR2ttQ0NjZnpFN2pKYmh6cXpMTm9rTE51cWh5MVQ2X3ktQ1NtdGRLeWtIekVDeTF3Ymw5cmFFWmkzZGJHbk9CbGxPWVFLZ2ZBM2NnNTBn0gG_AUFVX3lxTE9NeTVRZ2JlcmdEbE1UcFhtWUxpTkVzd0ZDSXFTT2M3VURQWDhhMGx5ZV9LTWZBNmRHSnpUbG1oc21oZDRaUHhkUVhNcTRYVlZycGh6ZWQyUmlYMlNxYlVKV0Q3LVhCQmxtWm9aQnpQRHRvMDdEQUNETm04dmloaC1vekxUY2tDcDMybXFvZER2aEpNamxocXlrOEI5SllYRHgzLTNDZlhQa2Jkc21UbEN3UVJjb0ZPdTlZV1hPbjZ3","",,"2026-08-03T07:00:00+00:00","""road accident"" Chennai","true","2026-09-24T17:31:47.995184+00:00","google-news","dtnext.in","DT Next","Chennai family heads to see son’s newborn in Thoothukudi; 5 killed in accident, one injured DT Next","Chennai family heads to see son’s newborn in Thoothukudi; 5 killed in accident, one injured - DT Next","https://www.dtnext.in/news/tamilnadu/five-from-chennai-including-a-girl-child-killed-in-road-accident-in-madurai"
,"https://thehindu.com/news/cities/chennai/police-constable-injured-in-road-accident-on-chennai-bengaluru-highway-dies/article71140802.ece",,"The death toll in the road accident caused by a speeding car on the Chennai-Bengaluru Highway near Poonamallee on Sunday (June 21, 2026) night has climbed to two, with a 25-year-old police constable succumbing to his injuries at a private hospital on Wednesday (June 24).
A senior official from the Avadi police Commissionerate said following the death of an armed reserve constable, Tamilselvan, in the accident on Sunday night, his colleague Arun kumar, who, along with another personnel Saravanakumar, had been undergoing treatment at a hospital, died on Wednesday. The three police personnel were returning in a car after attending a wedding in Vellore on Sunday night. As they halted the vehicle by the roadside near an amusement park along the Chennai-Bengaluru National Highway, a luxury car on the highway veered out of control and rammed them.
The Poonamallee Traffic Investigation police have arrested the driver of the luxury car.
Published - June 24, 2026 12:32 pm IST","980","CBMi1wFBVV95cUxNd0RrNEt5MmtoYTRTVE1VaGI1WVNjNldfRlZ2eEdWX1hBUDZkaXU3Uk9tTFE1OGFJY1BXdm9JNVo2LTFBODVydzdJWXpGRlBic1FhVVFUd0p3c0d6TGxTTlBkdDFpMkVFX283TGNvNWxJQWZzeDBjakw3UzUxUVRwYkNWUWk2UkhIQi00MGZ1aHBtTTVPUkFCRTF1MGxLMzJaM29tc0pVS2NnM196WlR1UUU4WTJ6NU13T3M3UVpIai0ycVJOLVdTZURDbGJPbGxicmRybFo4TdIB3gFBVV95cUxNb2pWWW41S3pxTjFHTWc0X1hKcEZVNGRuTDh1RlRvR2UtWXp6TmVoN2lyRWhFQ1FtZDVyZEJER3NJemhxRFQwLVdLZDJKU185OTNTT3hJbk16Uk5qLXdKaU1HMTZrSjhvczIxdTFPd2t5WVkxcUlhWlY3R0hMVjZkVlVmN2NRb0tmd3VOMGhKNVRHcFREVWRHODExbG1OZVU1NkYtOVZZRUJaYzhhUnhMYnd1ODIwZ2MzWTJ4WjZFRFluNnVGS2RqUC1Wa3YxQkFxNVZ4VUV5dUhWdWktMXc","",,"2026-06-24T07:00:00+00:00","""road accident"" Chennai","true","2026-09-24T17:31:47.995254+00:00","google-news","thehindu.com","The Hindu","Police constable injured in road accident on Chennai-Bengaluru Highway dies The Hindu","Police constable injured in road accident on Chennai-Bengaluru Highway dies - The Hindu","https://www.thehindu.com/news/cities/chennai/police-constable-injured-in-road-accident-on-chennai-bengaluru-highway-dies/article71140802.ece"
,"https://timesofindia.indiatimes.com/city/chennai/two-men-die-in-coimbatore-road-accident/articleshow/132627014.cms",,"COIMBATORE: Two men died after a motorcycle they were travelling on rammed a goods autorickshaw that took a sudden right turn near Ramanathapuram in the city on Friday night.
 The deceased have been identified as S Shyam, 25, of Augustine Pettai near Sungam, and V Vasanth Kumar, 28, of Puliyakulam.
 According to police, Shyam and Vasanth Kumar were going to buy a cake to celebrate the latter’s birthday, which is on Saturday. As they were travelling on the Pankaja Mill Road, a goods autorickshaw moving ahead of them turned right without signalling. The motorcycle rammed the goods autorickshaw and then dashed against the road median.
 Both the riders fell on the road. Shyam suffered severe head injuries and died on the spot. Vasanth Kumar sustained critical injuries on his chest and head and was admitted to Coimbatore Medical College Hospital, where he died on Saturday.
 The Traffic Investigation Wing (East) police registered a case under various sections of the Bharatiya Nyaya Sanhita (BNS) and the Motor Vehicles Act.","1032","CBMitAFBVV95cUxQOFhLWXRwUEd4NWtaeXN2M0dHWVZVN1p6cHBlVkFnSVc1VG5ONW5OOHFTNmZHeEN1bThuWDlzeTM3MkpPWklpbkdfOFVwNk5tSVpmWXhXdzhBX0tIc2k0eHplaGZIWUJiSXJocXdod3ZLR3VLc1VBSHRQQzEwMWpaQWpRWGkzSnhQSDdrdTVfZ3FkQUZ6LXlReG5zUXdEdnlwYlMzRGVQa2dYN0dDZEpNMWp3SFXSAboBQVVfeXFMUDZvbHkyYU13OGJLWkRFZ2NyTDdKN1ZPenR0S0lzNVJRUHA5S05JLXhUclZjcV9LbXBLUGNSMXFOZ1JWS3lpMWZlM2tnX21aUmNPZDlTdWZUdTB3QWVMZ05vRHVWM0FFQW9fMDRHSVg4Nm5CRjZOb3B0ZWhoWE0xZ1Q4NTl6YTlOTFRoWVdNQllHM05iNmNseWZ5QzBjN3hkbVBXOFhjQnROaXd2QnFTWm85NVIwOFo0NzF3","",,"2026-07-25T07:00:00+00:00","""road accident"" Chennai","true","2026-09-24T17:31:47.995323+00:00","google-news","timesofindia.indiatimes.com","The Times of India","Two men die in Coimbatore road accident The Times of India","Two men die in Coimbatore road accident - The Times of India","https://timesofindia.indiatimes.com/city/chennai/two-men-die-in-coimbatore-road-accident/articleshow/132627014.cms"
,"https://timesofindia.indiatimes.com/city/chennai/four-labourers-killed-in-road-accident/articleshow/132200067.cms",,"Chennai:
 Four labourers, including three women, were killed and eight others injured after a mini van carrying woodcutters crashed into a tractor loaded with cashew firewood near Panruti in Cuddalore district in the early hours of Sunday.
The victims were identified as R Rani (60), R Ravi (58), K Gandhimathi (55) and S Sathya (32).
Police said the accident occurred around 4.30 am on National Highway 36 at Panikankuppam near Panruti. The mini van, carrying 11 daily wage labourers from Ayipettai and Venkatampettai to a wood-cutting site, was attempting to overtake a tractor transporting cashew firewood to Panruti when it rammed into the vehicle from behind.
The impact caused the stacked firewood logs on the tractor to topple onto the van, trapping the occupants inside.
Local residents rushed to the spot and helped rescue the victims from beneath the logs. The injured were taken to Panruti govt hospital in 108 ambulances. Rani and Ravi died on the way to the hospital, while Gandhimathi and Sathya later succumbed to their injuries at the Cuddalore govt hospital.
Eight others sustained serious injuries and are undergoing treatment at the Cuddalore govt hospital.
The accident disrupted traffic on the highway for some time before police cleared the vehicles and restored normal movement.
Kadampuliyur police have registered a case and detained the tractor driver for inquiry. Further investigations are under way to ascertain the circumstances that led to the crash.","1480","CBMiswFBVV95cUxPYUsyT0ZVSjl6YnhIalQzVmlKS0dMcExMd0M3RE0zUFpXd01ocEZnaHFPMDk5cnl5WHpWRTJEZDA4UDZVeGRkdkJ5LVZfLU9ydG8xNTdEcVJmb0xRSGp3NzFscVNnOThUSlBqRC1jSWJvOC1kVXZYNml3eFFwbWdCYXNMSTdvb2pjSEw4QTVtNnJhaFhqRG5RMWtzdWFQVEthVnlyUl81UGdid2x1czNVWE9yQdIBuAFBVV95cUxOR0w1QWxnQ2pBdWg4a1RVUTdsMGVTdTA5SWgxYkJ3NENZcm1CdkRBR0NCV0dPVVRkVl9yVEZqUWFxX2xBTDROVXlCNHZ0TE5GZGRsMzBtWXY3QnZ2dk1pc2F5cHdhR0hRRjNMZU5ud25EUU9JR0NvSGhqN0g5a3hTUDh1bmZpWTZmenVwaWQzT1ZPeXVKXzdlbGN1TXZoNVVSeEZNRU9xcDU5YjFTcUxXNWJLNVY4Unph","",,"2026-07-05T07:00:00+00:00","""road accident"" Chennai","true","2026-09-24T17:31:47.995478+00:00","google-news","timesofindia.indiatimes.com","The Times of India","Four labourers killed in road accident The Times of India","Four labourers killed in road accident - The Times of India","https://timesofindia.indiatimes.com/city/chennai/four-labourers-killed-in-road-accident/articleshow/132200067.cms"
,"https://thehindu.com/news/cities/Madurai/two-of-a-family-killed-in-road-accident-near-abiramam/article71361573.ece",,"Two persons of a family, B. Malarkodi, 43, of Valaiyankulam and her son, Jeshwin Bala, 9, were killed in a road accident involving their car and an omni bus at Seyyamangalam on Monday night.
Malarkodi’s husband, Balamurugan, 45, and another son, Nithin, 13, were injured in the accident. They were admitted to the Government Rajaji hospital in Madurai.
The police said that the family members were returning home after visiting a hospital in Madurai for a treatment for Jeshwin Bala. When the car was proceeding on Abiramam-Parthibanur Road, an omni bus going towards Chennai hit the car around 8 p.m. All the four were rushed to the Government Hospital in Kamuthi. However, the Malarkodi and Jeshwin Bala died of head injuries.
The police have booked bus driver K. Arul Iruthayaraj of Mudukulathor in this connection.
Published - August 18, 2026 08:53 pm IST","859","CBMiugFBVV95cUxQYzNjY2xXMUtVTXFTREVNRFNFdk9LWmkwdWlQdmJVUlFfYkdxSV9wQTVFS1ZoYTM2ZjN1RmYtZnRFSTh3TEVTWERfWUZHVFRQMXUzRHdseF9fVE1rVUZiMW0tSEplU1dTdXI1ZFQyWkt2b0gzWmthOElVSDB0MG0xUTZkV3dFTUJLb0tZaDI1VjlTUEROZVQ4UjM3SWJYakxRNlFSc0dUR1J0c0lDMmhoSkNMcTdBdXFDSkHSAcABQVVfeXFMUHpNMThVaE5Xel9Wcnd5akxHanRFek5rVGQ4U0ZwWFpWYTdldnhZTHA3MGN4U20wRTItZ3FqOVI4blNrU3JKQmFWVlJKVVBEaVVQYnZ4SnVfMzVVVTJhd1VNaEZqX1ktdHBOTXN2RzlObXpYa2NKbm5SdG9JdVA2TnpwNHZSNDNRNnc2VDFPcnlzd1ZkUUo5anNZMTRKYWRuSU1BYUNJRTBkQk54UXJxTEJxVk9OMFUydVZvNUNQZUNU","",,"2026-08-18T07:00:00+00:00","""road accident"" Chennai","true","2026-09-24T17:31:47.995627+00:00","google-news","thehindu.com","The Hindu","Two of a family killed in road accident near Abiramam The Hindu","Two of a family killed in road accident near Abiramam - The Hindu","https://www.thehindu.com/news/cities/Madurai/two-of-a-family-killed-in-road-accident-near-abiramam/article71361573.ece"
,"https://thehindu.com/news/cities/chennai/class-12-student-killed-in-road-accident-on-ennore-expressway-classmate-suffers-minor-injuries/article71117830.ece",,"A 16-year-old Class XII student was killed after a motorcycle she was on crashed into a barricade near a roadwork site on Ennore Expressway on Wednesday night.
The police said the girl, a resident of Thangal in Tiruvottiyur and a student of a government-aided school in Kaladipet, was riding pillion on the two-wheeler being driven by her classmate, also aged 16. The motorcycle reportedly struck a barricade put up around an underground manhole work area, causing both riders to be thrown onto the road.
The girl reportedly fell in the path of a container lorry and was run over. She was rushed to the Stanley Government Hospital, where she later died of injuries despite medical treatment. Her classmate suffered minor injuries.
Following the accident, the lorry driver allegedly abandoned the vehicle and fled the scene. The police have launched a search for him and are reviewing CCTV camera footage from the areas as part of the investigation.
Residents stage protest
The incident triggered protests from residents, who alleged that barricades, piles of sand, and construction debris had been left unattended on the roadway after civic work, posing a serious risk to motorists. They called for action against the officials and contractors responsible for maintaining safety at the site. The police have registered a case and are investigating the circumstances that led to the fatal crash.
Published - June 18, 2026 10:47 pm IST","1433","CBMi8AFBVV95cUxORTNqa09OZnpvTF9STVFfZzdqa0g2VGZhbGRhaVJveFZHcTh5Q2VDdkF0dU1ybFlyWnFPWEdiLXNmcXR2S1FXcS1QUGJ3dW5yc1d2WWc4aGNrUXZHNk0xWUI0X0JfOU1JWHJPS2FnZ1hudzZOeUo5MTJsLWNiX2Z2VVA1SjMyMy1jVzJHTTFkY0ZmRFdjMV8zc1FQQ29LSGhBVDk4X1FJRElTNGhvNXczSkx4QmJLM0hkaWdiRVFlYi1lbUt4cFhsTTVvcWFPVWw2eV9yVi1vc1V5TWZlZGJuakFMV3ZRVmQ1RXJoYjg5d0vSAfcBQVVfeXFMTjhNMWE2UDFPTVZqT2N6blVjcms5UWxTVE5jSXRaSVg5YllLamRVRWdBYU1mNWtRWFJfOW1pcWJMVkpDVnZkRG1xcXZXUVpPVHM3bHpjbXRaMHIyeTNKMVlGUlp1RFpaeV9HRkxDODBIRkh3cHdUYW1YUW4zOFpMMjRCeGk3RXBNUWNubFBvV0FNMmt0aDlRTkNCeTNidGxEemZGR3hWc1dYaktqc0p2TEhHcS1oWW5OenZ0eUtKUHAtTmdFOG9ZN3hPV25tMGQ5YjItTHRGQUN5TC1hMzlKczVpNkQ5ZlJvWWxuNWxobW1MMmNSY1o1NA","",,"2026-06-18T07:00:00+00:00","""road accident"" Chennai","true","2026-09-24T17:31:47.995707+00:00","google-news","thehindu.com","The Hindu","Class 12 student killed in road accident on Ennore Expressway; classmate suffers minor injuries The Hindu","Class 12 student killed in road accident on Ennore Expressway; classmate suffers minor injuries - The Hindu","https://www.thehindu.com/news/cities/chennai/class-12-student-killed-in-road-accident-on-ennore-expressway-classmate-suffers-minor-injuries/article71117830.ece"
,"https://timesofindia.indiatimes.com/city/chennai/woman-dies-seven-injured-in-accident-near-kancheepurams-tirupputkuzhi-flyover/articleshow/132219331.cms",,"Chennai: A 23-year-old woman was killed and seven others were injured after a speeding truck rammed into the car they were travelling in near the Tirupputkuzhi flyover in Kancheepuram on Sunday.
The deceased was identified as H Ananthi, wife of 
Harish
, 28, of Vadapalani in Chennai. According to police, the couple, along with their friends Kishore, Jaideep, Gopi, Naveen, Santhosh and Percival, had set out on a trip to Yelagiri when the accident occurred.
As their car was descending the Tirupputkuzhi flyover, a truck crashed into it from behind at high speed, leaving all eight occupants with serious injuries. Passersby alerted the police, following which personnel from the Baluchetty Chatram police station rushed to the spot and shifted the injured to the Kancheepuram Government Hospital in ambulances.
Doctors declared Ananthi dead on arrival, while the remaining seven are undergoing treatment. The Baluchetty Chatram police have registered a case and launched a search for the truck driver, who fled the scene after the accident.","1043","CBMi5wFBVV95cUxPa0xOVFQ5ZVYwM1NSWmNPcEhaZEFmZzliZDI1OWVRcWJRdEtCVFdOc05aekczckUyRHJQNWdST0Fwak1WYmg1QTNKMTUwaWhxckpXc3FnV2hVZWpaNWl0dU1relBkaVZENC1VVEs2S0xyYlZqZGhJSWlmWXo5clB0Ny1sSE1SUk1OcVBISzI0dmhSdDQyRnZJUDZ3UXJULTZOczd0di04VUpqUzZEejk3Uk4xRU9QUjRINHotM1Mzb0YyTGQyUXNFemEzeU43Z084WHotZUJsbFJhNmNBMm9XMFF4ZU9zbFnSAewBQVVfeXFMTWtvSWJNX2JsVFVBWkN4djZpVGV0STJEdzlwdVJYV3JYZjV3dklMNHFZSEM1b0tBRzFPNU5fQWE1dklUWWVwNUwzbEZiNkNiSzluWUlxNU1TbGpqVXpqUmtmbUdUMlU2a29ZZXp5U0FkYllDd00zQW51akpxSUNpczgtV0pHMjk2LWVVNlBCOVFsdW5NZzR5OUtBU1pBTTUzd0hORHJjNkFSUGNmV0YtaEZVVk9VaVlKaFhVcjNZa3VDZUNnQ19yYTBCUFFXcFIyTkJDM2c4X19KcC1tRTMxSEF4SFpQUU5iNzRxajg","",,"2026-07-06T07:00:00+00:00","""road accident"" Chennai","true","2026-09-24T17:31:47.995785+00:00","google-news","timesofindia.indiatimes.com","The Times of India","Woman dies, seven injured in accident near Kancheepuram’s Tirupputkuzhi flyover The Times of India","Woman dies, seven injured in accident near Kancheepuram’s Tirupputkuzhi flyover - The Times of India","https://timesofindia.indiatimes.com/city/chennai/woman-dies-seven-injured-in-accident-near-kancheepurams-tirupputkuzhi-flyover/articleshow/132219331.cms"
,"https://timesofindia.indiatimes.com/city/chennai/software-engineer-killed-after-iron-rods-pierce-car-in-manapakkam-accident/articleshow/133072744.cms",,"Chennai: A 30-year-old software engineer died and two others sustained injuries when their car crashed into iron rods protruding from a truck ahead of them on Adyar River bridge at Manapakkam in the early hours of Sunday.
The deceased was identified as Malapati Ashok, 30, a native of Andhra Pradesh, who resided in Ramapuram and worked at an IT company in Pallavaram. Police said Ashok was returning home after completing his night shift at about 2am in the company’s car.
Govindaraj of Old Pallavaram was at the wheel, and Ashok’s colleague Sri Soumya was also travelling in the same vehicle. While the car was crossing Adyar River bridge at Manapakkam, it rammed into a truck transporting iron rods for metro rail work. Investigators said the rods extended nearly 10ft beyond the rear of the truck and pierced through the car’s front windscreen. All three sustained serious injuries.
Local residents shifted them to a private hospital in Manapakkam. Ashok died despite treatment, while Govindaraj and Sri Soumya continue to receive medical care.
St Thomas Mount Traffic Investigation Wing registered a case against the truck driver, Sivakumar Bindu, and arrested him. He was produced before a magistrate court and remanded in judicial custody. Further investigation is underway.","1281","CBMi4wFBVV95cUxOU2xCZm5LTjFwYk9LOGYtT1dxRUNHWmU2cElMSW5yRzVyWDRta1VGNEdjbENSbm5WMFloQ3JUVm1aQzY2aThBdFdBcXhDS0kwaW9RVzg3SjlqRVhNY3RlekY0SkFuMjQ3WUttZVQtMV9EeTdCU1FkblU3OVB4SnhrZmt2QzNLNEtzYzVwamNOOXRScUQ2WTE1UzUyOXBJdDZVQ01zZDRpdFNkYjdQbXFTdk1vTk1uMldIUDM2RGk2M25XYmR5anIxNkllYUZzTXFUYVllMGVPcFFCbjVNekdFMlJ3d9IB6AFBVV95cUxQUzg0bG05R1ZYOEkxODNOcjdUWkZjdUlucjBPa1dRdzlQT3FZYnJKZ19lRExqMWo0X3VVa1ZCY1FuMVBjZU1XU29CU2tsWVprUVhJZzdZTWZ3RjBkZ2NQT1M1RTdiTlFQYTdPa09iWXdkVEEtckpoSjh4Ql9IZDV5SWVEeEduaGF2a19tTURscThIT1pLdng1bjdyam1ybHl0WlZZdC1tMkRDVUFvUXRfQV9FQ1ppS0s4ZmtKMzd4eU5zaXc3eFdNbWpIeWl2bE4zNGZCeHl2VkhISzRRUmdRM2xzVWdPbG1R","",,"2026-08-09T07:00:00+00:00","""road accident"" Chennai","true","2026-09-24T17:31:47.995858+00:00","google-news","timesofindia.indiatimes.com","The Times of India","Software engineer killed after iron rods pierce car in Manapakkam accident The Times of India","Software engineer killed after iron rods pierce car in Manapakkam accident - The Times of India","https://timesofindia.indiatimes.com/city/chennai/software-engineer-killed-after-iron-rods-pierce-car-in-manapakkam-accident/articleshow/133072744.cms"
,"https://timesofindia.indiatimes.com/city/chennai/former-aiadmk-mlas-son-killed-in-road-accident-near-anna-university/articleshow/132562267.cms",,"Chennai:
 A 22-year-old law student was killed and his friend injured after their motorcycle hit a median and an earthmover ran over him on Sardar Patel Road near 
Anna University
 on Wednesday morning.
Police said Ulagapathi, a second-year student at a private law college in Guindy, lost control of the motorcycle while riding to college. He and his friend were thrown onto the road after the bike hit the median. An earthmover behind them ran over Ulagapathi, killing him on the spot. His friend was admitted to a government hospital.
Ulagapathi, son of former Melur AIADMK MLA Periya Pullan, was staying in Thiruvanmiyur while pursuing his studies.
The Mylapore traffic investigation wing sent the body for post-mortem and registered a case. Earthmover driver Rajesh, 40, was booked for causing death by negligence.","819","CBMi2gFBVV95cUxQMzItZjZPS3ZWYi1ZSG44WW42U01FT3p2ZksxdGNzVjZFZnVnMDUzUi1GSWpYQXRXc1c3anRtUTdxUGR6VDUyUW1Xa1dGYk1kNDdxZERkN3NmM09MY3hEbnlaeXd3WWdHVjR2V3lKNFV5WDlkcnNjMS1DeXk3RGFwLWFobnVqTWEyVGlmOW9aRE4zQkt4bVhyaEE0STRnTFVlOWxERTFLWkVzUk5mZWZVa3hObVp3QjAyLTI5cjRqWWxmZkxIYlR1NzRFTFpJYzl6VGpXaDNseUpPQdIB3wFBVV95cUxNY2RMNng4cE82dVhUMW9RbXIxeVNYQ0tMazgxcFZKblBuUktsR2IwbGo5eTlDUHJRRjJQVzJRSXdSTmEtU1JxSDI2RUtEWXNhNFctYUJ5YjhNM21CSWljdHlLVHFBa3RwdTFpMHZpY1NGWDNVU0JQbUZCX0ZVeWlmSk93QUFqMHktWXJadGNkbTExb0JfWFZoQlpVam5UdllXcy1xZl9fYmV2YlEwNWg0bldWT3R6d21CZU13THUtRzhxYTVfaW9HMm8xMGt2YVJvZTVzQkhfYVVRSkFEVmFJ","",,"2026-07-22T07:00:00+00:00","""road accident"" Chennai","true","2026-09-24T17:31:47.995993+00:00","google-news","timesofindia.indiatimes.com","The Times of India","Former AIADMK MLA’s Son Killed in Road Accident Near Anna University The Times of India","Former AIADMK MLA’s Son Killed in Road Accident Near Anna University - The Times of India","https://timesofindia.indiatimes.com/city/chennai/former-aiadmk-mlas-son-killed-in-road-accident-near-anna-university/articleshow/132562267.cms"
,"https://newindianexpress.com/states/tamil-nadu/2026/Jun/25/villupuram-collector-meets-22-road-accident-injured",,"VILLUPURAM: Villupuram Collector Sheikh Abdul Rahman visited the government medical college hospital at Mundiyambakkam and met those injured in a road accident that occurred near Janakipuram on the Chennai-Trichy National Highway, early on Wednesday.
According to police, a van carrying Haj pilgrims who had arrived in Chennai by air met with an accident near Kandamanadi village in Villupuram taluk on Wednesday morning.
The group was returning to V Kalathur village in Perambalur district from Chennai Airport when the front tyre of the van burst near Janakipuram, causing the driver to lose control.
The vehicle overturned into a roadside ditch. A total of 22 persons sustained injuries and were admitted to the government medical college hospital.
Collector Rahman met the injured and enquired with doctors about the treatment. He said all the injured were receiving proper medical care and assured that they would recover soon.
Government Medical College Hospital Dean Dr M Lucy Nirmal Medona, Medical Superintendent Dr Ravikumar and other doctors were also present during the visit.","1088","CBMitAFBVV95cUxPR1k3d282b3JndU5PMElTMnpaN1piVlB4b0JFR09yVGtpMGdfVWpnSGd1di1CNG9Sek54Q0ZfQ3ozMmszY2lNUHYyMkplbjRwX2xIQ3NaZGltWEF1ak1XZ1dNMHpPX2RPMUVEUmdmZDJvMDlMWWF1Vm85Y1JvNS1ad3VjZVZQNXVWQUxnTVJGblB6bWxoU0hwZXl1UUh1RV9VZnhXMlcwb0h3ektCN3ZfVVNyY1rSAcIBQVVfeXFMTmNWYVI0LTU4dUY5a0hKU0tBODgwdkFkQWlydzBXc0I4MUlHWVhwMlFsdG0zNU96V2VlM19ONU9Ldi1VTEVwa2h1YWl3Y3Z4WExOTHVGQVZMbXFaMkpUTVRvR1k2amk1ejJrT0RDcnA3N0hFZW5EenBMQV9oa0oxeVl1aEtzUDFhbWJaalJ0QkRLVW1vVzRacm1uU2NEV3Bmb0VEQ3BCb3ZkYmJ5VEFWc1haN0dUNVhFNGtJWEptMkg2bFE","",,"2026-06-25T07:00:00+00:00","""road accident"" Chennai","true","2026-09-24T17:31:47.996562+00:00","google-news","newindianexpress.com","The New Indian Express","Villupuram collector meets 22 road accident injured The New Indian Express","Villupuram collector meets 22 road accident injured - The New Indian Express","https://www.newindianexpress.com/states/tamil-nadu/2026/Jun/25/villupuram-collector-meets-22-road-accident-injured"
,"https://dtnext.in/news/chennai/chennai-father-six-year-old-son-killed-in-road-accident-near-red-hills",,"CHENNAI: A 33-year-old man and his six-year-old son were killed in a road accident near Red Hills on Friday night. The deceased were identified as N Sathish and his son, S Kailash.
Police said that Sathish was travelling in a two-wheeler with his wife, Rajni (26), son and his niece, Keerthana (16), from Alamathi towards Minjur around 9.30 pm after attending a family function.
Police sources said that they rode on one bike as buses were unavailable on the route and their destination was only a few kilometres away. While riding on the by-pass off Outer-Ring Road, Sathish lost control of the bike after it skidded on sand and crashed into the centre median.
Kailash, who was seated in front of Sathish, sustained severe head injuries, while Sathish was also injured. Other passengers sustained minor injuries.
Passersby alerted the police and ambulance services. Subsequently, all the injured were rushed to Stanley GH. However, doctors declared Sathish and Kailash dead on arrival.
The Red Hills TIW (Traffic Investigation Wing) have registered a case and sent the bodies for an autopsy. Further investigation is underway.","1127","CBMiqAFBVV95cUxNeWN2R2VwSFFCYkZSMzdKZnpfSmpEMUpWVkxHd0pQS0x1YTBJZlBaUjE1WWIxdXIwN3Z3QjNhUG9nWHM4TjJ1Q3JmVUhGLXhIWFIzOGpNbm5DR1RBcWZVWHNZUFY2cGlKOHcwNjg5eERya0NqbThTTVVSTlo1bXphX1BhOWVycUpyQkE3aGt0T3FvSHhWNXUwbGJMYmZYLTBrT2tHbXN6N1TSAbYBQVVfeXFMTjlVWmNmWmNMZ19uTTZzdUJFWFI3QlRNb2NpOXJwY1FFUS1iZEVPZklDN0k3TFpCLUhkQmJCcEdmQVdURFRJbE1IdWFDR0NUelQzV0RYMVZTS01zYmxhb1ZNWTdxWjV6X01US2ZMSGIxalM3eWlyb1V5eHgtcmhXN1ZydWJXWVJ0eUVJNGFfSW9WWHExUGpjTHIxdWVZeVc4WWdUMmJ4SE1IMXMyU3FGVnNoUjRqUUE","",,"2026-05-23T07:00:00+00:00","""road accident"" Chennai","true","2026-09-24T17:31:47.996631+00:00","google-news","dtnext.in","DT Next","Chennai: Father, six-year-old son killed in road accident near Red Hills DT Next","Chennai: Father, six-year-old son killed in road accident near Red Hills - DT Next","https://www.dtnext.in/news/chennai/chennai-father-six-year-old-son-killed-in-road-accident-near-red-hills"
,"https://bhaskarenglish.in/entertainment/news/ar-rahmans-son-ameen-involved-in-car-accident-in-chennai-138685842.html",,"- English News
- Entertainment
- AR Rahman Son AR Ameen Porsche Accident | Chennai Road Mishap Updates
AR Rahman’s son Ameen involved in car accident in Chennai:Porsche collides with Wagon-R, minor injuries reported; police seize both vehicles
- Copy link
Musician AR Rahman’s son and singer AR Ameen was involved in a road accident in Chennai on Monday morning. His luxury Porsche collided with a Wagon-R near the Olympia Tech Park signal in Guindy.
Ameen, 23, and his friend suffered minor injuries in the accident. Police said both were taken to a nearby Kauvery Hospital for treatment and were later discharged. The occupant of the other car was also given first aid and discharged from the hospital.
The accident happened at 3:30 am; police seized both vehicles
According to a News18 report, the accident took place around 3:30 AM on Monday. Ameen’s friend was also travelling with him in the Porsche at the time. The car collided with a Rapido Wagon-R that was entering the main road from a side road.
Passenger in Wagon-R also injured
The passenger travelling in the Wagon-R was also injured in the collision and was taken to Kalaignar Centenary Super Speciality Hospital for treatment. Police have registered a case and seized both vehicles. An investigation into the accident is underway.
Porsche car involved in the accident
The exact Porsche model involved in the accident has not been officially revealed. However, the Rahman family owns a Porsche Taycan electric car. In 2022, AR Rahman shared a picture of the car with his daughters, Khatija Rahman and Raheema Rahman. The car had an ‘ARR Studios’ number plate.
AR Rahman’s luxury car collection
The Porsche Taycan is reportedly worth around ₹1.53 crore. AR Rahman’s car collection also includes a Volvo SUV reportedly valued at ₹3 crore, along with a Mercedes-Benz and a Jaguar worth more than ₹1 crore.
Ameen is carrying forward his father’s musical legacy
At 23, AR Ameen is following in his father AR Rahman’s footsteps and building his own career in music. A playback singer, Ameen recently lent his voice to the Tamil version of ‘Chikiri Chikiri’ from Ram Charan’s film Peddi.
Has also worked on independent music
Ameen has also featured in the independent song ‘Bheegi Bheegi’, alongside Jasleen Royal, Dulquer Salmaan and Mrunal Thakur.
AR Rahman is busy with ‘Ramayanam’
On the other hand, Oscar-winning composer AR Rahman is currently working on several big projects. After 'Gandhi Talks', 'Peddi' and 'Main Wapas Aaunga', he is now busy with the music of 'Ramayanam'. Along with this, he has also composed the music for the film 'Bantwara 1947', which is releasing on August 14. Rahman started his career in 1992 with the film 'Roja'. He has won 2 Oscars, 2 Grammys, 1 BAFTA, and 1 Golden Globe Award.
- 'Defaming loved ones for success is wrong': Govinda on wife Sunita's affair allegations, questions 'Is it necessary to badmouth your own people?'
- Piyush Mishra furious over Naseeruddin Shah's remark: Veteran actor had stated over CJP protest silence ‘Those with bones in their mouths stay quiet’
- VIDEO | Kajal confesses her love for Pawan Singh: Reveals secret behind weight loss; earlier accused him of forcibly kissing her
- Director Shakeel Noorani arrested in 2016 rape case: Actress alleges he drugged and sexually assaulted her, then gave contraceptive pills","3347","CBMivAFBVV95cUxNdHhpWHJxLUZYX01ETnhwcnk2ZkFTa2pDenRJWUpDRTQwSUFNVnVYM09La0dKOTY5d1p3RERlNU5PTjdkcXJkcXdRd0dmMEgtb1RJYVNxcjZQdjMxcmluVlJzR1J2WlpabzRTb2d6LU9MRkU3Q2wyVVZvNHducDlFalhCVk5JMkJwbnRUem5vMl9UOFhjTTdlRFEyRzNTZjU0MUwxRVU5Rm9qMUFiZl96ckxucE9XODF0WWdRWtIBwgFBVV95cUxObndBZ0tIeVFTVXNYNnRWR2M2cnlYNzJMdHFnRUJsTEhabU1XdW9TeHRkQ1FmejV0WC1Xb3ZOZ2F5cllNb3ljSnNoWlNYaWhXSlp6YXR6amZjdDc4WFVxeDZmWGQtT1dZemtaeF9EZ2NaN3hmVTA2Q1dUUTBtUzRfMVNiaFhnUlNhSVZaNWxFVjZrZVh0dm81eFRBYkNWbXlqdl9zWjlUWDl5X3JTcHN6cy1xb21PUW8zNmRYSFpHaVp0dw","",,"2026-08-14T07:00:00+00:00","""road accident"" Chennai","true","2026-09-24T17:31:47.996714+00:00","google-news","bhaskarenglish.in","Bhaskar English","AR Rahman’s son Ameen involved in car accident in Chennai: Porsche collides with Wagon-R, minor injuries re... Bhaskar English","AR Rahman’s son Ameen involved in car accident in Chennai: Porsche collides with Wagon-R, minor injuries re... - Bhaskar English","https://www.bhaskarenglish.in/entertainment/news/ar-rahmans-son-ameen-involved-in-car-accident-in-chennai-138685842.html"
,"https://timesofindia.indiatimes.com/city/chennai/tribunal-awards-41-lakh-as-compensation-to-man-disabled-by-road-accident/articleshow/131333239.cms",,"Chennai:
 A restaurant employee, who suffered 90% permanent disability in a road accident, has been awarded Rs 41.14 lakh compensation by the Chennai Motor Accidents Claims Tribunal.
The tribunal directed IFFCO Tokio General Insurance Company to pay Rs 41,14,722 to Hakkeem, a resident of Sitharkottai in Ramanathapuram district, holding that the accident occurred due to the rash and negligent driving of the lorry driver.
According to the claim petition, the accident took place in December, 2022, when Hakkeem was travelling with a friend on a two-wheeler from Ambattur towards Red Hills. The lorry moving ahead allegedly took a sudden right turn without giving any signal, causing the two-wheeler to ram into the vehicle.
Hakkeem was grievously injured. Though he underwent treatment and returned home, he was unable to continue his work owing to the severe disability. He moved the tribunal seeking Rs 40 lakh compensation.
Hearing the case, tribunal judge K Sujatha noted that the lorry driver did not possess a valid driving licence at the time of the accident. The tribunal also recorded that Hakkeem had suffered 90% disability and held the lorry driver responsible for the mishap due to overspeeding, negligence and careless driving.","1243","CBMi4AFBVV95cUxPTkVNMC1JNjd0TUNEYmRUT1NyS1ZpeDNxVzZYRDVwc0RUbG1MUmtQOXk0dFg0UGxHbFl6a182TEdPSHk0WnJMUUR1WXd1RDFnNnZlS3cxWlBRamtXZEZDNU9jaDRHMHBCSF8wQ2tyZHltVkZ4M2ZOX1RNenhqZlBMM2h1VHBZNWQ5WVdTV0VYYXZMRUk2cU80MTUtZVNmMk9OZ2htLTV0UkhwWGhGVDFnRVVHa2FtUkE5a3p3WHRxTjl0eWZRZmpTTEFMUFE0S1paX1l4WlM3d2RibjVlbm05RtIB5gFBVV95cUxORjdVckZKMVltR09XdXBpbFllR3otQ2cwTjdQb0N5cGMtd3RHbzc1SUFXOHJKTWJUMlBqdTZVbnVRbFBNUWRMU2FrYnFFZDNSbWQtbWNVTDNDX3o0LTAzdGdQQUY1NlNlVjBVMnR2ZVBkLW9iQ01jdER0S3I0cHl1N2dvQ1c4a0hUT18zNjJRbF9MX0V6Mm9RQUdnZ1VvVTZqaFhWLUxiZVNWaXN6TXdjQUZXSDZJZHc3Yy0wYXFuN1BYaXdTZ1lqQlpIWEF0bVhHU0FTck1KdTdsVkZYbmdqS2w2c2w3UQ","",,"2026-05-26T07:00:00+00:00","""road accident"" Chennai","true","2026-09-24T17:31:47.996800+00:00","google-news","timesofindia.indiatimes.com","The Times of India","Tribunal awards ₹41 lakh as compensation to man disabled by road accident The Times of India","Tribunal awards ₹41 lakh as compensation to man disabled by road accident - The Times of India","https://timesofindia.indiatimes.com/city/chennai/tribunal-awards-41-lakh-as-compensation-to-man-disabled-by-road-accident/articleshow/131333239.cms"
,"https://hindustantimes.com/entertainment/music/ar-rahman-son-ar-ameen-daughter-khatija-rahman-break-silence-on-chennai-accident-read-statement-101786429249717.html",,"AR Rahman's son AR Ameen, daughter Khatija Rahman reveal what happened during Chennai accident
Playback singer AR Ameen, music composer AR Rahman's son, sustained minor injuries according to the police. He breaks silence on what happened.
Playback singer, AR Ameen, music composer AR Rahman’s son, sustained minor injuries in an accident that took place in Chennai on Monday. Hours after news of the accident broke, the singer opened up about what happened. His sister, singer-composer Khatija Rahman, also explained how the accident occurred in a statement posted on social media.
AR Ameen claims he wasn’t driving
Contrary to some reports, Ameen clarified in his statement posted on Instagram Stories that he was in the passenger seat. He wrote, “Yesterday, on the way to the airport, I was in the passenger seat of my friend's car when we got into a minor accident. By God's grace, everyone involved is safe and okay. All praises to the Almighty (EPI) for His grace and protection over all of us.”
He also thanked everyone who checked up on him, writing, “I want to sincerely thank my family, friends, and well-wishers who reached out, checked on me, and sent their love and prayers. It truly means more to me than I can express. I also believe that my grandma's, my dad's, and GV Anna's prayers and values continue to guide and protect me. I will always carry their teachings with me and strive to live by everything they have instilled in me.”
He ended his note with, “Thank you once again to everyone for your love, care, and support.”
Khatija Rahman explains what happened
Ameen also reshared his sister Khatija’s statement, which thanked everyone who prayed for her brother and clarified what really happened. “Ameen was on his way to the airport, seated in the passenger seat, while his friend was driving. A driver in another vehicle ahead of them moved forward despite the signal being red, which resulted in a minor collision,” read her statement.
She also added, “By God's grace, Ameen, his friend, and the occupant of the other vehicle are all safe.” Khatija also requested that those reporting the news verify details with the family so as not to cause ‘unnecessary worry and distress’.
Police statement on Ameen’s accident
Ameen suffered minor injuries, as per the police, after a luxury sports utility vehicle was involved in a collision with a hatchback operated by a cab aggregator in the early hours of Monday near Guindy, Chennai. Police told HT that the singer was driving the car. There were no casualties, but Ameen, his friend, and the hatchback driver suffered minor injuries. They were let off after basic first aid. Both vehicles were seized.
According to the police, the incident occurred around 3.30 AM when Ameen was driving towards Guindy with his friend. The hatchback, which was moving on the left side of the road, entered the main lane, leading to the collision, police said. Cases have been registered under the Motor Vehicle Act, under section 337, which deals with punishment for causing injury, and section 279, which penalises rash or negligent driving on a public road.
- ABOUT THE AUTHORNeeshita NyayapatiDespite having a Master's degree in Journalism and over a decade of experience in print and digital media as a field reporter and sub-editor at organisations such as The Times of India and Reader's Digest, Neeshita Nyayapati remains a movie buff first and a Chief Content Producer second. She fell in love with movies in childhood and believes nothing matches the magic of watching a good film that moves you with a warm tub of popcorn in hand. Her love for writing about cinema follows that. Come Friday, you'll find her at her happy place, the movies, catching the latest rom-com or masala offering, for reviews or otherwise. As for the rest of the week, she's here reporting the juiciest news in Telugu, Tamil, Malayalam, Kannada and Hindi or bringing out the best of celebs in interviews. While her niche is Telugu cinema, Neeshita likes to dabble in a little bit of everything to stay up to date. From film announcements to scandals and hard news angles, she has explored it all. A good book, a comforting cup of hot chocolate, puppy kisses and a stunning beach view are all she needs to unwind. Her passion for biking and travelling has taken her to various places across the country. She has found peace in everything from the frozen lakes of Gangtok to the coffee plantations of Coorg and the dense forests of Bandipur, to the monasteries of Darjeeling. But no matter where she goes, Neeshita loves coming across inspiring and moving stories.Read More
Get more updates from Bollywood, Taylor Swift, Hollywood, Music and Web Series along with Latest Entertainment News at Hindustan Times.","4743","CBMi-wFBVV95cUxNVWIyRFV2U01uU1czMkFDWmF5RHFFUklVbE5FZ01sRVQxaF9TaVVZOVgyS21Ic0ZGVHdWTUdVUHpVeUhiNGRTc0tzUVVGQzRWV0pjbGVWMUd6VU9kNWxRY29NdDBXOU9Ea1h0bDF5eU1iSmt2VFg1MVpzN0ZMR1BLdy0xejFLdlZFMlgzWks1TlNkbElNclh2OThOTVNnN21TTTAtRW5CZzRQWVR3ZzJNaGJxWk1LWE4xQ0tsMF8zMjZ3b0pwSS1QRE9oeTVqTTlxZXZ3YjlWc0VMNDlFSTJjSWg0YXIyTFRHTjMzQkFhMEtLU191VjFWSmhrMNIBgAJBVV95cUxQVDNlRk1vOXU0Nm9HN2dld2pKQ01TZ2pGdGtBbG1STERORjhQbjZqUV9ObjBXcUVKeGxKa0Y2UEFxdXZ6SGJxQzMzU2JLa2lWYjVvZWRUYncwcThHOTh5aXVyQ0VRS2F3RlNaUEVJc1NxLUhabE1xd2xxZkh2dV9UUVgxczczWGNWX2VmVk5RRVVNNlhRSkdTQ0lMYWVyMkEwQ2J3VnJVbzNBekFrODZ3enZVdjdWV3E2UUxaWW9PcG9ieE9jY3RQTWVZZjVobFQxdWhKOGtUZjBGYmotN0IzNjZ3WUU4d0JYWWpTYklKN2p3NloxR2FhVzBQU3FqM3Zi","",,"2026-08-11T07:00:00+00:00","""road accident"" Chennai","true","2026-09-24T17:31:47.996940+00:00","google-news","hindustantimes.com","Hindustan Times","AR Rahman's son AR Ameen, daughter Khatija Rahman reveal what happened during Chennai accident | Hindustan Times Hindustan Times","AR Rahman's son AR Ameen, daughter Khatija Rahman reveal what happened during Chennai accident | Hindustan Times - Hindustan Times","https://www.hindustantimes.com/entertainment/music/ar-rahman-son-ar-ameen-daughter-khatija-rahman-break-silence-on-chennai-accident-read-statement-101786429249717.html"
,"https://timesofindia.indiatimes.com/city/chennai/man-on-way-to-celebrate-birthday-dies-in-bike-accident/articleshow/132374802.cms",,"Chennai: A 21-year-old man, who was on his way to celebrate his birthday, was killed in a 
road accident
 near Chengalpet on Sunday night.
Jeeva
, a resident of Sangutheertha Kulam in Thirukazhukundram, was riding a motorcycle near Pulikundram in Chengalpet district when it collided with an oncoming vehicle while he was negotiating a curve, the police said. Jeeva was headed to meet friends for his birthday celebration. Preliminary inquiry found that he was riding under the influence of alcohol, the police said.
He suffered severe head injuries and was taken to Govt Chengalpet Medical College and Hospital, where he was declared dead.","640","CBMiyAFBVV95cUxOQ0FXVWYyYnNnSWlYaWVWaW9JY05saWhIaEg4Mjh1YmxaZXVIV1dTMXQxTmxuR3diLVhOb1djWGZBLTVzeTlpd3VrczJQb0ROd2N0Vk10aVQ2akJuZG5tOXhDTmFpS2lycEluQUFXWi1TV1FOSFE3dEVJWVBRaUlYQXQ3bHpLWFZrVWJDcFVjNWszNEgtY3A3bFNsUWpBMzdzTjZIc05oa0YtbWtDRnpjN3dLY3ZLcFlOTm1YLXl4THlUUDlCRzRXYdIBzgFBVV95cUxQSEtKYUdPNzlmWGRJZzJ5M3U4dVg3LTJCZl9ENjdvTnp1VGpnTEIyVkR6YWU5NUxVZUgzOFJ2ekY4SDhrZlNkcWtkSHNzdUZ5eGhTd1BxMTFEaGJHcm53MGxHUWRCb1ZUOS1fVnJqdWI4OEVjbk9GQ1F1LVBuVTl5angtMmVFZFJxMmtSSmxBUU80VTV3QnJEQzdMOHZGcWtYSDlUTXBUQkYtMjFoTmE4aURDU2hnVmdIYnNLaE9LY0xyclZZaVNFQmstWXdBQQ","",,"2026-07-13T07:00:00+00:00","""road accident"" Chennai","true","2026-09-24T17:31:47.997289+00:00","google-news","timesofindia.indiatimes.com","The Times of India","Man on way to celebrate birthday dies in bike accident The Times of India","Man on way to celebrate birthday dies in bike accident - The Times of India","https://timesofindia.indiatimes.com/city/chennai/man-on-way-to-celebrate-birthday-dies-in-bike-accident/articleshow/132374802.cms"
,"https://dtnext.in/news/chennai/chennai-four-year-old-boy-killed-in-road-accident",,"CHENNAI: A four-year-old boy was killed and two others were injured after a speeding lorry hit them while they were crossing a road near the Vanagaram toll plaza on Tuesday morning.
Police identified the deceased as Riyaan. He was accompanying his mother Kiruba, her elder sister Glory, and Glory's six-month-old son. The family was returning to Tiruverkadu after a trip to Sivaganga.
Around 5.30 am, as Glory, carrying the infant, attempted to cross the road along with Riyaan near the toll plaza, a flower-laden lorry from Koyambedu, bound for Panruti, rammed into them at high speed.
All three were flung onto the road, after which passersby rushed to their rescue and moved them to a hospital, where Riyaan was declared dead on arrival. Glory and the infant sustained injuries and are undergoing treatment.
Based on CCTV footage, the Maduravoyal Traffic Investigation Wing registered a case and arrested the driver, Chidambaram (37) of Nerkundram. Further investigation is under way.","987","CBMijAFBVV95cUxPa3ZyeUozWjdFVy11OG01VEpUWnA1ZHhDQWExZ24yWHhNaWhCODNwRi1vejl0YW85Qy1yYkRHTndTX2JTQmRRQlZCeEFvQnBhUW90WUR3TEtad0VOVzUzSFZWcTRnZGVQT09hd0dsWDBBX3BZc2Y3aHRBVXBfaGhzZUowYm9BTEtlcnZtctIBmgFBVV95cUxOc3MzTDhqVGhOZlJwbklreVI3ckdyR0JmdEN6aFR2Y291WUVQZDhZdWppOXd4Q2J4SHFFMHZnMjBrVGJsYzZHN1VsanBnYy1TUWRVVEI2TVRGd1hvUC1HS0piSHhNZGc3X21JTzBYXzRycVRpVU9yM2U1cGhJT0M5dG5GX056ZkFHOUFxMkszclBHRTZoSW1sbW1R","",,"2026-04-28T07:00:00+00:00","""road accident"" Chennai","true","2026-09-24T17:31:47.997434+00:00","google-news","dtnext.in","DT Next","Chennai: Four-year-old boy killed in road accident DT Next","Chennai: Four-year-old boy killed in road accident - DT Next","https://www.dtnext.in/news/chennai/chennai-four-year-old-boy-killed-in-road-accident"
,"https://dtnext.in/news/chennai/chennai-16-year-old-duo-killed-in-accident-near-gummidipoondi",,"CHENNAI: Two teenagers, aged 16, were killed in a road accident near Gummidipoondi during the early hours of Monday after they lost control of the bike they were travelling on and fell onto the road.
The deceased were identified as Tamilarasan (16) of Gummidipoondi and Dilkush alias Sanjay (16) of Bihar. The police said the duo were travelling from Kavaraipettai towards Gummidipoondi on the Chennai-Kolkata National Highway, when the accident happened.
Preliminary investigations have suggested they were overspeeding. While speeding through the Verkadu village, Tamilarasan, who was riding the motorcycle, reportedly lost control, and both boys were thrown off the motorcycle and suffered severe head injuries. Tamilarasan died while being taken to Ponneri Government Hospital. Dilkush, who sustained critical injuries, was admitted to the hospital, where he succumbed without responding to treatment. The Kavaraipettai police retrieved the bodies and sent them for post-mortem examination. The police have registered a case and are probing how the minors got hold of a two-wheeler.","1086","CBMinAFBVV95cUxNUDNVVUhDTUFxZ3VzRHFCc3pGMGcxNVRsdy04Y0Z2RllyMU0waVlWaWh0UnZSdElrVlNzRUVGcWRBYURaWWxrN2RwTWZoQ1dmdWEtWnBjVVlqSU9sZmZPQjFUNEJ5OUZOWGIwWUVlX3hjYlJ2Vm5lWmp1QnhRbG5PNHN4bnp2a1ZOV1V5bGV1ejlPdkw3STVsRTJTVHPSAaoBQVVfeXFMUGt3ZWNvT1F5dU1kb0xoSUpDVkZZRHN4c2lLVGwyM0lGeUhiMzN3VWlBRUsxUEFtWUkyVzdxYVFjUnlpS3Z0NjlFUS1OaTJvU0lYem1TZS1ZUm5QdnVnNkQtREVOWmRfYkhldzBwazd5SEhXNzh6YkMwcEZuWENQM3lKVXNCRld3WU5NckZyNnBERzAtUDNaX2kxWE5DRXdEZ25nYUNhQ05LNFE","",,"2026-08-18T07:00:00+00:00","""road accident"" Chennai","true","2026-09-24T17:31:47.997542+00:00","google-news","dtnext.in","DT Next","Chennai: 16-year-old duo killed in accident near Gummidipoondi DT Next","Chennai: 16-year-old duo killed in accident near Gummidipoondi - DT Next","https://www.dtnext.in/news/chennai/chennai-16-year-old-duo-killed-in-accident-near-gummidipoondi"
,"https://telanganatoday.com/ar-rahmans-son-ameen-escapes-with-minor-injuries-in-chennai-car-accident",,"AR Rahman‘s son Ameen escapes with minor injuries in Chennai car accident
                AR Rahman’s son A.R. Ameen escaped with minor injuries after his luxury car collided with a cab near Olympia Tech Park in Chennai early Monday. Ameen and others were treated and discharged, while police are investigating the accident using CCTV footage
                
                                        
                    Published Date - 10 August 2026, 12:10 PM 
                 
                                    
                                                
                
                            
Chennai: World-renowned music composer A.R. Rahman’s son A.R. Ameen escaped with minor injuries after the luxury car in which he was travelling collided with a cab near Olympia Tech Park in Chennai in the early hours of Monday.
According to police, the accident occurred around 3.30 a.m. when Ameen and a friend were travelling towards Guindy along Jawaharlal Nehru Road. As their vehicle approached the Olympia Tech Park area, a cab reportedly entered the main road from a side road, resulting in a collision between the two vehicles. The impact left Ameen and his friend with minor injuries.
                            
                                            
                
                
    
They were taken to a private hospital, where they underwent medical examination and received treatment. Both were subsequently discharged and returned home.
Police said their injuries were not serious. A passenger travelling in the cab was also injured in the accident. The passenger was taken to the Kalaignar Centenary Super Speciality Hospital for treatment. After receiving medical attention, the injured passenger was also discharged. There were no reports of any life-threatening injuries among those involved in the accident.
The vehicles, however, are understood to have suffered damage in the collision. Personnel from the Adyar Traffic Investigation Wing (TIW) took up an investigation into the circumstances that led to the accident.
Police are examining how the cab entered Jawaharlal Nehru Road and whether either vehicle was travelling at excessive speed at the time of the collision. Investigators are also expected to examine CCTV footage from cameras installed in and around the accident spot to reconstruct the sequence of events.
Statements from the drivers and occupants of both vehicles will form part of the investigation. The accident occurred during the early morning hours when traffic along the arterial road was relatively light. Jawaharlal Nehru Road, popularly known as the Inner Ring Road, is one of Chennai’s major traffic corridors and connects several important neighbourhoods and commercial areas.
Ameen, the son of Oscar-winning composer AR Rahman, is a singer and performer who has worked on several musical projects. He has also performed alongside his father at concerts and other musical events.
The Adyar Traffic Investigation Wing is continuing its enquiry to determine the exact cause of the collision and ascertain whether any traffic violations contributed to the accident.","3138","CBMioAFBVV95cUxQZm8telFFNDczaXlhMlBVQWVQczRyaGd1eERLTDY3VVBqdlJfdm1LTXM2UmdFMHl5SlVZdllVODhFamNtTHpKMnZIQ05STVdFbFlNSnlXam83ZVVWNi1qaV9rckxMZjRFbDhybDdfQ2d2cWRwVmY5ajk5bFpCM0pyQ3pzRVI1VFhKZHRKVnVaWDMtcDRZNG9wczlSNEZ4dEFl","",,"2026-08-10T07:00:00+00:00","""road accident"" Chennai","true","2026-09-24T17:31:47.998582+00:00","google-news","telanganatoday.com","Telangana Today","AR Rahman‘s son Ameen escapes with minor injuries in Chennai car accident Telangana Today","AR Rahman‘s son Ameen escapes with minor injuries in Chennai car accident - Telangana Today","https://telanganatoday.com/ar-rahmans-son-ameen-escapes-with-minor-injuries-in-chennai-car-accident"
,"https://news18.com/movies/bollywood/ar-rahmans-son-ar-ameen-breaks-silence-on-chennai-car-accident-i-was-in-the-passenger-seat-10266025.html",,"AR Rahman's Son AR Ameen Breaks Silence On Chennai Car Accident: 'I Was In The Passenger Seat...'
AR Rahman's son AR Ameen took to his Instagram stories and penned a long note explaining what went wrong during his car accident in Chennai.
AR Rahman’s family was hit by an unfortunate incident on Monday, August 10, when his son, playback singer AR Ameen, was involved in a road accident in Chennai. Although Ameen escaped with minor injuries, the incident raised concern among his fans. AR Ameen’s sister Khatija Rahman shared more details about what led to it in a social media statement. Now, Ameen has also shared a long statement clarifying his stance.
AR Ameen took to his Instagram stories and revealed that he was in the passenger seat. He wrote, “Yesterday, on the way to the airport, I was in the passenger seat of my friend’s car when we got into a minor accident. By God’s grace, everyone involved is safe and okay. All praises to the Almighty (EPI) for His grace and protection over all of us.""
Recommended Stories
- Govinda Accepts Sunita Ahuja's Cheating Allegations?; AR Rahman’s Son AR Ameen Meets With Car Accident
- AR Rahman’s Son AR Ameen Meets With Car Accident in Chennai, Sustains Minor Injuries
- 7 Killed, Over A Dozen Injured After Stampede At Bihar’s Ashok Dham Temple Amid Sawan Rush
- Electric Current Rumour, Overcrowding: What Led To Bihar Temple Stampede That Killed 7
He also thanked his fans and family for reaching out to him. His note further read, “I want to sincerely thank my family, friends, and well-wishers who reached out, checked on me, and sent their love and prayers. It truly means more to me than I can express. I also believe that my grandma’s, my dad’s, and GV Anna’s prayers and values continue to guide and protect me. I will always carry their teachings with me and strive to live by everything they have instilled in me. Thank you once again to everyone for your love, care, and support.""
According to Hindustan Times, the accident took place at around 3.30 am near Guindy, Chennai, when Ameen was reportedly heading towards the area with a friend. According to the police, the luxury SUV he was travelling in collided with a hatchback being operated by a cab aggregator after the latter moved from the left side of the road into the main lane. Ameen, his friend and the hatchback driver, sustained minor injuries in the crash. They were given basic first aid and discharged, with no fatalities reported. Police subsequently seized both vehicles in connection with the incident.
The report also claims that a case has been registered under relevant provisions of the Motor Vehicles Act, including Section 337, which concerns causing hurt by an act endangering life or personal safety, and Section 279, pertaining to rash or negligent driving on a public road.
Quick Answers
The police are investigating the car accident to determine the exact circumstances. Adyar traffic investigation police have registered a case and are conducting an inquiry.","3000","CBMi3AFBVV95cUxOMnpXT25jZ053QWNJR3VqN0Q1Z3V5cTNOZ09LM0FJUURBNXUxM1F5eUxjcTVXSWFCNGR1VXBNczlqT2pfYy1EMkV2a09KOGpWdWFYUkRzLVRHd0tya1RZQUNuZm11UlpTQ3dpQkg1dTIxaS1IRmlPZGhuMjk2RVJmdW9laFMxNXM5Tzl4aUhEendQblFsZkhMLU53b0pqN2Zjc1U0QVB2MXN1aTRoSVlFOVQ1ZHZ3R20weEg5RHpwM1JZT3JnWXl4a2FvakMydE5KeVVIbElFeXM5Uzct0gHiAUFVX3lxTE1MODc1S3hsVzFOZlZZN2lteUVLMUpxc19hOU9ad0VvVExhbWk3U1ZDXzVtUTVJdmtqTlZqa0x1NlhlSlVEMWlOdDBWanRRRFVjY0pIdDY3ZkxmLWpJRVV1b1VCUlRfX0RFTlpnY2JqX01ITjJDcjJWMjFkM294UWpKYzdoamNsTUE0VmJPQXI2ZG9oOWZMZ0VCNUVteGVXdlhLd1NwMk1HNEFSUjVVTDVzYkQyekdmc0VWLW84cFZtaEp2b215VThqQkc4LUx3TTZpWlIxcXdGUjl4cVFTdlBBQkE","",,"2026-08-11T07:00:00+00:00","""road accident"" Chennai","true","2026-09-24T17:31:47.998890+00:00","google-news","news18.com","News18","AR Rahman's Son AR Ameen Breaks Silence On Chennai Car Accident: 'I Was In The Passenger Seat...' News18","AR Rahman's Son AR Ameen Breaks Silence On Chennai Car Accident: 'I Was In The Passenger Seat...' - News18","https://www.news18.com/movies/bollywood/ar-rahmans-son-ar-ameen-breaks-silence-on-chennai-car-accident-i-was-in-the-passenger-seat-10266025.html"
,"https://timesofindia.indiatimes.com/city/chennai/two-die-in-accident/articleshow/131594938.cms",,"Chennai: Two men died and an another man sustained critical injuries in a road accident near Tiruttani. One of the deceased, 
Chandran
, 43, a construction supervisor from TV Puram village, was returning to Tiruttani with his assistant, Padmanaban, on a motorcycle after completing construction work at R K Pet. When they reached Agur village, Chandran lost control of the vehicle, which veered off the road and struck 
Panneerselvam
, 65, who was walking along the road.
All three sustained serious injuries. Locals rushed them to Tiruttani Government Hospital, where Panneerselvam was declared dead on arrival. Chandran later died of injuries despite medical intervention. Padmanaban remains in critical condition. Tiruttani police have registered a case and are investigating.","779","CBMimgFBVV95cUxNM0ZjUV9LQlZ0LWdja04zaWZRNlRCS1dXRFZzdG5mUmczQXZldTduR2N4TElBc3VnU2VPWHNHc0ZBMHVoWm9JMkxCSi0yMXNvZVdUZHp3NjhOMm11Nk1UczlSYnQ0ZDFNVFQ2YmJRQ2dFajNwV1IwMl9hSUZqR0hnbThtczVNbXZZSUdrOC1ZaTh3enJKSW1sbnVn0gGfAUFVX3lxTE1JbVdEU0JTT0pUWjJ5bW41UXRvV1ZLZzdsZklHOFpjQXVMOWc4bkE1UXpKa2FOYVgwMGwtZ2tMelV2UFZLY3N2dVROYW5CbVFiMHE1Mm43Z1d2VkV6c3JlYW5EVlhsaVZwUEx2al8xaVd3RmZUR0RKbVk2VVNMQUlxVnpnZXV6bng1S09rMk1mbjhDZWpDaUFuRWlwcTczTQ","",,"2026-06-08T07:00:00+00:00","""road accident"" Chennai","true","2026-09-24T17:31:47.999127+00:00","google-news","timesofindia.indiatimes.com","The Times of India","Two die in accident The Times of India","Two die in accident - The Times of India","https://timesofindia.indiatimes.com/city/chennai/two-die-in-accident/articleshow/131594938.cms"
,"https://timesofindia.indiatimes.com/city/chennai/kerala-man-dies-in-road-accident/articleshow/130316798.cms",,"Chennai: A 66-year-old worker from Kerala died after being hit by a speeding car while walking along the roadside near Tiruvallur. Two others who were with him sustained serious injuries. The deceased, identified as Abubakkar from Malappuram district in Kerala, was working at a shop in Thandalam near Tiruvallur. 
He was walking towards Thandalam with two of his friends when a car approaching from behind reportedly hit him. Abubakkar suffered severe injuries and died on the spot. Two others accompanying him, Kabir, 57, and Sabir, 30, were injured in the incident. Police from Manavalanagar Station registered a case and launched a search for the driver.","658","CBMiqwFBVV95cUxNTVZadkIxVnJ3bDA0Ykx3ZWdWajBvV1NWYy1oREdETVI1MFBKTVFGS2F4Ui1GZWcwTVVwWC1waEo5bXVzN3h2ek91WTNDa0pjYkNiSlBEWTNtcHB3WlJoZDJxdl9LS19XUGFYWGt5TkRaYy1EWXBLVlYzUTZ1R1ZJOXliSVRuTUVxdmhXVVJOWkJrVlBtN1YwRVJuOEFNUl9SNFBTYjlpVkY1SjjSAbABQVVfeXFMTVEyektneXFldnhhcXNHXzJKaEpibklPZ2ZsVmlHNTBuVkN3SVU5d09tbkY5TngxUkFtMmhiNDQ1TDRrNHJxUmc2S1dOVnFRNV9yTXRfTVNzX2ZFVHhyT01la242WE1ERm1rUnU0T05rZXdWZDVRUTl4SHJ2bVpxR1VIM1Mzb1ZYWVhuX2c0TzA4RjNidjlYaXBaNGx0ZmRha09zTnZocUk3U2lRZExQcWY","",,"2026-04-17T07:00:00+00:00","""road accident"" Chennai","true","2026-09-24T17:31:47.999225+00:00","google-news","timesofindia.indiatimes.com","The Times of India","Kerala man dies in road accident The Times of India","Kerala man dies in road accident - The Times of India","https://timesofindia.indiatimes.com/city/chennai/kerala-man-dies-in-road-accident/articleshow/130316798.cms"
,"https://telanganatoday.com/south-indian-producer-rb-chaudhary-killed-in-rajasthan-road-accident",,"South Indian producer RB Chaudhary killed in Rajasthan road accident
                Renowned South Indian film producer R.B. Chaudhary died in a road accident in Rajasthan’s Pali district after his vehicle lost control due to cattle on the highway. The driver was injured, and political leaders expressed condolences over the incident.
                
                                        
                    Published Date - 6 May 2026, 11:37 AM 
                 
                                    
                                                
                
                            
Jaipur: Renowned South Indian film producer and businessman R.B. Chaudhary died in a road accident near Jhunta village on National Highway-162 in Rajasthan’s Pali. He was 76-years-old.
Chaudhary, originally from Risaniya near Sojat Road and currently based in Chennai, was returning from a family wedding in Lilamba village when the accident occurred on Tuesday afternoon.
                            
                                            
                
                
    
According to the police, the vehicle lost control after cattle suddenly came onto the road and crashed into a roadside safety wall.
The impact of the collision was severe, resulting in Chaudhary’s death on the spot.
The car driver, Gautam Seervi, sustained serious injuries and was initially given first aid before being referred to Jodhpur for further treatment.
Officials from Raipur police station reached the spot soon after the incident.
Assistant Sub-Inspector Manohar Lal Khoja supervised rescue efforts and ensured the injured were shifted to hospital.
The body was sent for post-mortem and later handed over to the family.
Police said the mortal remains have been transported to Chennai, where the last rites will be performed.
Former Chief Minister Ashok Gehlot has mourned the accident and has prayed for the departed soul.
“The news of the demise of R.B. Choudhary, a South Indian film producer, in a road accident in Beawar is quite sad. I pray to God to grant peace to the departed soul and strength to the bereaved family to bear this loss. I also wish for the speedy recovery of the injured driver,” Gehlot said on his X account.
The incident has led to mourning both in the local region and among associates in the film and business community.","2350","CBMimwFBVV95cUxPQS15QmNYUzYtLW1XS3VPX1V2WEx4NnhrSkNMa2tnbVgwQXZNclhDTEk0X1UyWEN3S0l6WG5FdkdGbDYxcUZNTlRwX2pYT1lCWGR3aW10SVl0aEF0QXdFZUtfM0M1UHhuVUtyTHRGV2F5MEhfQUZvZ054N3RqSzN5VWcyRGxiUmtST2Iya1VHYW9vcVczWm42bW5XOA","",,"2026-05-06T07:00:00+00:00","""road accident"" Chennai","true","2026-09-24T17:31:47.999315+00:00","google-news","telanganatoday.com","Telangana Today","South Indian producer RB Chaudhary killed in Rajasthan road accident Telangana Today","South Indian producer RB Chaudhary killed in Rajasthan road accident - Telangana Today","https://telanganatoday.com/south-indian-producer-rb-chaudhary-killed-in-rajasthan-road-accident"
,"https://courtbook.in/posts/parking-a-broken-vehicle-on-fast-moving-ring-road-was-root-cause-of-crash-rules-madras-high-court-tata-aigs-appeal-dismissed",,"The Madras High Court has upheld a Motor Accident Claims Tribunal award of ₹2.92 crore to the family of an ISRO scientist who died after his motorcycle collided with a parked TATA Ace vehicle on Chennai's Outer Ring Road. Rejecting the insurer's plea that the deceased was partly responsible for the accident, the court held that the dangerous parking of the goods vehicle was the sole cause of the fatal crash.
Background of the Case
The case arose from an accident on December 31, 2019, when R.S. Pugazhenthi, a scientist at the Vikram Sarabhai Space Centre, was riding his motorcycle on the Minjur–Vandalur Outer Ring Road. His motorcycle struck the rear of a TATA Ace vehicle that had been parked on the left side of the road near the entry to an elevated stretch without adequate warning. He suffered fatal injuries at the scene.
His wife, minor son and mother approached the Motor Accident Claims Tribunal, Thiruvallur, seeking compensation. The Tribunal found the driver of the TATA Ace negligent and awarded compensation of ₹2,92,69,944 with interest. Tata AIG General Insurance challenged that finding before the High Court.
Court's Observations
A Division Bench comprising Justice C.V. Karthikeyan and Justice K. Rajasekar examined the evidence of the eyewitness, the driver of the parked vehicle, the FIR, photographs and the Motor Vehicle Inspection Report.
The court noted that the TATA Ace had been parked on the lane generally used by two-wheelers at the entry to an elevated section of the Outer Ring Road, where visibility was limited because of the slope.
The bench observed,
""The parking of TATA Ace vehicle was the root cause for the accident."" 
It further held that although the deceased may have been travelling at a high speed, that alone could not amount to negligence because the Outer Ring Road was specifically designed for fast-moving traffic.
Rejecting the insurer's argument of contributory negligence, the court said,
""Fixing up of contributory negligence on the deceased would not be proper,"" adding that the vehicle had been parked at a crucial point on the road, triggering the collision.
The judges also took note of the police investigation, which resulted in a charge sheet against the driver of the parked vehicle, observing that there was no material to rebut those proceedings.
Decision
Finding no error in the Tribunal's conclusion on negligence, the High Court confirmed that the accident occurred solely because of the negligent parking of the TATA Ace vehicle. Since the insurer had not challenged the quantum of compensation, the court also upheld the compensation awarded by the Tribunal.
Accordingly, the Civil Miscellaneous Appeal filed by Tata AIG General Insurance Company Ltd. was dismissed, and the Tribunal's award remained unchanged.
Case Details
Case Title: Tata AIG General Insurance Co. Ltd. v. P. Ammu & Others
Case Number: CMA No. 1163 of 2024
Judge: Justice C.V. Karthikeyan and Justice K. Rajasekar
Decision Date: 03 June 2026","2987","CBMi5gFBVV95cUxNWFF1ODYyeHFwQmgxUDZrR2JnM1ZLMHAyamlJUkZXNmJab244Y2hOV21BTmxJX2pCR0pJVU9aU000OWFYaFJsb3g5X1hmc0pJeWN0WjNULTN5QTZDNk4zOG5aSEhJT0tqUGFBMG5XWkZxbWU5SV8ySXRSMjl5RzlmQzh0M3NTVnk0d2xidmR4MEpwMFZXcEVHNW9vOXZubHlrSU1JSmRLaEktMFpyNU5Da0l5NFllRURnSFNCdFRMbXFRcVlQSmRmd3JCbGRzamNnVFlXUFNLR2E2dVgwV3lYd0Via2FDUQ","",,"2026-06-30T07:00:00+00:00","""road accident"" Chennai","true","2026-09-24T17:31:47.999412+00:00","google-news","courtbook.in","Court Book","Parked Vehicle Caused Fatal Outer Ring Road Accident: Madras High Court Upholds ₹2.92 Crore Compensation, Court Book","Parked Vehicle Caused Fatal Outer Ring Road Accident: Madras High Court Upholds ₹2.92 Crore Compensation, - Court Book","https://courtbook.in/posts/parking-a-broken-vehicle-on-fast-moving-ring-road-was-root-cause-of-crash-rules-madras-high-court-tata-aigs-appeal-dismissed"
,"https://dtnext.in/entertainment/cinema/herd-of-cows-crossing-highway-led-to-car-crash-that-killed-rb-choudary-in-rajasthan",,"CHENNAI: Veteran film producer RB Choudary (72), the man behind the Super Good Films banner, tragically lost his life in a road accident on Tuesday (May 5) in Rajasthan's Jodhpur, sending shockwaves across the Tamil, Telugu and Malayalam film industries.
How did the car accident involving RB Choudary occur?
According to media reports, Choudary had travelled to Leelamba village in Pali district under Jodhpur division to attend a family wedding. While returning later that afternoon, he was in a car with his nephew, and driver, Gautam. Around 3 pm, as the vehicle was moving along a national highway near Joontha in the Beawar region, a sudden obstacle changed everything.
A herd of cows unexpectedly entered the road, forcing the driver to react instantly. In an attempt to avoid hitting the animals, he swerved sharply, but lost control of the vehicle. The car veered off course and crashed into a roadside barrier.
Impact of the crash
The collision caused severe damage to the front portion of RB Choudary's car. The producer sustained critical injuries and died on the spot. His nephew and the driver were seriously injured and rushed to a hospital in Jodhpur for treatment.
Local police arrived soon after, secured the scene and sent the body for post-mortem examination.
His mortal remains were later brought to Chennai, where funeral rites are expected to take place tonight.
The tragic incident has left the film fraternity in shock. Choudary’s sons, actors Jiiva and Jithan Ramesh, along with their family, have been receiving condolences from across film industries, as many mourn the sudden loss of a prominent figure in South Indian cinema.
Who was producer RB Chaudary?
RB Chaudary's banner, Super Good Films, has been producing several award-winning films since 1988. Some of them include Nattamai (1994), Suryavamsam (1997), Thullatha Manamum Thullum (1999), Aanandham (2001), and Keerthi Chakra (2006). His work has earned him seven Tamil Nadu State Film Awards.
His first Tamil production was Pudhu Vasantham (1990), while his 98th and last production was the Fahadh Faasil and Vadivelu starrer Maareesan (2025). The banner's 99th film is the upcoming Magudam, which is actor Vishal's first directorial venture.
RB Chaudary is survived by sons Jiiva, Jithan Ramesh, Suresh and wife Mahjabeen. Jiiva and Jithan Ramesh are established actors in the Tamil film industry.","2387","CBMixAFBVV95cUxPamFpeUI3ZEdzSnM3MnhXazVlTGUzMFpod1hCazlnRjJNbGMydUQzT2RqZmp4NFF2ck9vS3EwTkdwTzNnUUgzT1hRTG9ScUlvTzFGcXB3a1NhNHA1bWJianRCcDctbGMtUThTYjZWZk4zeG9HMTM4XzJ4dlRWTi1qME16Zk14VmVLeE5semhkMXFxVS1nTTZPbG9JNjduNERCdHdDLUp0Q1c3XzJjZkgyNUVsZE90QkxSdFhaOUNHODlGZnJr0gHSAUFVX3lxTFBLU2tRMmVocTNmYTQ2aldNR2VXR19FRU45czZWT1p1Vm50THJvWnBIN3ZVZzdfamNvUGZxOFh4cHZEVWtFY21xWTVWMTk2N0dfOW9lTDEzS3YzSmdKSWJJa2s1TjB0Zm8tOVlZMkcxTGN1RkFiVlY2cnRmZFVLbG01Rl9XVXphOGNMUC10bGxsaG1ISzBsLVF1a2x3NE9JRWlJejVMenJlOHJrWDRaTHBoX2FXTVhoTUM0SU1wc2J1WHc2SjVsb1pKQkstci1VTkgwZw","",,"2026-05-06T07:00:00+00:00","""road accident"" Chennai","true","2026-09-24T17:31:47.999556+00:00","google-news","dtnext.in","DT Next","Herd of cows crossing highway led to car crash that killed RB Choudary in Rajasthan DT Next","Herd of cows crossing highway led to car crash that killed RB Choudary in Rajasthan - DT Next","https://www.dtnext.in/entertainment/cinema/herd-of-cows-crossing-highway-led-to-car-crash-that-killed-rb-choudary-in-rajasthan"
,"https://thehindu.com/news/cities/chennai/mother-daughter-killed-in-accident-near-perumbakkam/article70725369.ece",,"A 35-year-old woman and her 13-year-old daughter were killed in a hit-and-run near Perumbakkam on Tuesday (March 10, 2026).
The Tambaram police said that when Lavanya was taking her daughter Iniya to her school in Medavakkam on a two-wheeler, the vehicle hit a speed breaker on Nookampalayam Main Road. Both of them fell in the impact and were run over by a truck that came from behind. They were killed on the spot. The truck driver abandoned the vehicle and fled the spot.
Published - March 10, 2026 02:55 pm IST","514","CBMitwFBVV95cUxONDJ1SkRfeWY0dTBiMkxHRVJzRHFoVkJPdy1CSFhCSGltOU5MU19BTklSckhTbWxXVTRxRFdzM0pzN1JKZ2cyQVNOQmt2aGx2XzFnUGpsbGZYdVlEU2RfRjZyRVFFUVhNTHhIMHNaZ042QVhXRDRmNmJGWVlGcUpXdlpwUEJMTmtyT0MyZDNxRUsyUVVnbGNSU1k0UHJTSm1JY1NuRXRjcnpFMG1QZXVQYjhMalZVVG_SAb4BQVVfeXFMTkRkNTZtMVdyVzZQMVpkUThhdUlLX0hXWU92ZVFuVDV6SUdsWDQybmF1OHZsRVQxR3ZKbWV5MDd1UjdHUlp5OGtZeDRCQS1WMEFyb0ZVRHdhMzlhdVc1VGtyV2JDS2Zfbk1SclJDNXh5MlFNWGpsSDRUcVZieE12dm54ZGFPRzFrMi1BSXI1bWE1TnpvV2xXTTFTRkpQNUMzNWgzdF8ybHhIbVpVMjhfOURUa1dUbWpNMzRZbWxiQQ","",,"2026-03-10T07:00:00+00:00","""road accident"" Chennai","true","2026-09-24T17:31:47.999816+00:00","google-news","thehindu.com","The Hindu","Tamil Nadu: Mother, daughter killed in accident near Chennai's Perumbakkam The Hindu","Tamil Nadu: Mother, daughter killed in accident near Chennai's Perumbakkam - The Hindu","https://www.thehindu.com/news/cities/chennai/mother-daughter-killed-in-accident-near-perumbakkam/article70725369.ece"
,"https://thehindu.com/news/cities/chennai/road-accident-fatalities-in-chennai-drop-by-over-10-in-2025-gctp/article70429718.ece",,"The Greater Chennai City Traffic Police (GCTP) has said that fatalities due to road accidents declined by over 10% in 2025 compared to 2024, as of December 23.
While 534 fatalities were recorded up to December 15 last year, the number reduced to 479 during the corresponding period in 2025. In addition, grievous hurt cases saw a substantial 64% drop, falling from 2,093 cases last year to 721 this year.
Road accidents rise
However, the total number of road accidents increased to 3,981 this year from 3,753 last year, marking a rise of 6.07%. Police officials said efforts are under way to bring accident numbers down and maintain them at the previous year’s level.
Greater Chennai City Police Commissioner A. Arun said fatalities had been reduced by over 10% compared to last year, and grievous hurt cases had dropped significantly. He added that the GCTP would continue its efforts to reduce accidents and ensure road safety as a top priority.
According to statistics provided by the GCTP, during the corresponding period last year up to December 22, 2024, 3,753 accidents were recorded, resulting in 534 fatalities. Grievous injury cases stood at 2,140, simple injury cases at 941, and 138 accidents were reported with no injuries.
As of December 22, this year, a total of 3,981 accidents were reported, resulting in 479 fatalities. Of these, 754 cases involved grievous injuries, 2,630 involved simple injuries, and 118 were reported as no-injury accidents, where vehicles were damaged but occupants were unharmed.
This year, most motor accidents occurred during peak hours between 9 a.m. and 12 noon, with 711 incidents reported during this period. This was followed by 615 accidents between 3 p.m. and 6 p.m., and 602 accidents between 6 p.m. and 9 p.m.
Fewer accidents on weekends
Accidents were comparatively fewer on Saturdays and Sundays than on weekdays, owing to strict enforcement measures. Statistics show 588 accidents on Saturdays and 578 on Sundays.
Two-wheeler accidents accounted for a major share of road mishaps, with 1,573 such accidents reported and 2,076 persons either injured or killed. In addition, 878 cars, 378 autos, 176 buses, 280 lorries, and 275 vans were involved in road accidents.
Additional Commissioner of Police (Traffic) G. Karthikeyan said the GCTP has undertaken various steps and remedial measures to reduce road accidents and enhance road safety across the city through increased enforcement, patrolling, and awareness activities. He added that the GCTP creates impactful awareness among road users by urging the public to maintain road discipline, follow safety guidelines, use protective gear, and educate themselves on road safety.
In coordination with experts, the GCTP has facilitated several training programmes for police personnel on technological approaches to accident reduction, along with workshops and safety education programmes for schoolchildren, bus drivers, and delivery agents. In addition to awareness campaigns, the GCTP has strengthened its enforcement strategy by booking more cases for over speeding, drunken driving, and riding without helmets through manual checks and technological initiatives such as ANPR cameras, 2D speed radar systems, and vehicle interceptor systems across Chennai city.
Joint Commissioner of Police (South) P. Vijayakumar said, “We are constantly monitoring accidents through our real-time monitoring system. If the accident rate rises in any particular area, the concerned officer will be asked to explain the cause or any lacunae in enforcement. We are analysing whether accidents are due to human error or infrastructure issues. Furthermore, the GCTP is continuously taking steps to improve road conditions, signage, and lighting at identified hotspots and accident-prone zones. These collective efforts have led to a significant reduction in road accident fatalities compared to last year in Chennai city.”
Published - December 24, 2025 05:54 pm IST","3949","CBMiyAFBVV95cUxQb2J6QnBJNEpjOVBpOUdzQmpuUUE1c1c1VDdGdFJTajVpSWdoekNhRzNwek9ldExiVWZWT1ppUmp2SnhkR2pMSjVUNkRwaHR0RDVNWGF5RGg1LXlvcUc2Z2F3YVRGS0hodWRiMUdwVlNMdTFJc285UUlpblFyMmlmdXNIWmxsRDd6STZwSHBTSE5md01hdXJ5bkZIMXA4dEFDU0lxQmFlSXpmT2dLekdFaHE0ZkZ6bzFIZlE4QlhOaG03UFZmWGpTONIBzwFBVV95cUxQem84VFpyckxiZWxJYnJIOUpIMkN6d0dCaS1hYVktTnFpb3JiclhQOVhKM0pzNlkxT2o5NTRnYjg0UHNLNkJ4TjhvV1NqZ3J6cnZTLXpxa0hRLWwzczBFOUE5YkhZUVNwRXBrZzVEYmZPMjF2c0NLVWpXMDVNa2lpazZLVXVxYVlTd0l0UURaZXlyVWF3MkltUE1KVXdvQklCaEtuajRzS1YzRUZZTnR0Tzh6V0xqaDJTeWVpLWhtNXV4Q2R4M004aGNKOTFiT3c","",,"2025-12-24T08:00:00+00:00","""road accident"" Chennai","true","2026-09-24T17:31:47.999883+00:00","google-news","thehindu.com","The Hindu","Road accident fatalities in Chennai drop by over 10% in 2025: GCTP The Hindu","Road accident fatalities in Chennai drop by over 10% in 2025: GCTP - The Hindu","https://www.thehindu.com/news/cities/chennai/road-accident-fatalities-in-chennai-drop-by-over-10-in-2025-gctp/article70429718.ece"
,"https://thehindu.com/news/national/tamil-nadu/two-persons-killed-in-road-accident-near-ambur-on-chennai-bengaluru-highway/article70349537.ece",,"Two persons were killed after the car they were travelling in hit a parked goods-laden lorry at Vinnamangalam village near Ambur town in Tirupattur on Chennai - Bengaluru Highway (NH 48).
Police said the deceased were identified as A. Divyaman (50), a software engineer from Coimbatore, and his mother in-law Rosli (72). Initial inquiry revealed that Divyaman and his wife Lovely decided to admit his mother in-law at a private hospital in Vellore for treatment as she was not doing well in recent days.
Police said that along with his mother in-law, Divyaman and his wife were on their way to Vellore in their car when Lovely, who was driving the vehicle, reportedly lost control of the vehicle and hit a parked lorry on the stretch.
The IT professional and his mother in-law died on the spot while Lovely was unhurt. Immediately, passersby and other motorists rescued her. Based on the alert, Ambur Taluk police rushed to the spot. Bodies were sent to Government Medical College Hospital in Vellore. A case was registered. A probe is under way.
Published - December 02, 2025 11:52 pm IST","1089","CBMi3gFBVV95cUxNSG1BU2xZbS04XzRraTFuY1ZEd3BUZnFGbTMtZGFGLW1xcW1iMUVLdUQ0blQtSGF0aUpCUTB6emZSQ0VtYUVqUHZkdWRpWW5RZEFyWDhGaG9td2ZGT2NGR2Y3Y19pQWJJcjBWaFZkMjNlb1F3VWVkUFVpV1JsWkVaRUpYUmlOS2ZrNC1JZ1pkUUs2NWlVRms4Vnpld044ajlnOUt3eWE3d3VrcmU2TE93c1k1WVdxd0w1bjNnWjVfMXhPRzYyNlIzN080T09pVExTUW5JaDN1OHp0ZTFzWHfSAeQBQVVfeXFMUExoSWIwak1vbU5QODZ6aV9Fd09FdmZFRTNuQWR2bGt0Tk41SzdpemR2S083Y2FrVktuT1NLdFJlb0YwMWZwODV6SFB0UDdiS0xhbktRdEQyOGVYcU1IV2NyZDJaM2ZDLVlBZ29nYmFJT1JtNTVjY3lsTm9iczFQZ19WazlvOGNSN2d6NnFYcVR5UDR5WXF5ZXVQNkpVaEpBSVREcnZBOE1iU0ZNcHFfZzNxUVZ0dUlWVmNJZ3NrM2FubXBFazh6QnJkeGxnbGFkVWpNbE1QbUhDWDlLS2VLZUl4ejFz","",,"2025-12-02T08:00:00+00:00","""road accident"" Chennai","true","2026-09-24T17:31:47.999954+00:00","google-news","thehindu.com","The Hindu","Two persons killed in road accident near Ambur on Chennai - Bengaluru Highway The Hindu","Two persons killed in road accident near Ambur on Chennai - Bengaluru Highway - The Hindu","https://www.thehindu.com/news/national/tamil-nadu/two-persons-killed-in-road-accident-near-ambur-on-chennai-bengaluru-highway/article70349537.ece"
,"https://thehindu.com/news/national/tamil-nadu/two-youths-killed-in-road-accident-on-chennai-bengaluru-highway/article70338790.ece",,"Two youngsters were killed in a road accident after a car hit the two-wheeler in which they were travelling at Minnur village near Ambur town in Tirupattur on Chennai-Bengaluru Highway (NH-48) on Saturday.
The deceased were identified as residents of Minnur village S. Sanjay, 19, and R. Gunal, 20. Initial inquiry revealed that along with their friend M. Bharat, 18, a local, the trio were riding a two-wheeler on the stretch when a car hit the two-wheeler. The two-wheeler rider, Gunal, was trying to cross the accident prone stretch when the incident occurred around 3 p.m.
In the impact, two youths were killed on the spot while Bharat was badly injured. Other motorists and passersby rescued the injured person immediately and admitted them at Government Taluk Hospital in Ambur town. They also alerted Ambur Taluk police, who inspected the spot.
The occupants in the car, which had a Karnataka registration number plate, fled the spot. Special teams have been formed to nab the the car driver. A case was registered and a probe is under way.
Published - November 30, 2025 05:00 am IST","1090","CBMizgFBVV95cUxOMVdQX0Fsa1UybTVCaEtMWTBtZ0NSRGtMQW5fR19JTmllZDdhYjRwNjhydldoYUtDbUJFVk1vb2lsM0hFZG8zbmNNLThfaFdYLWp0VVAzQmhKbzBLT3VZMFgtMjQtdVdXYmFzNUYzWE03R1pPTGM4bmlaV3ZESjZwN3BCRmlMV3VGeTNjQml1bmg1OV9renNGcTIzdGFxV0JYUF90YVFFMVFCb2gwT3gwbDFMX0pGc3hOanJhWXhkMjJRbEZtTnJubjJNR2RKZ9IB1AFBVV95cUxPN3hCUjNDM3YxTXZlNFNmMThGRzVrdV9IUkNsdUZHZy0zekVYamhSSXBuUGhiVXQ1YTV3REoxRzZyQWlxenZmWVhYODBySWJzOTkzdGxsZC10Uzk1YXEzaHllNEdwTGxGS2VoMXgxTUlvcnQ0SW1BWWkyRm5NZzFrLUM3Q1RYQ0FSS3g3emtDZkx5UmgtLXFOWEI2OW5ZdU9IYUJrcHRUMl9LV3d6MGNjckV1TGkwZnNEWGY2VllsMk1rNnBheDlxRFFqQzExX01WbGkweg","",,"2025-11-30T08:00:00+00:00","""road accident"" Chennai","true","2026-09-24T17:31:48.000016+00:00","google-news","thehindu.com","The Hindu","Two youths killed in road accident on Chennai-Bengaluru Highway The Hindu","Two youths killed in road accident on Chennai-Bengaluru Highway - The Hindu","https://www.thehindu.com/news/national/tamil-nadu/two-youths-killed-in-road-accident-on-chennai-bengaluru-highway/article70338790.ece"
,"https://english.ratopati.com/story/61628/tamil-producer-rb-choudhary-and-malayalam-actor-nair-die-in-car-accident",,"Tamil Star Jiiva's Father R.B. Choudary Dies in Car Accident; Malayalam Actor Santhosh K. Nair Also Loses Life
Chennai. South Indian film industry's renowned producer and Tamil star Jiiva's father R.B. Choudary has died in a car accident near Udaipur. His death in the road accident on Tuesday has cast a pall of grief over the film industry.
Tragically, on the same day, Malayalam actor Santhosh K. Nair also lost his life in another separate car accident. The entire film industry is in deep shock having lost two influential personalities from the film sector in two different road accidents on the same day.
Producer Choudary had been producing films under the 'Super Good Films' banner since 1988. The first Tamil film produced by him was 'Pudhu Vasantham', which marked the debut of director Vikraman. This film also won the Tamil Nadu State Film Awards.
He also helped K.S. Ravikumar establish himself by investing in his first film 'Puriyada Puthir'. In his professional journey, he brought many memorable films to the audience such as Cheran Pandian, Oor Mariyadhai, Gokulam, Nattamai, Sundara Purushan, Mr. Romeo, Suryavamsam, Anandam, Kirtichakra, Jilla, Godfather, and the recently released 'Marison'.
Further details about the condition of the other individuals involved in the accident and the injuries they sustained have not yet been released. Choudary's final rites are said to be performed soon in Chennai. He is survived by his wife Mahajabeen and sons Jiiva, Ramesh, and Ashok.
Expressing sorrow over Choudary's untimely demise, Archana Kalpathi of AGS Entertainment wrote on social media X, 'Shocked to hear that RB Sir is no longer among us. The film industry has lost a veteran producer who gave many blockbuster films. He was a very good person. May God give his family the strength to bear this pain.'
Similarly, the team of film producer B.A. Raju also expressed grief, stating that Indian cinema has suffered a loss that can never be compensated. They wrote, 'Deeply saddened to hear the news of film producer RB Choudary sir's death in a car accident in Udaipur. His immense contribution to Indian cinema, especially in creating memorable films for decades, will always be remembered. We extend our heartfelt condolences to his family and loved ones during this tragic time.'
This specific news has been automatically translated by AI. As a result, there may be some inaccuracies or language errors.","2427","CBMiswFBVV95cUxNQjliRVNDSmN5QmVxZko5YWdKcmhScGNSN3FYMEI2SkJJemlLWkhvdlprbWttS1BaSE02elFybkVIQXM1cXM3d2l5d2ZhT3BXd0ZDN2tuZzd1ejBZQlM3RE8xT09BYnNSVXhBNXd6SDExMTFCQk9MdndxRFV6WVp4U1JwZjZTRjlhT1RnTzMyekJEdjExRTNrZmpvQ2p2Rm9UdHA4Q2JMck9CczFRZkhxQjJBdw","",,"2026-05-06T03:45:37+00:00","""road accident"" Chennai","true","2026-09-24T17:31:48.000083+00:00","google-news","english.ratopati.com","Ratopati","Tamil Star Jiiva's Father R.B. Choudary Dies in Car Accident; Malayalam Actor Santhosh K. Nair Also Loses Life Ratopati","Tamil Star Jiiva's Father R.B. Choudary Dies in Car Accident; Malayalam Actor Santhosh K. Nair Also Loses Life - Ratopati","https://english.ratopati.com/story/61628/tamil-producer-rb-choudhary-and-malayalam-actor-nair-die-in-car-accident"
,"https://timesofindia.indiatimes.com/city/chennai/two-chennai-students-killedin-road-accident/articleshow/128923722.cms",,"Chennai: Two final-year college students died in a road accident near Thirukazhukundram on East Coast Road (ECR) on Sunday morning. The deceased were identified as Balaji, 23, a resident of Perungudi and his friend, Karthik, 23, of Royapettah. Both were final-year BBA students at a private college in Thoraipakkam. 
According to police sources, the duo had set out on a motorcycle to visit a temple at Mugaiyur near Kalpakkam. When they were near Koovathur, a stray dog ran across the road, causing them to lose balance and fall onto the road. At that moment, a speeding car ran over the students, killing them on the spot. Koovathur police rushed to the spot, recovered the bodies and sent it for postmortem. TNN
Chennai: West Asia Flight Cancellations, Tribal Land Verdict, Metro Commute Challenges and More","810","CBMiugFBVV95cUxNY1Z0NnFYNS1YU2pLTTJKLW0tWDM1RDNzLU9reE1VWFFkUkV0SzYyUWZ1cU5ZUm13dEgyNFJJRlFZZG5CMFNjLTByQ2E5Vm1NS2x0a0RCRGY5cGJ2aS0xUVY0QTI4OVhLR19DamFXeWVZb0dQZEFZZndNN00xTi1WY3ZjS2JNMmdyT3d4MEgwbXhPQTM5R0FuUFB5RW1udkRpZEx0NHdKUkc1b0VMbUF0UmZJdlZ1WmNpQ2fSAb8BQVVfeXFMTV85bDJadHpudzRNaUhyNTNxb2RsaEItelNGQ3RJY0hfNUgxZnVubWdJWFZySEpES01uelAtZkd6QWJrNGlBVDdfWVpnVjh2VGVBakRQUEw3ZDdhZjhoNTZlUW1fMWU2QkQ2NS0ydDJIUnVrbncxcHJRUnNFT2RhUDFLTGdRS0lKN1hfeDRFalkwdkQ1WXBvZ09Cd21qbW1tVFRtMUVXUWtUYlpLcG1OdkVoZG9pTHpIOElHN2tKVUU","",,"2026-03-02T08:00:00+00:00","""road accident"" Chennai","true","2026-09-24T17:31:48.000217+00:00","google-news","timesofindia.indiatimes.com","The Times of India","Two Chennai students killedin road accident The Times of India","Two Chennai students killedin road accident - The Times of India","https://timesofindia.indiatimes.com/city/chennai/two-chennai-students-killedin-road-accident/articleshow/128923722.cms"
,"https://thehindu.com/news/cities/Madurai/three-killed-in-road-accident-near-mandapam/article70664229.ece",,"In a tragic incident, three persons, including two women, died in a road accident near Mandapam in Ramanathapuram district on Sunday.
Police said that Tamilmani (34) of Tirupur and Felicia (30) of Sattur were married and lived in Chennai. They have two children. It is said that Tamilmani had planned to visit Rameswaram with his relatives. They all had reached the temple on Saturday.
On Sunday, when they left Rameswaram for Sattur in a car and a van, a two-wheeler in which three people were riding, collided head on with the car. In the impact, the car, which was driven by Tamilmani, hit another van coming on the opposite direction at Kunjar Valasai near Mandapam.
While Tamilmani’s wife Felicia and his mother Sumathi died on the spot, an unidentified man on the two-wheeler also died. Tamilmani and his two children suffered injuries. The Mandapam police have registered a case.
The car, two-wheeler and the van suffered extensive damage. Further investigation is on.
Published - February 22, 2026 09:26 pm IST","1018","CBMirAFBVV95cUxQaWRrODRSZGM5LUtyUUxSNlJSSGVRSm1wUVgyMmRlN2l4SnktRXd3N0d3S2UwY1dMa2R0bHh5NXg0VW9IZjM4YUJZQmtqNXlWbWlDeGNyMVFyeGFLcVplYnM0Ni1wS3hCUmJ2X3VwcUg1aENMM2poRXJZYXRLX01ycjhmZC10eVNPVXB3QTFnYnk1akhLUFROdTlHSEZISnRGREJhQ1FKS2pXNDJO0gGzAUFVX3lxTE55LVJ3T0tHdTVjRHhfT3kwanVZLTg3OXpXSUVJamtDMzFZS0VCSkhlN0JWLWRxdjNhNEZxZk5hWExwUVNuTGlTc3V6c2poN2Z0RW93Mkk4UEpvUWdYMzBkOWNyV1NqaWlsUnlDaWl0NjB3ZV9tenNOcDZNU1FEUXplWFFUeVo1M0R6Zjl0WXA0aU8tc3d3VXdjTGdQQk0xWkRKbHh6d2drdmdzZy1fZFRPNTZv","",,"2026-02-22T08:00:00+00:00","""road accident"" Chennai","true","2026-09-24T17:31:48.000279+00:00","google-news","thehindu.com","The Hindu","Three killed in road accident near Mandapam The Hindu","Three killed in road accident near Mandapam - The Hindu","https://www.thehindu.com/news/cities/Madurai/three-killed-in-road-accident-near-mandapam/article70664229.ece"
,"https://newindianexpress.com/cities/chennai/2026/Mar/26/two-run-over-by-lorry-in-chengalpattu-boy-riding-bike-killed-in-road-crash",,"CHENNAI: Three people died and two were injured in two separate road accidents in and around Chennai. In the first incident, two people were killed on the spot after a speeding lorry rammed into their two-wheeler on the Mamandur Palar bridge in Chengalpattu district on Wednesday.
According to the Padalam police, the deceased were identified as John Charles Kennedy (63) and Abhishek Priyan (30), both natives of Chennai. They were travelling on the Chennai-Tiruchy National Highway towards Puducherry, when the lorry, coming from behind at high speed, hit the vehicle and threw them off. Both sustained severe injuries and died on the spot. Both of them were wearing helmets at the time.
The bodies were sent to the Chengalpattu Government Hospital for postmortem. Police have launched a search for the lorry driver.
In another incident on Monday night, a 15-year-old school student who was riding a bike without a license, was killed in a head-on collision near Tambaram.
Kaushik, a Class 10 student from Agaramthen Kaspapuram, was riding the bike along with his friend Sandeep (15) riding pillion on Mappedu-Camp Road.
Police said the accident occurred at the Indira Nagar junction in Selaiyur when another two-wheeler, ridden by Satishkumar (23), a food delivery executive, approached from the opposite direction and collided head-on with the vehicle. All three were thrown off their bikes in the impact. Kaushik sustained severe head injuries and was rushed to a nearby private hospital by local residents but succumbed to injuries early Tuesday. The other two injured are undergoing treatment.
Police have registered a case and are conducting further inquiries. No arrests have been made so far, and police sources said they will register a case against whoever gave the bike to the boy.","1794","CBMizwFBVV95cUxQQlVUTlBqTnlPOFN6Qkp1RFpVSHltQ2Z1WE4zd2tra042aGRGSW9aVmJpc0xmamlwbHdpY002MHFXU3J6cTdwS1RrbV9qd3ZCdy12S3pqUEJTVGpTRnh4M0tLUzUyVmNVZml6YzVyMVhDZG9DZ01NUGI3aWV2S09NVkVzME9UTVY3SzhXM01WQ2Exc0VyLVZWZGNfdXdCZ3VJOWptMndxMWhmY19DcmFBeXJtMW0tb29WVm96dGd6cGNFUGRKMGlmUGNkQW9DTzDSAdwBQVVfeXFMTkRMcE1wMW5RUDZEQ2ZULUtHTmlRYUZjejhfWHNqTS1zOEYtUjFpaFdJaTRPVktGeEFzOFoxeGtVUVRnaUFxMWZEaHVQOWtPSmRKdk52T3BIU0tJUGFJaVRnNVhIMVl2cjJRREFSdzAtVTJjM0ZFLTc5VXppZFZJSHduc0trTzFpMUJnUVhuZEVXcmNQSXdvRzhwT2YwNldTUWlwTFdGMUpEZmtJV1RNNVc3cFgyVlpYQzdlZ0FXbUhMWDlFRENQX3RSeU9HM2FrSVNVZXJJR2cyb2NYSg","",,"2026-03-26T07:00:00+00:00","""road accident"" Chennai","true","2026-09-24T17:31:48.000352+00:00","google-news","newindianexpress.com","The New Indian Express","Two run over by lorry in Chengalpattu; boy riding bike killed in road crash The New Indian Express","Two run over by lorry in Chengalpattu; boy riding bike killed in road crash - The New Indian Express","https://www.newindianexpress.com/cities/chennai/2026/Mar/26/two-run-over-by-lorry-in-chengalpattu-boy-riding-bike-killed-in-road-crash"
,"https://thenewsminute.com/tamil-nadu/tn-nine-killed-in-cuddalore-road-accident",,"At least nine people were killed and several others sustained injuries after a State Express Transport Corporation (SETC) bus travelling from Tiruchy to Chennai met with a major accident near Ezhuthur in Cuddalore district on Wednesday night.
The accident occurred on the busy Chennai-Tiruchy National Highway and led to severe traffic disruption for several hours.
According to police, the front tyre of the SETC bus burst while it was passing through the Ezhuthur area, causing the driver to lose control of the vehicle.
The bus first rammed into the central median, breaking through the barrier, and then crossed over into the opposite carriageway, where it collided head-on with two cars coming from the other direction.
The impact of the crash was devastating. Seven of the nine victims were travelling in the two cars, both of which were completely mangled beyond recognition.
Several others sustained serious injuries and were immediately rushed to nearby government and private hospitals. Two of the injured later succumbed to their injuries, taking the death toll to nine. Police said the deceased included four men, four women, and one child. Four other persons remain in critical condition and are undergoing intensive treatment.
Due to the severity of the impact, identification of some of the victims was initially delayed.
Further details revealed that one of the cars was occupied by Rajarathinam (69), a jewellery businessman from Karur, his wife Rajeswari (57), and their driver Jayakumar (45), all of whom died in the accident.
The second car was carrying Mubarack and Taj Birka, residents of the Pillai Thanneer Pandhal area in Pudukkottai district.
Another victim, Sirajuddin, was reportedly returning after seeing off a relative at Chennai airport, who was travelling to Canada, when the accident occurred.
On receiving information, police rushed to the spot, carried out rescue operations, and recovered the bodies from the wreckage. The injured were shifted to nearby hospitals for treatment.
The accident caused extensive damage to the median and vehicles, resulting in heavy traffic congestion on the Chennai-Tiruchy National Highway, with vehicular movement disrupted for several hours before normal traffic was restored.
The incident comes amid a spate of recent fatal road accidents across Tamil Nadu, particularly on national highways.
Police have registered a case and launched an investigation to determine the exact cause of the accident, while authorities have once again stressed the importance of regular vehicle maintenance and strict adherence to road safety norms.","2602","CBMiigFBVV95cUxNeENxZE9LUExrMzRBdGhGQXVGOERudGM2VHhoZlJaZF9nSTV0MFotUlIyVk50djNVSXlSU24tNl9BeXR1NVNvcDdzT0pkVFJLX0hJUnA3RkZYUTRxMzl0M1FJNUY0enlrc1ZJVGo4UEJEX3ltT3ZkbU5Fbi02OTZpM29oOGNQdGhDWmfSAZcBQVVfeXFMUDRDRS1wc053NGV3TDlPY1hRMC1YRm0zRVVPTTdqMTREakJjN0Q1UnM2ZERJcHVETXVJWWpGTGFLRU5TNzZaMG9wWDFmOEc1eHNWREZ3TG51SU45Vmt0amR1VXYzQi14Wm83aUFLNklmUFZ2c2xfeXczUkN0WFFLbU16WDZCZnFRSHgyeWhXZ0RZWkRnQTVmRQ","",,"2025-12-25T08:00:00+00:00","""road accident"" Chennai","true","2026-09-24T17:31:48.000415+00:00","google-news","thenewsminute.com","The News Minute","TN: Nine killed in Cuddalore road accident The News Minute","TN: Nine killed in Cuddalore road accident - The News Minute","https://www.thenewsminute.com/tamil-nadu/tn-nine-killed-in-cuddalore-road-accident"
,"https://thehindu.com/news/national/tamil-nadu/two-persons-killed-in-road-accident-near-ambur/article70298710.ece",,"Two Ayyappa devotees from Tiruttani were killed in a road accident at Chengilikuppam village near Ambur town in Tirupattur on Chennai-Bengaluru Highway (NH-48) in the early hours of Wednesday.
Police said the deceased were identified as P. Gangadaran, 38, and M. Suriya, 22. An initial inquiry revealed that a group of 36 Ayyappa devotees, including ten boys near Tiruttani town in Tiruvallur district, were returning home in an omni-bus after completing their Sabarimala pilgrimage.
Police said the bus halted on the stretch for a tea break. Along with two other devotees E. Narasimhan, 39, and S. Hari, 19, the duo was walking on the stretch to have tea when the driver of a mini-truck, S. Gowrisan, 35, a native of Natrampalli town in Tirupattur district, lost control of the vehicle and hit them. The mini truck was coming from Coimbatore to Chennai when the incident happened around 5.30 a.m.
In the impact, all four devotees were badly injured. Immediately, other devotees and passersby alerted Ambur Taluk police, who shifted injured persons to Government Taluk Hospital in Ambur. Doctors declared that Gangadaran and Suriya were brought dead. Police arrested Gowrisan, and the other two devotees were referred to Government Medical College Hospital in Vellore for advanced treatment. A case was registered and further probe is under way.
Published - November 20, 2025 12:56 am IST","1388","CBMitwFBVV95cUxQMTdWM1RZTG43OHFkbG1FeVUyUFd6YTBxb1I2MVZyZ0g5cVBmS2V2eXZqUkxSZzJSZTEzQWMyWGxYVjNGM2xfZEI1M0lUY1l4X2RSVldLWTVVSndldFg4WVhBRWhCaGRySjVWTzNablBHcEwtNHJldmNVTXZlbGdfNENKY1VWeTJpWWg4dVFUeXBENFBNam1qdm42ZDU1azY2QlAtSUt5N0hmZTNjME9NVUZubnZiRVnSAb4BQVVfeXFMTmdmS1BMdjVhZ3hIZVdFYUZMWHNwQ1k5aVdqaVJtZlJoTGxOLXQyNHJPSkQ1bk56a2V0MFpXd016cEZYNzBEMHN4YmNVaDR0MW1mWWxjSXJ0aWZ1X2tmd0NlSmNvZm00ZHJfOGZIQVkzclBFaTZfUndXalFmSkdWOVladUZWNkVaR3hjT2IxbUtPYlc1QWYxc2p6Yk9MRTZ4RXpfeUZvOENJZEZxVTBURTNpV0dVV1drdkFoaWxNUQ","",,"2025-11-20T08:00:00+00:00","""road accident"" Chennai","true","2026-09-24T17:31:48.000578+00:00","google-news","thehindu.com","The Hindu","Two persons killed in road accident near Ambur The Hindu","Two persons killed in road accident near Ambur - The Hindu","https://www.thehindu.com/news/national/tamil-nadu/two-persons-killed-in-road-accident-near-ambur/article70298710.ece"
,"https://thehindu.com/news/cities/chennai/two-men-killed-as-illegal-bike-racing-leads-to-crash-on-barricaded-peters-road-flyover-in-chennai/article70247489.ece",,"Two people were killed and another was injured in a road accident at Royapettah in Chennai on Wednesday (November 5, 2025) night when their bikes collided during an illegal bike race on the barricaded Peters Road flyover.
The deceased were identified as Syed Sardar Basha (19), a private college student from Begum Sahib Street in Royapettah, and Kumaran (49), a resident of the same area who was on the road at the time of the accident.
According to the police, Syed and his friend Suhail, an employee at a mobile phone shop, were allegedly racing on their motorcycles on Peters Road flyover in Royapettah on Wednesday night.
The duo was reportedly speeding on high-end motorcycles from Royapettah towards Anna Salai when they suddenly lost control and collided with Kumaran’s bike, which was coming from the opposite direction. The impact threw both motorcycles several metres apart.
One of the racing bikes struck another motorcyclist travelling in the opposite direction, throwing him off his vehicle. He was wearing a helmet and reportedly escaped with minor injuries.
Syed and Kumaran died on the spot, while Suhail sustained serious injuries and was rushed to a hospital for treatment.
‘Illegal bike races frequent’
Traffic police have registered a case and launched an investigation. They are also probing how the young men managed to conduct the bike race on the flyover, which had been barricaded by the police the previous night. CCTV footage from the area is under examination.
Investigations revealed that Kumaran, one of the victims, owned a fancy store in T. Nagar and was returning home after work when the accident occurred. His relatives alleged that illegal bike races frequently take place in Royapettah and nearby areas and blamed the police for failing to monitor the situation.
Meanwhile, investigations into Suhail’s social media profiles revealed that he had been participating in bike races for some time. He had reportedly uploaded several reels of himself and friends racing on major roads across Chennai on various high-end motorcycles, the police said.
Published - November 06, 2025 04:07 pm IST","2125","CBMi9AFBVV95cUxQZWM3QjJ6MnNJQ0U0S3RSdmFkSVZTTjZTdWVZb3NPT29iX2RoRl9ZdEVjcnNqS0VDTVE2cU5vM1JUcHU0MklmOXdIdkNFTEdEbnFuSlNWeU0zVzFDN1JVSDlYRWtsU3VWNUw1THlwUkNfSk94VmJ3NnBJYUh5YkNmMnNlMGJqMzlLUWs2UU5Zd1c2dlpkUDE4aGpCNkFVbnhfY21uZlZmblAyaVZWWk5HNkpibUN0RGM4X05zbDhZSXBJdVh1WF84MVlmbzF1UDZaeVFEYndSdGpvb1V4bGJWYTlabWl3Ykp5TXZDbkRrT3FydE4z0gH7AUFVX3lxTE9wcnYyZkp2OEYzNVp1b3FWOTM2TGE2N1YzdUJwMnU0dVJOcllaQjJYNjAyQVdQSWdQVzZ3M2hZUkVRQk41VlZUZHJqYVhZellTS0RLVUktbFUwZzFIVWVXLTJqVmZOU1RZZWlnS2w4UGVfaTdOTk5LcXZYRmVIeFVldzV2aC1KaGtEN2JjQ2dURVlfcmVfY0xrVmIzSko2YTRXeDZpNlp1S0Z3YTYzZi1LNURSTVJXVzBBeHlPeHQzM3ZpdXV1VUJKY1libkFLLXRIUk15WTliWmZOSlhQZ2l1YkVYT2hxQnRfUjZuSVNNdGd6LWctRlNyRFRJ","",,"2025-11-06T08:00:00+00:00","""road accident"" Chennai","true","2026-09-24T17:31:48.000653+00:00","google-news","thehindu.com","The Hindu","Two persons killed as bike racing on barricaded Peters Road flyover leads to crash in Chennai The Hindu","Two persons killed as bike racing on barricaded Peters Road flyover leads to crash in Chennai - The Hindu","https://www.thehindu.com/news/cities/chennai/two-men-killed-as-illegal-bike-racing-leads-to-crash-on-barricaded-peters-road-flyover-in-chennai/article70247489.ece"
,"https://newindianexpress.com/states/tamil-nadu/2026/Jan/19/woman-four-year-old-son-killed-in-road-accident-on-nh-near-tns-vazhapadi",,"SALEM: A woman and her four-year-old son were killed on the spot in a road accident on the Salem-Chennai National Highway near Pethanaickenpalayam close to Vazhapadi in the district on Saturday.
Police said a car travelling from Namakkal towards Attur suddenly lost control near Pethanaickenpalayam veterinary hospital. The vehicle crossed the centre median and rammed into a car coming in the opposite direction.
The oncoming car was driven by Suresh (30) and carried his wife Priya (27), and their two children, Dashvinth (4) and Darshini (2). Priya, a native of Ariyalur district and her son Dashvinth suffered fatal injuries and died on the spot due to the impact. Suresh and the younger child, Darshini, sustained injuries and were immediately taken to Pethanaickenpalayam government hospital, where they are undergoing treatment.
The car that crossed the median was driven by Krithikesh (22) of Thattathipuram in Namakkal district, travelling with Divya (22). Both suffered minor injuries and were admitted to the same hospital for treatment.","1048","CBMi0AFBVV95cUxQS0JCQUV1U2lFZkdjc2hJMXlUNFdSLUJzOXRlSUhsTFQ5RlZKU29iUGljSDJJX0lZWGFNNHRuOXkzTlRBalRyMndnS1VydVNSZG5nSHZsVURQQW03NkhVeFJKa2N1dEhFU3NkZ1dXcFJ1cFpjcWRUUjdlU2U0aTNGUjlBbUdoSkRTTUgyRzdBekZvSWk0Mlh2bVNnUWRYa2RsWDhxbzlnWklWRkVEQWl4VkFOb3YwbXhZMjh0VGxhQVFIZGdnLVVmX1RPWG1uanVs0gHeAUFVX3lxTE1BOXRFbXNfOUloSzZhZzRVN1l4aTAxT0RtV1R4b0dKWlVVQWNYNzFmdndpU1pnNnhhcXZCS1hLTTNYcjdIbVF4UUxsekJ5cE45b2lqN294eTZ1eGNiYnc4NzBWdXhYSkJaT185aF9XRm5STWYxeEk2UjlOZHh6TjlTOFAtOW5sTnRza0RRQ2prLTBGWHhYQnRfVlNlUVdYcWNHQ1QyRzFjYkNITXlhUWEyR1NYX01VRUVFTkdvM3llUHlFbVV6LW5IeVBBUGc5c0JyREZQNENQX1I0RTNSZw","",,"2026-01-19T08:00:00+00:00","""road accident"" Chennai","true","2026-09-24T17:31:48.000820+00:00","google-news","newindianexpress.com","The New Indian Express","Woman, four-year-old son killed in road accident on NH near TN's Vazhapadi The New Indian Express","Woman, four-year-old son killed in road accident on NH near TN's Vazhapadi - The New Indian Express","https://www.newindianexpress.com/states/tamil-nadu/2026/Jan/19/woman-four-year-old-son-killed-in-road-accident-on-nh-near-tns-vazhapadi"
,"https://thehindu.com/news/cities/chennai/three-including-one-year-old-child-killed-in-road-accident-in-singaperumalkoil/article69398999.ece",,"Three persons including a one-year-old child were killed in a road accident in Singaperumalkoil in the late hours of Monday (March 31, 2025). The accident occurred when they were waiting in a car at a signal and a lorry coming behind them rammed into their vehicle.
According to police sources, one R. Karthik of Janaki Nagar, Madurai along with his family members including his wife, her parents, two children, were returning in a car, driven by Saravanan. While the car was waiting at the signal in Thirutheri near Singaperumalkoil, a speeding heavy vehicle bumped into the rear side of the car. In the impact, the car crashed into a container truck which was in the front of the car. The car was completely damaged.
Upon receipt of the information, traffic police personnel reached the spot and the public also gathered. They retrieved the injured persons who were travelling in the car.
Police sources said the car driver Saravanan and Karthik’s father-in-law Ayyanar were crushed to death on the spot while others including Karthik, his wife Nandini, her mother, two children- seven-year-old girl and one -year-old boy sustained injuries.
The injured were rushed to the Government General Hospital, Chengalpattu where the one-year-old child succumbed to injuries later.
Published - April 01, 2025 10:42 am IST","1314","CBMi2wFBVV95cUxOdUhYTE54cWFpMmdWdnRVREd2aWFnV3dUbGpwMmJHUXNHY1dDam96YW1rbGhuUzc4VzBUNnE1dlYzOUpwQUtrdEl5QkJuRXNwazZrdFB6WkZmSGNxTFRESndBOWlZQmJiZndLeXBQR3JOZGN0YUF3ZVlkcjJmeGJFZnprYjBVeUo2OWVSMmpNZ082QlZ6VnNmdDdLU1pqaWd0TlVBTkt1VlYzV004WGEtUHJ3b0hELURLZlUxN3FSZEhjV1JFOE8telY3NU1HTlMwbGtHZGhJdVBNQ2fSAeIBQVVfeXFMTVBpSDQzTFNraDVRUE1iYWtzZlQxRnkwTnVxYmp0dUtHSUdMeTYzMlgzdG45WmZxOEdZNFc5bjdzRXpWLWhLNlJDM0hKWHhPb1h3ZUg5VXhFY24yTDFlYTFNRmk5aElQdnJVb2ViT0R5N1RKWTE4aFdyX2wtVlA0aGVrX2FPVjhZX2R5T3hNcnoyWXlCS2lGLWRBR1lUcDN4MEp2MHIwZXBKNEVtdmRleGZRczhTSG1KWk5VbkZfUngyVDZUeW1EckxNVVdlZEhRbld5VDlHSVRYYVhjY3I0ZEtYUQ","",,"2025-04-01T07:00:00+00:00","""road accident"" Chennai","true","2026-09-24T17:31:48.001058+00:00","google-news","thehindu.com","The Hindu","Three, including one-year-old child, killed in road accident in Singaperumalkoil The Hindu","Three, including one-year-old child, killed in road accident in Singaperumalkoil - The Hindu","https://www.thehindu.com/news/cities/chennai/three-including-one-year-old-child-killed-in-road-accident-in-singaperumalkoil/article69398999.ece"
,"https://dtnext.in/news/chennai/law-college-student-killed-in-car-crash-near-kotturpuram-four-injured",,"CHENNAI: A 21-year-old law college student from Kerala was killed in a road accident near Kotturpuram in Chennai on Tuesday. Four others, including a car driver, sustained serious injuries and have been hospitalised.
According to a Maalaimalar report, the accident occurred on Gandhi Mandapam Road in Kotturpuram when a car travelling ahead allegedly made a sudden turn, resulting in a collision between two vehicles.
The deceased has been identified as Joonu (21), a law college student hailing from Kerala. She died on the spot due to the impact of the crash.
The injured, including the car driver were rushed to the Government Royapettah Hospital for treatment. Their condition is reported to be serious.
Police rushed to the scene upon receiving information and have launched an investigation into the circumstances leading to the accident. Further inquiries are underway to determine responsibility and whether negligence was involved.","940","CBMipwFBVV95cUxNOEF5T2J2RjlRZTl0OVh2U25yTHRvbWZMOXRTUmVRUWtQa3V2MzFkSWxPdHlwazFFelM0VlRxSXVBTkxzaWtXcFlsNGRYd3lfekF2b2tOV1VpcDRwdXZVemtqVW9qdXRNOHRORm1TT2wxa2RtVTAtM0lNNlRBV3d3RTJrc2E5NFZrVTRYRlNJVFFMaE9KQUFtU0xWVUxId1c0elNYTGJZRdIBtAFBVV95cUxQOENQSlpzMTgxUmE4NXYtX0hvNWlJMjIzcDhVTl9WNEVlQ1hGX2dRa1BGd2lSUW5JdUVLdGZlVVR5cjNWY241ZXJpUlJDM1FyZ0FPbjh6OWRWMlQ4TWNOemtnZU1TWktfOURoam1MTmtUTEkxaTBIa2s3ZHR6T3lqdTUwU1IwQkQyWEVNNkxQZ01tWnAtem1PSWhDVEkxRzh2bGlfNVR4SWRBZHAzVkdqbGxKaUk","",,"2026-03-03T08:00:00+00:00","""road accident"" Chennai","true","2026-09-24T17:31:48.001296+00:00","google-news","dtnext.in","DT Next","Law college student killed in car crash near Kotturpuram; four injured DT Next","Law college student killed in car crash near Kotturpuram; four injured - DT Next","https://www.dtnext.in/news/chennai/law-college-student-killed-in-car-crash-near-kotturpuram-four-injured"
,"https://dtnext.in/news/chennai/chennai-woman-killed-in-road-accident-in-madhavaram-855851",,"CHENNAI: A 29-year-old woman died in a road accident near Madhavaram on Saturday evening after she was run over by a lorry, which hit her two-wheeler. The driver of the lorry was subjected to mob treatment before he was handed over to the police.
According to the Red Hills Traffic Investigation Wing (TIW), the deceased woman was J Sivaranjani of Manali, who worked at an electronic appliance showroom in Madhavaram. The accident occurred on Saturday evening when she was returning home after work on her two-wheeler.
While negotiating a turn at Manjambakkam junction near Madhavaram, Sivaranjani stopped her bike and checked for vehicles coming in the opposite direction. The lorry, which was trailing her bike, rammed into the bike, leading to the incident. She sustained severe injuries and died on impact.
Police moved Sivaranjani's body to the GH for a postmortem. A case was registered, and a probe is under way. The driver was detained and is under treatment for his injuries, police said.","997","CBMimAFBVV95cUxQZF8wNXoxdXEzbDF5LU9rQjFGUlZSSDZ2c3FzMTI3ZWdCS05ENEo5ZFg2eGdFYjc1WFRzYzBYRWNBTjRTZS1qcVFsRndyRVlMSkxvbk13NEc5X01mZ3FncnRaMjI3MTdJN0QzcHNkenZIaHE2YnZRempPaDgwSUphT01ScWlOMXZjWi1aRmEzd0F4d2pOZUJ0etIBpgFBVV95cUxOdzV6WU9DamhnWjY0aWluTHpiQlQ0cVcwRjBMQXcxSmpGdUQxXzd0TGU4al9qMXVJXy00OEw3R2FJamNNclNNQlR1S3BKZW44YzhraHV3eG1VZmtyd25xeGF4VktIbTRzbUNWbU5jM0d1Wkdpb0lDMjFzMWFpVjNHM0lWZDJKX1ZGS1N6X0MyZmFseEpoTVM1RXBjanNNUEY3QkZBemlB","",,"2025-12-08T08:00:00+00:00","""road accident"" Chennai","true","2026-09-24T17:31:48.001373+00:00","google-news","dtnext.in","DT Next","Chennai: Woman killed in road accident in Madhavaram DT Next","Chennai: Woman killed in road accident in Madhavaram - DT Next","https://www.dtnext.in/news/chennai/chennai-woman-killed-in-road-accident-in-madhavaram-855851"
,"https://newindianexpress.com/cities/chennai/2026/Jan/19/youth-dies-in-bike-accident-near-kundrathur",,"CHENNAI: A 21-year-old private firm employee died in a road accident on the Tambaram-Maduravoyal bypass service road near Kundrathur late on Saturday night.
Police identified the deceased as Praveen Kumar of West Mambalam. He was travelling from Porur towards Kundrathur on his two-wheeler with a woman from Padur in Chengalpattu, police said.
The accident occurred near Tharapakkam when the motorcycle reportedly went out of control. Both were thrown off the vehicle. Praveen sustained fatal injuries and died at the spot, while the woman suffered injuries.
She was taken to the Tambaram Government Hospital by passersby and discharged after treatment. Police said the rider was wearing a helmet at the time of the accident.
The Chromepet Traffic Investigation Wing registered a case and sent the body for postmortem. Preliminary inquiry pointed to speeding. Police are also examining whether alcohol consumption or fatigue played a role in the accident.","955","CBMipgFBVV95cUxPeFZ5Tk03SDIxZmNjaWtubTNKZTlTRDN2RG50MjRyVENobDJMUlllQ0d6YXRnb2p4RlExdDJxODU1YmljNVZOU05CZmkxVm03VXdBZnVFM0d0aGphZEJSZkQ3cWpqdl9vTjhFZGJ3R1FHNmQ3TmhaTVQyeWxjUlpqdkRzVHFhMTNRUF9sdmt2ZFVpTE5WNXJhSXItamRZcDJ5VW5FejFR0gGzAUFVX3lxTE0xUXZkeU82d3NFRkhSSkdCUXdYZDdXeTlMQVN0UE1GOVc2RS1hd0NJeUd5OHlTS2ZQMzRzQzlwQjhBR3p2MUpEMEpYR1E4dVNZU01IeWYtRWUxUkYtdkZtNnd5eHBubU9mWDlEb2pDNTVEY1h1cUVTYVNXMHBCa0N4WUh5M0duNVdtU0V6SzFQOE00cTJsS1RibFBDbE9KaEs4Uzh3bmxMRE5jV1ZkVmhITkln","",,"2026-01-19T08:00:00+00:00","""road accident"" Chennai","true","2026-09-24T17:31:48.001603+00:00","google-news","newindianexpress.com","The New Indian Express","Youth dies in bike accident near Kundrathur The New Indian Express","Youth dies in bike accident near Kundrathur - The New Indian Express","https://www.newindianexpress.com/cities/chennai/2026/Jan/19/youth-dies-in-bike-accident-near-kundrathur"
,"https://thehindu.com/news/cities/chennai/12-reduction-in-road-accident-fatalities-in-chennai-city-say-traffic-police/article69897309.ece",,"Road accident fatalities have decreased by 12% in 2025 as on August 3 when compared to the same period in 2024 in city limits, according to statistics provided by Greater Chennai TrafficPolice (GCTP). This was made possible by a series of steps taken by the GCTP.
As many as 316 fatalities occurred last year till August 3. This has been brought down to 278 fatalities.
Additional Commissioner of Police, Traffic, G. Karthikeyan said, “We have undertaken various steps and remedial measures to reduce road accidents and enhance road safety across the city through increased enforcement, patrolling, and awareness activities. Also, GCTP creates impactful awareness among the road users by asking the public to maintain road discipline, follow safety guidelines, use protective gear and educate themselves on road safety.”
In coordination with experts, GCTP has facilitated training programmes for police personnel towards technological approaches for accident reductions and through workshops and safety education programs for schoolchildren, bus drivers, and delivery agents, he said.
Last year, 534 fatal road accidents were reported in the city. Of them, 380 involved two-wheelers amounting to 71%. Similarly, 66 fatal accidents involving four wheelers were reported.
Of the 278 fatal accidents that have been reported so far this year, 214 of them involved two wheelers and 29 of them involved four wheelers.
The GCTP has strengthened its enforcement strategy by booking more cases against over speeding, drunken driving,and riding without helmet through manual checks and technological initiatives like ANPR cameras, 2D - Speed Radar System and Vehicle interceptor system throughout the city. The GCTP booked 13,389 cases for drunk driving last year and 13,185 cases so far this year. K. P. Subramanian, an expert in urban engineering said, “It’s heartening to note that the rate of accidents in Chennai has reduced by 12% due to multi-pronged strategies adopted by the traffic police. As it is the institution in-charge of in charge of traffic rules enforcement, accident investigation, including accident data collection, data analysis, and drawing of inferences, the GCTP should validate their findings through an independent and impartial third-party audit,” he said.
B. Ramdasse, road safety expert, said the GCTP periodically implements traffic diversion in various high traffic volume roads to ease the traffic congestion and this in turn helps in reducing the accidents at the junctions. “In coordination with Chennai Metro Rail Limited, trial runs are being successfully implemented in junctions and other places where Metro works are happening to reduce accidents,” he said.
Published - August 15, 2025 12:58 am IST","2729","CBMi1wFBVV95cUxPS0dER3NFOVFhYTEwTkc0VWhjTzNIeUhTTEpSWGZRNlhXUHZKOGRiNVhvNjFZdlg1V1FBbk1vR1E3SWJVeWdzd3R2T1Z4ODFjWTJVSE9ycTZUWXVVMjZST3VJLW9nUXFkOEl4bEVxZkQ2QUVKVS1kZDFtRTZWY1EtcHliOXdnUmpUTUdWMkFzLVQ3TXlRUHF3Y0NnSFRpLW5vRGxRUnV3LW9KUTdPZ1p2Szcwd1JYeFk0VXJTZ256bW5iU1RIajdlYkhDTmhMX2VIOF9LbkFld9IB3gFBVV95cUxOYjVVblp0Q3p1TE9RRGhHTDFCLURoLXYwNldxY3d3OU5RX3lTckFNdUFFcXYwck5lVy1VRkNNQlYxWmsydmRRSHFxdTNWTXl1ZzVpRFFMSm5qNzZkTzhFaENqLXRBTnVkeHM1VDRpUWpabjQtUGhDQnhWZWowa3d4U19CYXJIbkN6OGVWRGY5cFVCOTdOSVp6eFZvbnZnT21kZG8yRDVfS29ta2pudm5xczM0ZWFzNnlyVzc1RjRZTW1lSEROVUpGeGVjcEM5Rm5hSXVscGF6eUxuc3NObXc","",,"2025-08-15T07:00:00+00:00","""road accident"" Chennai","true","2026-09-24T17:31:48.001681+00:00","google-news","thehindu.com","The Hindu","12% reduction in road accident fatalities in Chennai city, say Traffic Police The Hindu","12% reduction in road accident fatalities in Chennai city, say Traffic Police - The Hindu","https://www.thehindu.com/news/cities/chennai/12-reduction-in-road-accident-fatalities-in-chennai-city-say-traffic-police/article69897309.ece"
,"https://thehindu.com/news/cities/chennai/woman-and-her-daughter-die-in-road-accident-as-heavy-vehicle-runs-over-them-near-padi-bridge/article69587735.ece",,"A 34-year-old woman was crushed to death in a road accident and her three-year-old daughter died of injuries after a tipper lorry hit the bike in which they travelled and was driven by her friend near Padi Flyover on Saturday. The friend who was driving the bike was also injured.
The victims have been identified as Priya, 34, a native of Idukki district, Kerala and her daughter Karoline, 3 who were staying at Guindy. On Saturday morning, they were returning from Siruvapuri temple in Tiruvallur district and were travelling on the pillion of the bike driven by Saravanan, 28 who was planning to marry Priya shortly.
While they were near the flyover, the lorry which came in the opposite direction rammed their bike. In the impact, they were thrown off and the wheel of the lorry ran over Priya and the child was grievously injured while Saravanan also sustained injuries.
The injured child was rushed to Government Kilpauk Medical College Hospital where she succumbed to injuries. Traffic Investigation Police, Thirumangalam registered a case and arrested the driver of the lorry. Further investigation is on.
Published - May 18, 2025 01:09 am IST","1151","CBMi7gFBVV95cUxPY05vQnRMUWlRaFdRc3lDTmphSXpDXzJ2Z1NzcmRobk81ejh2UldqZjZDREJYZlZWRWVlYURHZlBjeTZQTHdQYTFldWlranRoS0lPclNMQ3VfUlB5cUlQRWFocU00a2dva25oMkxzVkdZVm1BRm0tS2JpN2FqUjdhRTBINzVSYzRnLTBtNGNJTGsxZ2xUWnJtREl6X1lLMU1ScmRaMFdVaXE4aU1YQmRERXUyTUFyY2JQNkNGZnFnaDc1SEh4WUFaVzdJSXJzY2VtaEVnMXpzWG1XQnkybXBZbHJhUTVVVlR4TnR2SGdR0gH0AUFVX3lxTFByQXVuYWdTUy1uZkpseWRoOHkxYWdtTzRZcDNhamlYdHVFb3BfWWJuY3Vwcm1YYkc4WlM1TzFJQ1dTejBzeWpVSHhZZEVOSE9SUnhhajdZSEpBVi1NVEhfaEUycEp6ckN6Q2ZkV2dZVmVMUGo1ZUVhSnZyLVhDYUFmbDdRWG9Bb3p5UzBGNnFXN0NVc05ieUJQM081VE9jOEJuTjRFWFNqb0ZkY3hSTnZScURHNGdYMUtVc1A2am9GQ0M3OGUyeDBCQUhDUm9QajJQZVJaMkJiVll5ZktLMW9SZE5NeWlNRGJFazZQLUVIOG1oeWs","",,"2025-05-18T07:00:00+00:00","""road accident"" Chennai","true","2026-09-24T17:31:48.001765+00:00","google-news","thehindu.com","The Hindu","Woman and her daughter die in road accident as heavy vehicle runs over them near Padi Bridge The Hindu","Woman and her daughter die in road accident as heavy vehicle runs over them near Padi Bridge - The Hindu","https://www.thehindu.com/news/cities/chennai/woman-and-her-daughter-die-in-road-accident-as-heavy-vehicle-runs-over-them-near-padi-bridge/article69587735.ece"
,"https://thehindu.com/news/cities/chennai/youth-killed-in-accident-near-nerkundram/article70154497.ece",,"A 30-year-old man was killed after hit by a truck near Nerkundram on Sunday (October 12, 2025).
City Traffic Police said P. Balaji was a resident of Ekathuamman Street of Koyambedu and working in a private company. Early on Sunday (October 12) morning, Balaji was proceeding towards his house on the Poonamallee High Road when a cement mixer truck hit him from behind near the Koyambedu - Nerkundram junction. Balaji was thrown from his vehicle and suffered several body and head injuries. He died on the spot.
Koyambedu Traffic Investigation police sent the body of the victim to Government Kilpauk Medical college hospital for postmortem. The police are searching for the truck driver who caused the accident.
Published - October 12, 2025 02:02 pm IST","753","CBMiqAFBVV95cUxOckdzdVlKN1l2V1NSdXh0dWtsUTBNcWtORThwUlo2MTBHaC1peDZJQ05zQnliaFFyQ05MR2xmcEJjUzFRMGJlbVVtR005djB1akhqVGV0SW5yTDJ5c0F0NW5sd05naGNfZ2d5bklWdVd1aUZ2TkFXMWt2cEpnOTRHNTRka1h5bDg3VU1pS2JWUTRCMXg4MW0wcDZGdVdqaVR1T1N1VHp1ZGLSAa8BQVVfeXFMTjNjX2FldVRWTFotUk1GVjlFbXA5ZGd4MVdTSlExcV96Tm01WmFtLW40VlZCamdleXpQUW52b0h5aWM5NVlzLXRiYlF3ZERDbzJEYUJoeFczNzcwb0tnUEV6M1VGeW1sMC1la2cyaVlQb3dZMjhiNGNKMlc4ZU14b0FieWk2QXJRQ1EtT2hZZWtLNUprQVZISVRHRVRwbk1KZjlwWTJTazNVR0l5VGt1Yw","",,"2025-10-12T07:00:00+00:00","""road accident"" Chennai","true","2026-09-24T17:31:48.001844+00:00","google-news","thehindu.com","The Hindu","Youth killed in accident near Nerkundram The Hindu","Youth killed in accident near Nerkundram - The Hindu","https://www.thehindu.com/news/cities/chennai/youth-killed-in-accident-near-nerkundram/article70154497.ece"
,"https://thehindu.com/news/cities/chennai/young-athlete-killed-in-road-accident-in-chennai/article68334940.ece",,"A 19-year-old athlete, who was going to a freshers’ party organised by his friends in Manapakkam, was killed after being knocked down by a private school bus on Mount Poonamallee Road on Tuesday, June 25, 2024.
The St. Thomas Mount Traffic Investigation wing police have filed a case and are on the lookout for the absconding driver of the school bus.
Traffic police said P. Nidhipadhi Pandian was a State-level athlete residing in Bhajanai Koil street in Nandambakkam. He was in his first year at a private college in Nungambakkam. His friends had arranged a freshers’ party to which Pandian was proceeding on his two-wheeler on Mount Poonamallee Road, when a private school bus hit him from behind. When he fell down, the driver, without stopping, ran the bus over him, killing him on the spot.
The driver then fearing for his life, abandoned the bus and ran away from the spot.
The police sent the body to Rajiv Gandhi Government General Hospital for a postmortem and are searching for the driver with the help of footage taken from CCTVs near the site of the accident.
Published - June 26, 2024 11:49 am IST","1111","CBMiswFBVV95cUxPNVdWbjNleXpzbHNIQzdtalNiWmNNQm5jNGxKb3NTVDdmREotNWtyUlFFTWJaaFd1ZVAxNUIzWUg4UDVOaG9YX1R0VWFVaEtPZ3lKaVE1QUJweENmQ2IyVjNzb1pSeEdnYTQ1RTVDLTlacm55dmVsTHU5M1FFMDMwMDloaHZnc1NIRzk5ZlVJUk94UHhiQ29oSVlabGg4aHFPZWFVM1BYLUVUaERIekRMNWRNa9IBugFBVV95cUxQOGpHMDU1aW1CQ3RBZ2REQldNX01nbWZEQzZXeW1YMm8tdVNFUnlOZ2V4ei1sZTg2Mmsyb0VTb2dISWlNRVlnTjlHek9NekZDUzRzOTVXZnJ4RW1oVTRndnd4QkhTXzMycjhvdVZBMnE2YXdyVVlJU2VHV0lnOFNTYk9DTDkwbXRSQWNhNHpoMEFtMEwySE5vZXAwZlNqWEEtNEF5d3U3RGtKUEM4NlRTbXItQTRCZlU3RUE","",,"2024-06-26T07:00:00+00:00","""road accident"" Chennai","true","2026-09-24T17:31:48.001999+00:00","google-news","thehindu.com","The Hindu","Young athlete killed in road accident in Chennai The Hindu","Young athlete killed in road accident in Chennai - The Hindu","https://www.thehindu.com/news/cities/chennai/young-athlete-killed-in-road-accident-in-chennai/article68334940.ece"
,"https://timesofindia.indiatimes.com/city/chennai/factory-worker-killed-in-road-accident-near-thiruvallur/articleshow/124325259.cms",,"- News
- Factory worker killed in road accident near Thiruvallur
End of Article
Follow Us On Social Media
Tired of too many ads?go ad free now
In Section
Entire Website
- Elon Musk's SpaceX wins contracts worth $714 million from Pentagon; as Jeff Bezos' Blue Origin New Glenn rocket awaits national security clearance
- Wayne Gretzky and Janet Jones' relationship timeline: From Dance Fever to a marriage of more than 30 years
- Air India Dreamliner RAM deploys in final approach to UK; lands safely & grounded for checks
- Military shakeup: Pete Hegseth fires navy chief of staff Jon Harrison; praises ‘service to department’
- 'No single Indian that cares about US': Palm Bay Councilman Chandler Langevin asked to step down for anti-India post
- 'Guess who Kash Patel sent to investigate Charlie Kirk's assassination': Candace Owens drops new bombshell
- Amazon founder Jeff Bezos makes a rare public appearance at tech event, says: Millions of people will live in ...
- Chiefs heiress Gracie Hunt had a surprising health experience in Austin that left her questioning everything about wellness
- Oklahoma City Thunder Center Isaiah Hartenstein’s model wife Kourtney walks away from glam life for one heartfelt reason
- Jon Jones reacts with gratitude as Alex Pereira dedicates UFC 320 victory to his late brother Arthur Jones","1328","CBMiygFBVV95cUxQVm12NTgyRFhUcDVUb19mcF9VN3ZIcFdTR2JUU2gyQnlPME5hSWRNY0FNa2dsYUU4eFQyMXZsVEliaHdzUTRURkUtYzhRX1E2ek1HVDlHWmNLWWRBWUZmOWIxbGxkR01ob3JOZWdSX1o3N3N0TUF0UjdibXlJaDB2bElCMFBjWlhOWndpMHpSSF9oS3dfRlhmZk9acTNVQ3RXamlycUpjNi1GWGF1SHZWeThnajU5dHBxeWx0MkNmZ1JjMXNReHYxQVhn0gHPAUFVX3lxTE12eVhGdFdISk1EUmV1cXY1VTVEOTZsUXFLRkR4dEpSVnpKbFBxZzRyWjAtV2J6SzlsSGZQLUhYZlYtcWxQTTJ5RU40VjZ5VzhZZkdNaV9zX3l3SndSOWdZb3BsMHozN1RwMDgtdlVvVENVdVFPeWJXcENkWHFDODE1S3FtbTN6WHZWbDdDUUFNU3ZwUUtUQVc0bm52UlRIMnJVaXM5Zjh3VjZuT0VaYUVwZFIxX05mMUstdWY2dnNDcVJKWHl4ZVhpZ0ZlaDlxRQ","",,"2025-10-06T07:00:00+00:00","""road accident"" Chennai","true","2026-09-24T17:31:48.002230+00:00","google-news","timesofindia.indiatimes.com","The Times of India","Factory worker killed in road accident near Thiruvallur The Times of India","Factory worker killed in road accident near Thiruvallur - The Times of India","https://timesofindia.indiatimes.com/city/chennai/factory-worker-killed-in-road-accident-near-thiruvallur/articleshow/124325259.cms"
,"https://thehindu.com/news/cities/chennai/two-youth-killed-in-road-accident-in-urapakkam/article69299709.ece",,"Two youth were killed in a road accident in Urapakkam when the car they were travelling rammed a lorry. Three girls who were travelling in the vehicle were injured. The Traffic Investigation Wing, Guduvanchery, identified the victims as Thanesh Reddy and Mohammad, both aged 21 and hailing from Andhra Pradesh, who were third-year engineering students at a private college in Potheri. Three of their friends from Andhra Pradesh had come to visit. When the five of them were heading to Tambaram in the car driven by Thanesh early on Thursday, a lorry in front of them stopped suddenly. Though Thanesh tried to apply the brakes, the car rammed the lorry.
Published - March 06, 2025 10:16 pm IST","692","CBMisAFBVV95cUxNTG0wSkZOdzNyVWxJNEQ1WmdmcEM0YUJqc3BKX3BnTjF5SjFhS3NIaFkwUHNEaGw3X28wa08yRFQwbVIyb3NNN1lXTUg1TE8xSG5lT1dNT0ExQ1FZTk0tR0F6RE9jYWdYR1JJbG9VeF9TQ1hFek5tSldxUWlGSHpBdWVmSGlBTm04X3c3QlJERXBwdllDSVZrcTN2Y016ejNUTTNmSHFMd0RTR3dmN3VLVtIBtwFBVV95cUxNZTZDS2dNcjZqdmswNnlnWkNiSmZGVDFOVHNqemdOMUdwaHRYOUFmbTJBaE5tWmE1ZnNSVmc1bmV4SHhpY0pxM0RzOVQwRjBYcWRBdlNHWl9JZHo3U25FanpqRE5iNThDX0tjWC1QSWRJUVlzeXhNTFlxQzVKNERCSVpFZ2h3UGYyZ3NaMWRtdGRPMkl6UW1aQjI0VmJpcFo2cDhYWkRtWWV3RHVFcEZSRms5Szc2bm8","",,"2025-03-06T08:00:00+00:00","""road accident"" Chennai","true","2026-09-24T17:31:48.002274+00:00","google-news","thehindu.com","The Hindu","Two youth killed in road accident in Urapakkam The Hindu","Two youth killed in road accident in Urapakkam - The Hindu","https://www.thehindu.com/news/cities/chennai/two-youth-killed-in-road-accident-in-urapakkam/article69299709.ece"
,"https://thehindu.com/news/cities/Coimbatore/three-of-family-killed-in-car-accident-in-namakkal/article71470975.ece",,"Three members of a family including a woman were killed and four persons were injured when an SUV reportedly crossed the median and collided with a car on the Salem–Karur road near the Coastal Over Bridge in Namakkal in the early hours of Wednesday (September 16, 2026).
The deceased were identified as Karthickkumar (35), his mother Gandhimathi (55), and father Selvaraj (60), all native of Molaiyappatti near Aravakurichi in Karur district. They were residing in Bengaluru and were travelling to Aravakurichi in a car to attend a family function.
According to preliminary information, an SUV, carrying four persons from Bengaluru, was returning from Tiruchendur in Thoothukudi district after a temple visit. While proceeding on the National Highway, it reportedly crossed the centre median and entered the opposite carriageway before colliding with the car that carried the three victims around 4.30 a.m. The injured in the SUV were identified as Kishan Gowda (19), Yathunandan (19), Sivakumar (32) and Gowthami (30), all from Bengaluru.
They were taken to the Namakkal Government Hospital, where they received first aid. All four persons were subsequently shifted to Bengaluru in a private ambulance for further treatment. The bodies of the three deceased were kept at the Namakkal Government Medical College Hospital for post-mortem examination. Nallipalayam police are investigating.
Published - September 16, 2026 03:35 pm IST","1432","CBMiugFBVV95cUxPcW1QTFNwcHhSN0ZHbkpmWEpORFFWMmJCZTZkSEthQTNUQzZTRlFfWWh3ZEUwQVZQb2tRTFhHajBuSngzNHpPblhzbHBEWWxoY0hNNXJPNHZKeS1nanZGZ2hUM2tPNVNpTGZXUzYzYnRqZlpVWlVhZGtQd0xYdkZVa0JqdzZOOGZsbk5YNkR1WkQ4NWt4N29WTXNDMEhOUU9DenNma2pCdzFwVE9Tbm1oakJfWE1kSVhLX0HSAcABQVVfeXFMTmNSZVhuT1lkckVqYTFrNEFEUmE0WmNPMlVRV1NRUEU4b0VaOFk5WWFXYmNUNGZ3aW9sVHJmRXhiMXhWUHNEUTBMSzBQQnkyWURYY05zX0pMY1ZyOFQwRS1USDlWVGFCWGVfQUJPWGIzTHcxeGNkYVJMS0h3dGF2QWdCWlY5d2dHcm5KOU5nQkdnVWJNSjUwc083eE5VQzcxQ2l1dmh5TlMxdWZiZzFHdEFzU2h3dTBZR0RuTHJWZFhY","",,"2026-09-16T10:05:45+00:00","""road accident"" Coimbatore","true","2026-09-24T17:31:49.052314+00:00","google-news","thehindu.com","The Hindu","Three of family killed in car accident in Namakkal The Hindu","Three of family killed in car accident in Namakkal - The Hindu","https://www.thehindu.com/news/cities/Coimbatore/three-of-family-killed-in-car-accident-in-namakkal/article71470975.ece"
,"https://newindianexpress.com/states/tamil-nadu/2026/Aug/15/class-1-girl-killed-in-road-accident-in-coimbatore-two-arrested",,"COIMBATORE: A six-year-old minor girl studying in Class 1 was killed after being run over by a lorry in Coimbatore city on Friday.
The deceased has been identified as Niralya. She was a Class 1 student at a private school in Vellakkinar near Thudiyalur.
On Friday morning around 8 am, Divya was taking her daughter to school on a two-wheeler. When they were riding through the Cheran Colony area on the Thudiyalur-Saravanampatti road, a lorry that was behind them slightly brushed the bike while overtaking, causing Divya to lose control of her scooter, veer off the road, and fall after hitting the sign board of a Xerox shop. Both mother and daughter fell on opposite sides. Niralya, who fell on the road, was run over by the lorry and died on the spot, said police.
In this case, police arrested the driver of the lorry along with the owner of the shop located at the accident scene, as the he had allegedly placed his shop's sign board on the road, hindering traffic. After being sidelined by the lorry, Divya lost control and slipped on the road in an attempt to avoid hitting the sign board. But the situation turned worse as the mother fell on the left, and Niralya fell onto oncoming traffic and went under the wheel of the lorry, said police.
On receiving information, personnel from the Coimbatore Traffic Investigation Wing (TIW-West) rushed to the spot. They recovered the girl's body and sent it to Coimbatore Medical College Hospital (CMCH) for postmortem.
Following the investigation, the TIW-West police have arrested two persons — the lorry driver Marimuthu (52) of Namakkal district, and Vijayan, the shop owner. The case was registered under Sections 281 (Rash driving or riding on a public way), 105 (Punishment for culpable homicide not amounting to murder) and 283 (Exhibition of false light, mark or buoy) of the BNS Act; further investigation was on, said police.","1887","CBMixAFBVV95cUxOZWVXOVRLV01EQTNxcGJJVGo1RmF1em03T3kyZ0pPR3R2T01Fa2lwZll4c2UyTzRMSm1UYUVwUE44T0tuVllpaHl3MWtGYUZvdldDdUhSVm14blJnS1RuV3N3aHlGTXp5bnluNzk3LVpJLTJ4N3M0eXJLWXRBQ3NOVlpCU3MzNEJ6Ri1xUjlHc1NQaWtOX1hYUUlBYl91dVRYVkNoX3J5M1pIRXdUcVdnVDFnMjJoOW0wWTNpOUdfSFNHQVpQ0gHSAUFVX3lxTE9sQnVQZzJGUTh5bkM2SGN2OE1xaVZsNkxWUDFxdklKdGR4NlhGYXVfVG0tWDhLZ1FQRWw1cUQ3UHZPSUx6Rlo2UVVROUxBeXBTOG1IaWw5eEUwT05QeU0zNk8xQ0V0UXdYVkRCMTVabkV5SllNeWhKY3JwN3NKaDRMcE5Kb0FqekVJWXk5QWRtWjZDY2dhQ1JVc2NjVEpNTnZISjZwTm5ZX3VwSXZ1UnFZNlFoMW5SYTNWQk8zTVA2V3VwbHJsN2dOVmF2M1p4eGNRdw","",,"2026-08-15T07:00:00+00:00","""road accident"" Coimbatore","true","2026-09-24T17:31:49.052375+00:00","google-news","newindianexpress.com","The New Indian Express","Class 1 girl killed in road accident in Coimbatore; two arrested The New Indian Express","Class 1 girl killed in road accident in Coimbatore; two arrested - The New Indian Express","https://www.newindianexpress.com/states/tamil-nadu/2026/Aug/15/class-1-girl-killed-in-road-accident-in-coimbatore-two-arrested"
,"https://thehindu.com/news/cities/Coimbatore/nursing-student-killed-two-classmates-injured-in-accident-near-coimbatore/article71259341.ece",,"A student of a private nursing college died and two of her classmates suffered injuries after being hit by a speeding truck on Neelambur bypass near Coimbatore - Pollachi Road junction on Thursday.
The deceased has been identified as A. Anusree (21), a second-year student from Thoothukudi district. Her classmates D. Dhevika (21) from Thanjavur sustained a fracture on her right thigh and S. Sridharani (21) from Nagapattinam escaped with minor abrasions.
The injured students were admitted to a private hospital run by the nursing college’s management in Coimbatore city.
The police said that the accident took place around 1.30 p.m. when the three students were heading to the college from their hostel after lunch. As they crossed the bypass in front of the college, a truck heading towards Neelambur hit them.
Anusree suffered fatal injuries and died on the spot. The truck’s driver, M. Balraj (40) of Mavuthampathi, attempted to flee after the accident. But he fell and suffered an injury. The Madukkarai police arrested the driver and seized the truck. Further investigation is on.
Published - July 23, 2026 10:12 pm IST","1127","CBMi2AFBVV95cUxQMFFEcGlsRzJvVjB2S1NjZjZ1R3R5ZGd0LUU0bWhpNUxrNzlhUmJBc3lWVmZIX0RxZl82Qm1ZWlJ6WnR2QWZRS2JRLTBwa3FrNW9sdFdQbnU5cHp1eHBaQmVneXBVQ2g4OXVOOVpLbWRfSW1fVHQ3TFVLY1ZOemZUQk9zQmpSU1Y0NDZnVFpTX3EyLWtDcGlHTFhaMzc5TFR0UFY5N1JjRU81b0hWNDlUTkY0UmtPU29MVW1RM2pGUTBCTjIzOTlFNEl0Um5mMHpfRVdCRUhqczLSAd8BQVVfeXFMTnpwS0VvOFkzSk1aalViSkszT01KUy1jalEyRmg5SmxsRXBaMzdaSV92cWJUZzdnYjM4S2ZLSXlEd0Rud0ZwOFVIbVpRSmU1dzAzbk8tQXBTQlZVeDdncDNBei04LWJHOHRIWFRVZnYwUjgxZ1kwdEltc2hJTjRlSFczbG05Q1Y3dnhSOEowTTJIZlY1dzFZMlp2NXIxSl9EeXpieWl1eThHT3pnNzNJNjZFb1p6SkR5SDJ3eEVoT19CMEVhUjlzUmtOWWdvb0J2T1RuVlhiM3JZSEZaS0pNdw","",,"2026-07-23T07:00:00+00:00","""road accident"" Coimbatore","true","2026-09-24T17:31:49.052669+00:00","google-news","thehindu.com","The Hindu","Nursing student killed, two classmates injured in accident near Coimbatore The Hindu","Nursing student killed, two classmates injured in accident near Coimbatore - The Hindu","https://www.thehindu.com/news/cities/Coimbatore/nursing-student-killed-two-classmates-injured-in-accident-near-coimbatore/article71259341.ece"
,"https://timesofindia.indiatimes.com/city/coimbatore/tnstc-bus-driver-killed-seven-inured-in-road-accident-near-dharmapuri/articleshow/133712759.cms",,"DHARMAPURI: A Tamil Nadu State Trasport Corporation bus driver died and seven people suffered serious injuries when the vehicle he was driving rammed a tanker truck near Kolasanahalli in Dharmapuri district in the early hours of Wednesday.
The deceased has been identified as V Saravanan, 46, of Salem. The injured have been identified as M Shankar, 48, Divya,36, of Mallasamuthiram in Namakkal district, Deepani,25, of Sankari in Salem district, Divya, 23, of Natrampalli in Tirupattur district, Karthi, 33, of Pudukottai district, Madan Christopher,24, of Mysuru in Karnataka and Ashokkumar, 41, of Madurai district.
The bus, carrying 42 passengers from Bengaluru to Salem, rammed the rear part of tanker that was being used for watering plants on the median of the national highway. “The front portion of the bus was manged in the impact, killing Saravanan on the spot,” said an officer at the Mahendramangalam police station.
The injured were taken to Palacode Government Hospital. Saravanan’s body was sent to Dharmapuri Government Medical College and Hospital for a postmortem.
The Mahendramangalam police registered a case and began investigations.","1155","CBMi4AFBVV95cUxOYnV1cjZqa0Q5MnNGRlo4QVZFZUdtckxhQUg4YV9SYXZPdWJ5bi1saGo4VDd6Y19RN1lUeS1FNlNIcUpzT1FqdF9JQWtKbk1EOWJkN2ZKNUVHbERPWEt4T2hSVzMwRDhrb3RqQkg2Sm1pMFhpa0lYVG1oN1RJODdjcXFGeFFKZEJYYXdwc0V4QW1SZE11Qjh2bFVXdG9hcEFSRlRHN3FLNUpLWGtsUnBJWDBieEZTZzlNdHRUODk4T21TYmlKcExqcUF0MjhjeDJ6ZE9tOFU0NE5VS1M0RzJnZNIB5gFBVV95cUxPTTZIZjRzQi1FVlJYSlI0OHVaMkNmRjkydXQzbXJFUzloRjh0cWY1VEthNzg5WGstd3g4VjFWLVRid251NWFNNUhFSERpNXdKaVJralNkeTJwX1JIVk1KVkVMLS10Zm9xUmtvS2M2Q0FmLWdJMXRQVWxsdVFuSTRPNEt5VzRSYjhTdnlqM3lyejFWNURNVklYTTVYbE01QkZueWFYdWRIX0l1NjBSS0U0d1h1aGx5ZXRFQmRZZ3YtLWRBS3FFX3Q4WlQ2SS1qektwNzRBNUQzUkNaaU5tNlVGSFp3WWY3Zw","",,"2026-09-02T07:00:00+00:00","""road accident"" Coimbatore","true","2026-09-24T17:31:49.052773+00:00","google-news","timesofindia.indiatimes.com","The Times of India","TNSTC bus driver killed, seven inured in road accident near Dharmapuri The Times of India","TNSTC bus driver killed, seven inured in road accident near Dharmapuri - The Times of India","https://timesofindia.indiatimes.com/city/coimbatore/tnstc-bus-driver-killed-seven-inured-in-road-accident-near-dharmapuri/articleshow/133712759.cms"
,"https://newindianexpress.com/states/tamil-nadu/2026/Aug/14/kerala-footballer-dies-in-vehicle-crash-in-kovai",,"COIMBATORE: A 45-year-old customs inspector and prominent footballer from Kerala was killed in a road accident in Coimbatore city on Wednesday.
The deceased, M Aseem Koraliyadan (45), hailed from Puthalam near Areekode in Malappuram district of Kerala. He was working as a customs inspector at the Coimbatore airport.
Around 10.30 pm on Wednesday, he was heading to the airport for duty on his two-wheeler when a tipper lorry hit him near SITRA junction. Aseem suffered a fatal head injury.
The Traffic Investigation Wing (TIW), Coimbatore East, sent the body for post-mortem. The lorry driver, Dinesh (35) from Sulur was arrested for negligent driving.
According to sources, Aseem was a former Santosh Trophy footballer and a prominent Indian domestic player. He was the twin brother of former footballer Anees Koraliyadan and represented both Maharashtra (2010) and Tamil Nadu (2013) in the Santosh Trophy and played in the I-League.","935","CBMisAFBVV95cUxPcEZPWTdqakVBZjZHTmJIckJTcjNaaU80R1k0X3p4R25hVlU3Um9DSjR4cHViZUNFT0VWeEZQV1FUX1NTbklNel9KRFZZRWgwYUxLclZncFQ2OWg0WkRNclZybkRyRU42S2J3UXA0QzF4M2NYLTlmQVZRcEJiYk40akVUNmdzX3cxY2dmTTdNVUZmS3FSaHA5UkxBbTZLMy03eDcxbE9aYzhsOW9QV3drZdIBvgFBVV95cUxPd3NMTUVuYWk0c2JVUEd3dTV4bUpBYkVrbjRVenE2MDJFS1VqVk9NODBXczMwZkVpLTFBLVJla0l1c0R2SkdwbUp6Q2lzVjJqcHV0S0pQaWhjQU80amRNQm5yZkdMVG1DYUdzWlUxN1BacXFXa3VualVxcVhXUG52ZW1MWFBoUG96ZWxicHFmb0l5ZDVJc0pkWFFLRk5BMGhkQ3h1OWozbFg3bUtqd0V0dlBGbUU0V2pqZUJhcTJB","",,"2026-08-14T07:00:00+00:00","""road accident"" Coimbatore","true","2026-09-24T17:31:49.052817+00:00","google-news","newindianexpress.com","The New Indian Express","Kerala footballer dies in vehicle crash in Kovai The New Indian Express","Kerala footballer dies in vehicle crash in Kovai - The New Indian Express","https://www.newindianexpress.com/states/tamil-nadu/2026/Aug/14/kerala-footballer-dies-in-vehicle-crash-in-kovai"
,"https://thehindu.com/news/cities/Coimbatore/former-professional-footballer-aseem-koraliyadan-dies-in-accident-in-coimbatore/article71341723.ece",,"Former professional footballer Aseem Koraliyadan (45), who played for Tamil Nadu and Maharashtra in the Santosh Trophy, died in an accident in Coimbatore late on Wednesday.
The police said the accident took place on Avinashi Road in the city around 10.30 p.m. when Aseem, who had been serving as Customs Inspector at Coimbatore International Airport, was heading to the airport for night shift duty.
An officer from the Traffic Investigation Wing (TIW East) said Aseem slowed down his scooter at the ‘U’ turn immediately before the airport junction and a truck that came from behind knocked down the two-wheeler. He was rushed to a private hospital nearby where duty doctors declared him dead.
The TIW East registered a case in connection with the accident and arrested the truck’s driver, Dinesh, of Sulur near Coimbatore. The body was handed over to family members and relatives after the post-mortem examination at the Government Medical College and ESI Hospital.
Sources said that Aseem, who hails from Areekode in Malappuram district, represented U-21 Kerala team, Vasco Sports Club, Salgocar FC, East Bengal FC and several I-League clubs during his long career. His twin brother Anees Koraliyadan is a football coach and former player.
Published - August 13, 2026 08:49 pm IST","1282","CBMi4AFBVV95cUxQWUctV0VzaVRzS0RlSF9CTC12dmtQVzIxN1cwUERiMlNuUmU3aGZjS3VBN3RqS0xNblE3QlhGMVd6dW14bXpsS21WRy1aMGloVjNlVURYMk4tVU5HLVMtenZyQ21CbktXRWlhQ3hWdVl6b3hzNFFlWFJmUE5fdXI4R3VFTnJMQ3hkdGdtVmZ4c1VQRHB1VDNtRjAtbGRUSjRPaDBReEtYWDhDNWJNcEpDb2wyLXZPNFVRbmxucVZxYUJhbkd0R3UtT0NaU181Mzg5YUptSnNLOUV0OHM4bVVLedIB5wFBVV95cUxPVFZNTEVDQVZaVnZ3cXFRVVpJbldxekROcEpURnVCZXB4WjVyUW91SUQ5eUt0VS03QzE3d0xXRnZQSkx0aTJpeDRpaGRSUzI3VVcyTV8yaHNKR1VEVjZZTVc2RGNrdTFmX3NGbl9XVWlZQldvZ0VOTEFaYVhBSjZJUWY0VlpGbW85N2N6R1FSU2N3UlB4S0NNUnJCVVVpcXI0WDdMYU1yOFVGRlVKVG00YUlYWnotR1ZsanZ5bEdVS2dHczVoNGQ0aFZBb0NRdEJZeGNiVmZQVlNhejR3MFU1RjlpQTd2S00","",,"2026-08-13T07:00:00+00:00","""road accident"" Coimbatore","true","2026-09-24T17:31:49.052966+00:00","google-news","thehindu.com","The Hindu","Former professional footballer Aseem Koraliyadan dies in accident in Coimbatore The Hindu","Former professional footballer Aseem Koraliyadan dies in accident in Coimbatore - The Hindu","https://www.thehindu.com/news/cities/Coimbatore/former-professional-footballer-aseem-koraliyadan-dies-in-accident-in-coimbatore/article71341723.ece"
,"https://thehindu.com/news/cities/Coimbatore/two-die-eight-injured-in-accident-near-annur/article71118020.ece",,"Two persons died and eight others suffered injuries in an accident involving two multi-purpose vehicles (MPV) and a moped near Chettiyar Mill bus stop at Pasur on Annur–Sathyamangalam Road on Thursday (June 18) afternoon. Police identified the deceased as Parasuram (42) and Palanivel (52), natives of Mannargudi.
According to police, an MPV, driven by K. Marimuthu (42) of Ponnegoundanpudur, tried to overtake a moped proceeding towards Puliampatti from Annur but collided head-on with another MPV, carrying Parasuram and three others, heading to Annur.
Parasuram and Palanivel, who suffered serious injuries, were rushed to the government hospital in Annur, where doctors declared them dead on arrival. Vikram (23) and Sathish (22), who suffered multiple injuries, were hospitalised.
Marimuthu, his wife M. Jothimani (38), R. Pannari (60), his wife Rukmani (58) and her son P. Murugan were admitted to a private hospital at Thirumuruganpoondi. Moped rider M. Devanan (73) of Kariya Goundanurwas also hospitalised due to injuries, said the police.
The Annur police registered a case.
Published - June 18, 2026 07:26 pm IST","1123","CBMisgFBVV95cUxPaWU5ZVpNaXZGMnlxTjFzSlAyZHk5ODZDTUF2UnMzdmhCSjRtaGVrbHljU2k0dS13cXBrRFo3WjNfQnJhMUcySlYtU2kwY2hmU2EtUTJFbkJFQk44dkFUUkdPSmRkRWlXU25oZlZFWXduXzNZNmkxVmJDQllKT21Rd1h4clpCTE91N1FuVXJSMWtxNnVyUWtMWFZqaFM5b0dFaFd2TGR2ZUJyUzhsTlhFZDZB0gG4AUFVX3lxTFBmcGl2SVhEZzA0dG9EREk5dGZRUXAtRlZpbUtaWXFjTHQ2LUtXMHhRSXhXdEhRVHMzSVdFa01MY3otQWQzcVdQeDlmTks1Z1AwWnktSjFYbzVza18xTTlwUVZTUHUwc0N6U3lQeFN4SFJLdTRsQTBuQ2VmcGxyaXdiS25kZDJZVlV2U0EtcjQ4Y2FyYi14YWV1S1Nua0dDakZOUHdnb01LaVhSb2pFaEtnbHVHNjR6OGo","",,"2026-06-18T07:00:00+00:00","""road accident"" Coimbatore","true","2026-09-24T17:31:49.053074+00:00","google-news","thehindu.com","The Hindu","Two die, eight injured in accident near Annur The Hindu","Two die, eight injured in accident near Annur - The Hindu","https://www.thehindu.com/news/cities/Coimbatore/two-die-eight-injured-in-accident-near-annur/article71118020.ece"
,"https://thehindu.com/news/cities/Coimbatore/accident-hotspots-increased-from-35-to-69-in-coimbatore-city/article71033442.ece",,"The police have identified 69 places in different parts of Coimbatore city as accident hotspots. The traffic police wing of the Coimbatore City Police identified these hotspots based on recurring instances of accidents getting reported.
According to the police, a place is marked as an accident hotspot when three fatal accidents or seven non-fatal accidents are reported.
The police had already marked 35 places in various parts of the city as accident hotspots. After analysing the patterns and statistics of accidents reported in the city, the police identified more hotspots, taking the number to 69. Avinashi Road alone has seven such spots.
Officers said that the police have stepped up increased surveillance and road traffic management at these places to curtail accidents. Measures will be taken to correct road engineering faults, if any, at these places.
Published - May 28, 2026 05:48 pm IST","903","CBMixwFBVV95cUxQbHJYMVFFMmpZQWNXY3pLcUdFNkg4djVxa2gweGI1UHhxNGw3WnZHOWN0SWUyWnZCMjdrdm5YOThTWUIyTHhiUnZiVWRhV1BubUZrdUtGQTVJTmxmNkJtUG9mQnpsNWhBdFVTMkVhYnhxUURwSVg3V09kS1ZISFM0a3BQSDRoVmJiY1FpdmtGSjBtWE1RcEJ4d3hZZnNhM05udUFheTFxZ2xPRFZjdUx6RXZOcDhTTHhaYTRrVWlQVkcyN3pSZzRV0gHOAUFVX3lxTE1mNlE0RFdaeW1oVXpZYzhIVktBdzE3ZmNrWTRzY2VkRnprT1ptQXdhUm9zSXd0bVNET01EREJBLUpaX1phRG95TmpLd1lKcGJqeWR5RHBSRFliVFk5Z2hNbHkxRVhKXzFNeHhBbEZMQ01YQWNIZFZiVDA2LUM2NDNSSnh1SFZOOHJGdXZaXzlxZWFtdDV1V0NTaXVVbzVvY2NfWGUxUktMa0ZOQmZ2WnZKcVBRZHhWZmxBZi1VeHVlVDlmN1RfZEZxeU1KMk13","",,"2026-05-28T07:00:00+00:00","""road accident"" Coimbatore","true","2026-09-24T17:31:49.053164+00:00","google-news","thehindu.com","The Hindu","Accident hotspots increased from 35 to 69 in Coimbatore city The Hindu","Accident hotspots increased from 35 to 69 in Coimbatore city - The Hindu","https://www.thehindu.com/news/cities/Coimbatore/accident-hotspots-increased-from-35-to-69-in-coimbatore-city/article71033442.ece"
,"https://timesofindia.indiatimes.com/city/coimbatore/two-men-die-in-road-accident-near-kishnagiri/articleshow/132711783.cms",,"KISHNAGIRI: Two men died when a multi-purpose vehicle (MPV) hit a two-wheeler they were travelling on near Krishnagiri on Tuesday evening.
The deceased have been identified as M Ajith Kumar, 28, and V Janarthanan, 26, of Thogarapalli village. Their friend, S Gnaneshwaran, 24, suffered serious injuries in the accident.
The Pochampally police said the accident happened on the Krishnagiri-Thiruvannamalai road around 8pm when the trio, who were labourers, were returning home after attending a funeral at Billakottai. The speeding MPV hit their two-wheeler, and the trio fell on the road. “Both Ajith Kumar and Janarthanan died on the spot while Gnaneshwaran suffered serious injuries,” said an officer at Pochampally police station. 
Police recovered the bodies and sent them to the Krishnagiri Government Medical College and Hospital for postmortem. The injured man was admitted to the same hospital.
Relatives of the deceased and the public gathered at the accident spot and held a road blockade, demanding additional lighting on the road. The protest affected traffic for an hour on Tuesday night. The protesters dispersed after police held peace talks with them.
The Pochampally police registered a case.","1209","CBMivwFBVV95cUxOQWdDY1hYVVNDaEFuaWF6dktCMFhsYWh2d2s3MlZoeU9XR1laclJLcnVCdlFueF92bUJJWGRQYUxoLXdJUEVJUzFEbS1uYlhSOTl6YWJTLTlYV0lJVDJSdnYwa053QnpJV0FXTzFpSGREalpaVUJCUExwcjZKVU5FX3ZhN2lFdklPQzkwTzNFVGd2bU55WWFZWEN5WEw3ako3c2ZrMkRhQ1VRalhxa0RIV24yYXRXeHRvaks0YUVkd9IBxAFBVV95cUxQTEZoQm80bFZzbUNLeF9mY2hkcWRBQTZkUy1Db1lWaFdEOTBDclhOX0NYWWtrc3ZoN0ZsUjdZbnF0OHhiejVheGVSNVJJMVAwSTFCaVdaVXlqeHdqeUFWWHo1c1p5ZHY1WjJKa2ctdVJoNWFTVXJJbGVTOVp3emJtM1dibHdZV3BsejBSaURFMndiRHdWZE01cTBvN3lSc0ZHR0xsUnZ1c3RMVVQ1VFNJMENySVRqSGxWU1lpanozeTVOM3V5","",,"2026-07-29T07:00:00+00:00","""road accident"" Coimbatore","true","2026-09-24T17:31:49.053379+00:00","google-news","timesofindia.indiatimes.com","The Times of India","Two men die in road accident near Kishnagiri The Times of India","Two men die in road accident near Kishnagiri - The Times of India","https://timesofindia.indiatimes.com/city/coimbatore/two-men-die-in-road-accident-near-kishnagiri/articleshow/132711783.cms"
,"https://thehindu.com/news/cities/Coimbatore/four-die-in-accident-at-negamam-on-pollachi-palladam-road/article70965741.ece",,"Three members of a family and their relative from Salem lost their lives after the SUV they were travelling in collided with a truck on Pollachi – Palladam Road at Negamam in Coimbatore district on Monday.
The police said that K. Dhanapal (37) from Kadayampatti in Salem district, his wife D. Menaga (35), their daughter Kaniska (17) and Menaga’s niece Sneha (23) died in the accident. Dhanapal’s son D. Surjith (12) suffered severe injuries.
According to the police, the accident took place around 1.45 p.m. when the SUV with five persons on board was heading in Palladam direction. The SUV had a head-on collision with a truck in the Pollachi direction, killing Dhanapal, Menaga and Sneha on the spot. The SUV was mangled in the impact of the collision, trapping the passengers.
Kaniska and Surjith were immediately shifted to District Headquarters Hospital in Pollachi and the former was declared brought dead by doctors. Surjith, who suffered multiple injuries, was shifted to Coimbatore Medical College Hospital after being given first aid.
The Negamam police secured the truck driver, M. Saravanan (39) of Santhampatti in Krishnagiri district, for alleged negligent driving, resulting in the fatal accident. The bodies of the deceased persons were shifted to Pollachi GH for post-mortem examination. The police have launched an investigation.
Published - May 11, 2026 07:32 pm IST","1386","CBMiwwFBVV95cUxNbVFxZ2ZNSTNYUU5GYmEwekMyV194M3F2OGxJd0J3bjMtVW5SQ21RZWpJaXVlQ2h6emQ2b045TjNXY3ZLbThHYWlGZU9UbWxvdjZQMTliczVGc2hCbDNxckxNQlBQUTZCbl9hTXhIaDlUTE9yU3Mydy1WYmluMWc3SzJhSDdnY0tCYnZhcndGWjJhZkFoeUMxdHYzQmI0cFlaQlU2bEZqd2ZkRGthZHZucUozR2hpeV8zdzNpSzVGb0gybDTSAcoBQVVfeXFMTUZOYVIwR0NwcU1CTGI4dVI5NWY5QXpTaDc3eFFFZTJuTjBROE8yS3haMENFYy1vODdPdmpyX3R3eWFJQzJEYktUUzhJOHBoVmRtNEdFWlNnNU9FSzJYRG52Y2lxUWFNQ0Fkd25jU0VwbndCYkpxdGZkT3FvZVRIeElwUXhhM0JkQzM2MVgtZ2RfYWJ0akRfOXUzbWRVbUMydHROdnpvVmREMndQU2tGd3o3NkVNbmxMeHRqTHMzVF8xbElHZmVQQm5pQQ","",,"2026-05-11T07:00:00+00:00","""road accident"" Coimbatore","true","2026-09-24T17:31:49.053426+00:00","google-news","thehindu.com","The Hindu","Four die in accident at Negamam on Pollachi – Palladam Road The Hindu","Four die in accident at Negamam on Pollachi – Palladam Road - The Hindu","https://www.thehindu.com/news/cities/Coimbatore/four-die-in-accident-at-negamam-on-pollachi-palladam-road/article70965741.ece"
,"https://timesofindia.indiatimes.com/city/coimbatore/six-of-family-die-in-car-tanker-collision-in-tirupur-district/articleshow/132315697.cms",,"COIMBATORE: Six members of a family, including two children, died on the spot and a woman suffered serious injuries after their car collided head-on with a diesel tanker truck near Uthukuli in Tirupur district on Friday afternoon.
 The deceased have been identified as S Easwaran, 55, of Saminathapuram in Salem, his wife Thirumagal, 50, his son-in-law M Mugilan, 35, who was a college faculty member, Mugilan’s three-year-old son Srinith, his nine-month-old son Kanish, and Easwaran’s relative J Sivagami, 65. Mugilan’s wife Hema, 31, who sustained severe head injuries, was battling for life in the Tirupur Medical College Hospital, police said.
 According to police, Easwaran and others had gone to Palladam to attend the 30th day ritual of a deceased relative. The accident happened when they were returning to Salem via Uthukuli. Easwaran was driving the car. When the car reached near Kakkapallam close to Uthukuli, a diesel tanker truck, which was coming from the opposite direction, collided head-on with their car. The car was crushed completely, killing six occupants on the spot.
 After the accident, the tanker truck driver allegedly abandoned the vehicle and fled the scene.
 On receiving information, the Uthukuli police rushed to the spot, recovered the bodies and sent them to Tirupur Govt Medical College Hospital for postmortem. Police have registered a case and launched a search for the absconding truck driver.","1431","CBMi1gFBVV95cUxPN3ZwbzY0TEhmVTlxZ0NKNlZLbDRiNzgybDNic2JhTWpaelB1RWEtSW5CbUtUZnktVHJDMGRIX2hEU0U2a0tSMm9HWUZTQUF6UV9OMEpadkZxZlBqT2F5WHBwOVZTZFBXa09ObE9VZzQzb0NfbnNxRlp4Z0lDVWFVal9qcmtOdWpYUjAxSWJMZ2I3TEhWWDlKYkRqaS1vV1RNekp1WUY2TURzWUZEUjBfVXNXbFJrWnp2NGhXMlg1RUhMYWhUOXhZenJONkJBWHVQcl8zUFd30gHbAUFVX3lxTE9mUmxGQzdTR0tfQzcwWFZBTjFRLXFWVTc3X0RzdlBPeWduVGdPOVIwUmhtVERiaXZDVm0wYkFOT1dJRFN2QnhEOFdhUU0tLWkzNHVnaFlhQ0dRZFNlb1I2bDRqeEI4Smk2LXQ2WDE4QVVSbVdrZmMwbGROcEZmMlhENFBxN25VQXl1R09vU19DaVE4LWF3S0Fjc0dxbFkyWThCMjJKZXlTODZZV1lLU0hfWmt5SGlyUmdjeXFVQ3Y4bmhDOTM4ZHl2M0lMZzVpbnFEVzFRTlo2eVJLaw","",,"2026-07-10T07:00:00+00:00","""road accident"" Coimbatore","true","2026-09-24T17:31:49.054250+00:00","google-news","timesofindia.indiatimes.com","The Times of India","Six of family die in car-tanker collision near Tirupur The Times of India","Six of family die in car-tanker collision near Tirupur - The Times of India","https://timesofindia.indiatimes.com/city/coimbatore/six-of-family-die-in-car-tanker-collision-in-tirupur-district/articleshow/132315697.cms"
,"https://timesofindia.indiatimes.com/city/coimbatore/woman-dies-husband-and-daughter-suffer-injuries-in-krishnagiri-road-accident/articleshow/132516444.cms",,"KRISHNAGIRI: A woman died on the spot and her husband and two-year-old daughter suffered injuries when a motorcycle they were travelling on collided with a minitruck at Elumichampallam in Krishnagiri district on Monday.
The deceased has been identified as Sabeena, 26, wife of Saddam Hussein,32, of Kuppanatham in Tiruvannamalai district. The family was going to Dharmapuri Government Medical College and Hospital when the accident occurred.
As they attempted to cross the Elumichampallam stretch, their motorcycle collided with a minitruck carrying hay from Karimangalam towards Tiruvannamalai.
“Sabeena, who was riding pillion, sustained severe injuries and died on the spot,” said an officer at the Pochampally station. Hussein, who suffered serious injuries, and their daughter, who sustained minor injuries, were rushed to Pochampally Government Hospital. Hussein was later referred to Krishnagiri Medical College Hospital. 
The Pochampally police registered a case.","971","CBMi6gFBVV95cUxNbHk1ZUs0VHNTc1ZmX19FN3J0c3hzR0s3NzdaWlRUTTdKbzRlcnlVSXloUXdTWmczNlVqOFN3MmFYbjdmbm1CR3V6OFh2Sk5aSEVrMWNIMEhYdmp4RE5ESVhVb2QwOE9FR2JSMnE4anRUYTJXcHdCaVlUUjhISTJJU1NSVG9TYVBJQkVKNlFpUW1JTHJ4dGZXdU1Hd0p1R05SYm9vOS0xOWM0S2R4Y0kzYW1fYzJhSWRpZE01c1VfbWo1U2k1eFJycDhxQjg4eWlGQmRfdWFydWEzUWFBQVJzVjJyeTZGdDQzN3fSAe8BQVVfeXFMT1dkYjNmMkxBX1YwTmlKUFJtWlVDbUlQeURkU0xSSURPcEhmMjcwR2NHbG9GMFhiVXpXOHc5WGtPWHc3b0VDRm1BVC1LTHlyRG1GUEZINEQwOFNoX0VfS3NiQURKNWVXbV9LUGozWkEySUp5R0gtdTlYYktadzFOMlhRRWtnZFJ4eWgzNWVOYnVmVERBdWFWMFdfZTh2OGVXZ2dPLVBXNFNpUVJjN0xfNTA2aXlydlRaSFV4RHNsMDRwSmQzbG1yMjZScVJ0MjR1eE9la2t4WjdMcDhDa2pFOG95ZHFjdjM4eGt0dGNQVUk","",,"2026-07-20T07:00:00+00:00","""road accident"" Coimbatore","true","2026-09-24T17:31:49.054304+00:00","google-news","timesofindia.indiatimes.com","The Times of India","Woman dies, husband and daughter suffer injuries in Krishnagiri road accident The Times of India","Woman dies, husband and daughter suffer injuries in Krishnagiri road accident - The Times of India","https://timesofindia.indiatimes.com/city/coimbatore/woman-dies-husband-and-daughter-suffer-injuries-in-krishnagiri-road-accident/articleshow/132516444.cms"
,"https://timesofindia.indiatimes.com/city/coimbatore/two-nepal-nationals-die-in-road-accident-near-dharmapuri/articleshow/131486812.cms",,"DHARMAPURI: Two Nepal nationals died after a pickup van hit the two-wheeler they were riding on near Indur in Dharmapuri district on Tuesday night.The deceased have been identified as M Harish, 45, a Gurkha security worker who lived with his family in Indur, and his relative, V Dhanraj, 42, who recently arrived from Bengaluru to visit him. The accident happened when they were returning to Indur from Dharmapuri. “Harish died on the spot, while Dhanraj sustained severe injuries. Dhanraj was rushed to Dharmapuri Government Medical College and Hospital. But he died before reaching the hospital,” said a police officer. Police registered a case and launched a search for the pickup van driver, who fled the scene after the accident.
V Senthil Kumaran is currently working as the Special Correspondent for The Times of India, focusing on the districts of Salem, Namakkal, Dharmapuri, Krishnagiri, and Erode.
As the sole representative for these five districts in Western Tamil Nadu, Senthil Kumaran covers a wide range of topics, including crime, education, and civic issues. He has exposed numerous scams and held several government officials accountable for their actions.
In addition to his journalism work, he holds an MBA in Human Resources, an M.Sc. in Psychotherapy, and an LLB, along with a BA in English Literature.Read More","1334","CBMizwFBVV95cUxOT2dJTEt3VFdiekY3c3ZOSnV4YVdGTHA2S25oWWl2aEpIcWYyR21BbUpBZWFDZ3dlUlZPMzJacTF2YWR3RUUxcTE3OXZCUGlsMkZyV3drd2VzUEJ5aVhDTDMteFFhdG1sLXVjYTlzdWFqWENLb3g4NXJPaWFSeFVJRm9NVzI4cTk2Sm92YlprYjRKS1hReVU1MEhtV2dMQlhhUUdCaDRHRHhNUUMyeC03d2dJSjhnVzNVSEJBQzVnNEJLRVNZZ3BQYUIyZGFrRHPSAdQBQVVfeXFMTXJGVnZ1YVB5U0lPTzVlYnhCeDRSWDE0TDhZaDRHekJjalBQd29SNWJ6cDFPSHFtTk14QXJyV1o2Rmx4OXdSU3NlVG9iMEJSTVFxWl9fWVFmZkZ1MWRscmFKWWk1akxUS3BSQnc2RGc1UEtWcHhNb09IeTY4M1dhQi1LWkVfcEtGc3JJaFYtTWxuUUw4cWp3SWFyc001cnRYZ282bTk5b0Z6UGxGUGtpc3JneGRtSUZlcmUxY09CR1BrZVVPZVM2WWZwWC1hMHhfS1BfdXc","",,"2026-06-03T07:00:00+00:00","""road accident"" Coimbatore","true","2026-09-24T17:31:49.054399+00:00","google-news","timesofindia.indiatimes.com","The Times of India","Two Nepal nationals die in road accident near Dharmapuri The Times of India","Two Nepal nationals die in road accident near Dharmapuri - The Times of India","https://timesofindia.indiatimes.com/city/coimbatore/two-nepal-nationals-die-in-road-accident-near-dharmapuri/articleshow/131486812.cms"
,"https://timesofindia.indiatimes.com/city/coimbatore/two-youths-die-in-tn-road-accident/articleshow/131664132.cms",,"DHARMAPURI: Two youths died and another suffered injuries when a motorcycle they were riding triple on rammed the median of the Harur-Salem road near Pappireddipatti in Dharmapuri district on Thursday evening.The deceased have been identified as Vignesh S, 23, and Madhankumar M, 19, of Elandakottapatti. Their friend, Sundaram S, 23, suffered injuries. “When they reached near Kumarakottam wheat mill, Vignesh lost control of the motorcycle, which rammed the road median,” said an officer at the Pappireddipatti police station. The all three were thrown off the two-wheeler.Vignesh and Madhankumar died on the spot. Sundaram, who suffered serious injuries, was rushed to Pappireddipatti Government Hospital for first aid and later to Salem Government Mohan Kumaramangalam Medical College and Hospital. The Pappireddipatti police registered a case.
V Senthil Kumaran is currently working as the Special Correspondent for The Times of India, focusing on the districts of Salem, Namakkal, Dharmapuri, Krishnagiri, and Erode.
As the sole representative for these five districts in Western Tamil Nadu, Senthil Kumaran covers a wide range of topics, including crime, education, and civic issues. He has exposed numerous scams and held several government officials accountable for their actions.
In addition to his journalism work, he holds an MBA in Human Resources, an M.Sc. in Psychotherapy, and an LLB, along with a BA in English Literature.Read More","1448","CBMisgFBVV95cUxPX3UyU0dxTUUxOHNhLUJLT2F6Y29TUjAzQnBlYVVDdW9RdHhUXzNSTWxFd08zOW9ibzFDRGtkZlVFRnVKQnhnaWFpNlZyUGtTUFVKMkRROFR5ZkZ1Wl9ZR1dVVGVYSEJCazUzd25OV2VNcjRNbzVZLXgxX1lHb3NGSl9YbUk5WXBBc0JNcFA4Y3dkQlZxVFBMcXVqd0doX3dnSnV0NlBYTG5HNW1MdWdIcVNB0gG3AUFVX3lxTFBaZlBDYmNPSXZFYmpSX2ZhaGVtcTRXRlBYdUY0cE5Nanc0RGQ0VWJrVXdKckJUOUdqNUlENDdCeE1RZnBxcUhGVjRYMWFNMTRROUxRWS1GcHRhTS1xUGZjQTVuU1RaSDRTdndncEpwREpPbXQtUllpc1czMlNSbkhlSTFUUy1LVVBVWVZ5elZaczJOMXRoanJjbDJhWTd0SmMtM3JiNTdRZ1gxWUxvZ1Uxb3l4R0RRbw","",,"2026-06-11T07:00:00+00:00","""road accident"" Coimbatore","true","2026-09-24T17:31:49.054482+00:00","google-news","timesofindia.indiatimes.com","The Times of India","Two youths die in TN road accident The Times of India","Two youths die in TN road accident - The Times of India","https://timesofindia.indiatimes.com/city/coimbatore/two-youths-die-in-tn-road-accident/articleshow/131664132.cms"
,"https://timesofindia.indiatimes.com/city/coimbatore/two-coimbatore-youths-killed-in-bike-accident-near-pollachi/articleshow/131723897.cms",,"Coimbatore:
 Two youths died in a road accident on the Coimbatore-Pollachi Main Road on Sunday morning.
The deceased have been identified as M Siva Shankar, 21, a two-wheeler mechanic from Kuniyamuthur, who was riding the bike; and A Abip John, 21, from Ukkadam, an employee at a car accessories shop, who was riding pillion. They were part of a group of friends heading on a trip to Valparai.
Police said the accident took place around 9:20am near the Cheran Nagar Arch on Pollachi Road. “Siva Shankar was riding the motorcycle at high speed, and lost control while negotiating a curve. The bike crashed into the central median and crossed over to the opposite lane, where it was hit by an oncoming private bus,” said a police officer from Mahalingapuram station. He added that both suffered severe injuries and died on the spot. Police recovered the bodies and sent them for a postmortem at the Pollachi Govt Hospital.
Meanwhile, a bus passenger, T Sivakumar, 47, from Salem, suffered minor facial injuries and is being treated at the govt hospital in Pollachi. 
A case has been registered and an investigation initiated.","1123","CBMi0wFBVV95cUxOMWUycmFJTjBYcmZQZ244dGVOX0ptTG8tYjhqZjV5TnBhb0JDZTlCUi1MN0sycU43bllrN3YzdkhhWmw1dEJJNWJMN3Bma05GdlBTMDFiQktBMk8zX0t0NTVubEpabWJfOVBXZVVFdVhBUVAyNUV3MnBoSk50cmlyZlJCVU4tRTROc0pWd09uc0d1WmdSR3NLZE90RUxfMmJSRmhWMk1VMkVxbTF0TkQ0Z2JZR3gzNFJHTTJWeVlhQ002aVZ0XzZWQ0V6cUpLcko4M05j0gHYAUFVX3lxTE52NkwwVmVFZW5TN1RURXZQRFFVUE1FdUtwaGxYbWV1NHI3UWRVam41Y0d4U0d5d3ZSSGdUemdLUTY5NXJudy1aWFBySU5JUnF2bnlGSjRWaW9xYnJaaUNuY0NKTWhVMG5Eay0yaWhsVlZoSFdreVREWjRsVzlZVjVvTEhjazRVUjFyN3A0Y2xoVGhTdzE3a0w5OTZBOWh0ODJ3VUpjZGY2dk5CSUtrMUg4Mmxrd1FUbnk2YmdDUkZjQ3hpUi1xTlV0eHJmVFdvS0lWbFMybEM2eg","",,"2026-06-14T07:00:00+00:00","""road accident"" Coimbatore","true","2026-09-24T17:31:49.054529+00:00","google-news","timesofindia.indiatimes.com","The Times of India","Two Coimbatore youths killed in bike accident near Pollachi The Times of India","Two Coimbatore youths killed in bike accident near Pollachi - The Times of India","https://timesofindia.indiatimes.com/city/coimbatore/two-coimbatore-youths-killed-in-bike-accident-near-pollachi/articleshow/131723897.cms"
,"https://thehindu.com/news/cities/Madurai/couple-from-pollachi-killed-in-road-accident-15-others-injured/article70997633.ece",,"A couple from Pollachi in Coimbatore district was killed in a road accident near here in the small hours of Tuesday.
The police said a group of 22 people from Malaiyandipattinam near Pollachi in Coimbatore district were going to Subramaniya Swami Temple, Tiruchendur, in a van. When the van was about to cross Muthulapuram on Madurai–Thoothukudi four-lane national highway, the passenger vehicle hit from behind a stationary container lorry, in which the van’s front portion was damaged.
As the pilgrims could not come out of the vehicle, the Masarpatti police, led by Inspector Pavul Yesudasan, and Fire and Rescue Services team from Kovilpatti rushed to the spot and rescued the victims, who were sent to the Government Hospital at Ettaiyapuram for treatment.
While Vijayan, 53, died on the spot, his wife Kalaivani, 46, died at the hospital. After first-aid, 15 more injured were taken to Kovilpatti Government Hospital and Thoothukudi Government Medical College and Hospital for treatment.
The accident affected traffic on this busy road for a while.
Published - May 19, 2026 06:28 pm IST","1092","CBMixgFBVV95cUxNdmJVZ2x0ZTlXX1R2Z0xNdlZucDZOdXR5TDY0Y0lCUURicE5oM2U3MDBIT0JPeEp0LVdUWFRpSmdLcE9KQkJGUVZjUDA5LTgtTXdaWUxPd1gtX3VWUnVDaHd5YlZSOVhUYTVJSmJfZjI0LWlsNFJPUEVIQmd0MklCVEg0VkJIcnUyNjBQUFVBLXNNODV6QlBBSmZURkJScHRQWU56X0xyeDE4UUFwa2VUZXlobGc5bUNjSXJBUE55VEtNSFFSQlHSAcwBQVVfeXFMT28ydkJNbTd2cVp6MnpCR25kTXdqWi1BYVpLdy1GQ25OTkRIcFNXeUlfRDhfeTQ2aWloTzR5d2NNRUZiT0c2NEg4dXVtMWt4NUx1TXZyb3YtbUxfLUlUampZVHAxQjJVMFJUQlI1bGpXSzI4UG56ZkRZQWdJWVFWcmJSRGJEV1RpdVYwaVItY3lkSU1UZ3J6WHlMdWtxR3dPa3ZSai1GazVUdFVEaEphN2txZ3huQktVcVZ1WXdadDlZSzBONk1TT1Exa0dh","",,"2026-05-19T07:00:00+00:00","""road accident"" Coimbatore","true","2026-09-24T17:31:49.054614+00:00","google-news","thehindu.com","The Hindu","Couple from Pollachi killed in road accident; 15 others injured The Hindu","Couple from Pollachi killed in road accident; 15 others injured - The Hindu","https://www.thehindu.com/news/cities/Madurai/couple-from-pollachi-killed-in-road-accident-15-others-injured/article70997633.ece"
,"https://thehindu.com/news/cities/Coimbatore/valparai-accident-overspeeding-on-ghat-section-suspected-main-reason/article70889876.ece",,"Speeding is suspected as the main reason behind the accident of the van carrying tourists from Malappuram district in Kerala on the ghat section of Valparai – Pollachi Road on April 17 that claimed 10 lives.
A senior police officer in the know of the investigation said the van, which had 12 passengers and the driver, is suspected to have veered off the 13th hairpin bend, when the driver attempted to negotiate the curve without reducing the speed.
The officer said the van’s driver Muhamed Fasith (21) was at the wheel when the accident took place. Mr. Fasith and Shahadin (11) are undergoing treatment at the Coimbatore Medical College Hospital (CMCH), according to the officer. Noushad Ali (39), who was admitted to the hospital with the duo, died without responding to treatment early on Wednesday (April 22, 2026). Another injured, Masneen (10), had been shifted to a hospital in her native district.
Meanwhile, the police officer refuted reports which said that Noushad, a school bus driver, drove the van at the time of the accident. “There is no evidence, yet, to state that Noushad drove the van. Our primary suspicion is that inexperience of the driver coupled with speeding at the hairpin bend led to the accident,” added the officer. The police shifted the van from the accident spot.
An official from the Regional Transport Office, Pollachi, said the van was completely damaged in the impact of the fall from the 13th hairpin bend to the ninth hairpin bend. “We could only carryout site inspections as the vehicle could not be examined due to heavy damage. We are also unable to ascertain whether the vehicle had any technical glitch like a brake failure,” said the official.
Published - April 21, 2026 11:03 pm IST","1730","CBMi0gFBVV95cUxOVWxZSHZOYU8yQTdzcS1NRHFhTnF4S1FSQ25XakhYdmI3RTMtWjh6eHVHS2o2RDdGVjBKYkdsTjMxOVo0VTFZbU9ieHlkeVc4YXNDZEJZWVZmM3d6QzNwUzQyWG8zZ0F3dzdzTWJyVVVMMUZsZTdCZW1USnJWWlMxQmNWMGNncmdfaUF1SHdjcV95SkxmeDdMUXBrZldsZWoxOC1iQkhFY19FUmk0S3BkRzNRTU5CamI5Sy1CQ0F4NzBzeUpwYVZWM2tlVzRITDRwc1HSAdgBQVVfeXFMT3NGWE15ZkdYN0phT1dHM2dWbFVjME9QUFhWZ3R3ckExclVScGh3V2xwcmxsbk5lSC12QmhPWnh3OTJycldWQ1V1a0dnUFc2OVpMak0yVGxqN1RqR2paUF9Pa2Y3SThPVVlKX0RBeC10WHJWNEYyU1JZbFNhcmd1aW5vdUVkaUNzUXZ6TlpEOWRFRGpsRF8tVlp6LUZobVpxNTB3ZmhRcXNQWDVSZ25vUG1MS19KY19uRWtUUUZ5akFkenpjRmZiUHI4aV9tQXJEQnNhd1dZd0pj","",,"2026-04-21T07:00:00+00:00","""road accident"" Coimbatore","true","2026-09-24T17:31:49.055030+00:00","google-news","thehindu.com","The Hindu","Valparai accident: Overspeeding on ghat section suspected main reason The Hindu","Valparai accident: Overspeeding on ghat section suspected main reason - The Hindu","https://www.thehindu.com/news/cities/Coimbatore/valparai-accident-overspeeding-on-ghat-section-suspected-main-reason/article70889876.ece"
