"author","canonicalUrl","country","fullText","fullTextChars","guid","imageUrl","language","publishedAt","query","resolved","scrapedAt","source","sourceDomain","sourceName","summary","title","url"
,"https://thehindu.com/news/national/tamil-nadu/two-youths-killed-in-road-accident-on-chennai-bengaluru-highway/article70338790.ece",,"Two youngsters were killed in a road accident after a car hit the two-wheeler in which they were travelling at Minnur village near Ambur town in Tirupattur on Chennai-Bengaluru Highway (NH-48) on Saturday.
The deceased were identified as residents of Minnur village S. Sanjay, 19, and R. Gunal, 20. Initial inquiry revealed that along with their friend M. Bharat, 18, a local, the trio were riding a two-wheeler on the stretch when a car hit the two-wheeler. The two-wheeler rider, Gunal, was trying to cross the accident prone stretch when the incident occurred around 3 p.m.
In the impact, two youths were killed on the spot while Bharat was badly injured. Other motorists and passersby rescued the injured person immediately and admitted them at Government Taluk Hospital in Ambur town. They also alerted Ambur Taluk police, who inspected the spot.
The occupants in the car, which had a Karnataka registration number plate, fled the spot. Special teams have been formed to nab the the car driver. A case was registered and a probe is under way.
Published - November 30, 2025 05:00 am IST","1090","CBMizgFBVV95cUxOMVdQX0Fsa1UybTVCaEtMWTBtZ0NSRGtMQW5fR19JTmllZDdhYjRwNjhydldoYUtDbUJFVk1vb2lsM0hFZG8zbmNNLThfaFdYLWp0VVAzQmhKbzBLT3VZMFgtMjQtdVdXYmFzNUYzWE03R1pPTGM4bmlaV3ZESjZwN3BCRmlMV3VGeTNjQml1bmg1OV9renNGcTIzdGFxV0JYUF90YVFFMVFCb2gwT3gwbDFMX0pGc3hOanJhWXhkMjJRbEZtTnJubjJNR2RKZ9IB1AFBVV95cUxPN3hCUjNDM3YxTXZlNFNmMThGRzVrdV9IUkNsdUZHZy0zekVYamhSSXBuUGhiVXQ1YTV3REoxRzZyQWlxenZmWVhYODBySWJzOTkzdGxsZC10Uzk1YXEzaHllNEdwTGxGS2VoMXgxTUlvcnQ0SW1BWWkyRm5NZzFrLUM3Q1RYQ0FSS3g3emtDZkx5UmgtLXFOWEI2OW5ZdU9IYUJrcHRUMl9LV3d6MGNjckV1TGkwZnNEWGY2VllsMk1rNnBheDlxRFFqQzExX01WbGkweg","",,"2025-11-30T08:00:00+00:00","""road accident"" ""Bengaluru"" ""Karnataka"" after:2022-12-31 before:2026-01-01","true","2026-09-24T19:04:05.585009+00:00","google-news","thehindu.com","The Hindu","Two youths killed in road accident on Chennai-Bengaluru Highway The Hindu","Two youths killed in road accident on Chennai-Bengaluru Highway - The Hindu","https://www.thehindu.com/news/national/tamil-nadu/two-youths-killed-in-road-accident-on-chennai-bengaluru-highway/article70338790.ece"
,"https://bangaloremirror.indiatimes.com/bangalore/others/1-accident-every-11-hrs-1-death-in-12-hours-on-city-roads/articleshow/123348184.cms",,"1 accident every 11 hrs, 1 death in 12 hours on city roads
Bengaluru records an average of two accidents every day and one death every 12 hours, according to government data spanning the last five and a half years. Transport Minister Ramalingareddy  disclosed that between 2018 and mid-2023, the city witnessed 21,910 road accidents, resulting in 4,154 fatalities and 16,247 injuries. While overall road accident numbers in Karnataka have slightly declined in recent years, Bengaluru remains the city with the highest number of accidents and deaths.
Across Karnataka, 2,13,192 accidents over the past five and a half years claimed 60,115 lives. The government has introduced multiple measures to reduce road accidents, including stricter enforcement by the Transport, Police, Law, and Public Works departments.
Minister Ramalingareddy highlighted that reckless driving, over-speeding, drunk driving, and not wearing helmets are the main causes of accidents, particularly among young riders. These factors significantly contribute to Bengaluru’s high accident and fatality rates.
Vehicle registration in Karnataka
The state currently has 80,43,253 two-wheelers, 1,17,34,448 four-wheelers, 7,14,380 heavy vehicles, 2,57,321 tractors, and 2,89,977 yellow-board commercial vehicles registered with valid driving licenses. Despite these numbers, road safety continues to be a major concern.
From 2020 to 2025, Karnataka has seen a rising trend in road accidents and fatalities, with 34,178 accidents and 3,760 deaths in 2020, climbing to 43,440 accidents and 12,321 deaths in 2023, followed by 39,228 accidents and 10,319 deaths in 2024, and 21,937 accidents with 5,975 deaths so far in 2025.
Bengaluru tops toll
Bengaluru has recorded the highest number of accidents in the state, with 21,910 incidents and 4,154 deaths over the last five and a half years. Mangaluru follows as the city with the next highest number of accidents and fatalities.
The minister emphasised that despite some improvements, Bengaluru still needs stricter enforcement of traffic rules and stronger public awareness campaigns, including helmet use, speed regulation, and penalties for violations, to make roads safer for all.
Across Karnataka, 2,13,192 accidents over the past five and a half years claimed 60,115 lives. The government has introduced multiple measures to reduce road accidents, including stricter enforcement by the Transport, Police, Law, and Public Works departments.
Minister Ramalingareddy highlighted that reckless driving, over-speeding, drunk driving, and not wearing helmets are the main causes of accidents, particularly among young riders. These factors significantly contribute to Bengaluru’s high accident and fatality rates.
Vehicle registration in Karnataka
The state currently has 80,43,253 two-wheelers, 1,17,34,448 four-wheelers, 7,14,380 heavy vehicles, 2,57,321 tractors, and 2,89,977 yellow-board commercial vehicles registered with valid driving licenses. Despite these numbers, road safety continues to be a major concern.
From 2020 to 2025, Karnataka has seen a rising trend in road accidents and fatalities, with 34,178 accidents and 3,760 deaths in 2020, climbing to 43,440 accidents and 12,321 deaths in 2023, followed by 39,228 accidents and 10,319 deaths in 2024, and 21,937 accidents with 5,975 deaths so far in 2025.
Bengaluru tops toll
Bengaluru has recorded the highest number of accidents in the state, with 21,910 incidents and 4,154 deaths over the last five and a half years. Mangaluru follows as the city with the next highest number of accidents and fatalities.
The minister emphasised that despite some improvements, Bengaluru still needs stricter enforcement of traffic rules and stronger public awareness campaigns, including helmet use, speed regulation, and penalties for violations, to make roads safer for all.
GALLERIES View more photos","3870","CBMi1gFBVV95cUxNYnIxR2duV0ZzaUJZTUdUZjE1Q0FhYWNQRlUxVGpjclkxc3VlY3Z2NTExdXlfZmNPNmpRbDYzR3c3bF9tQ04taFpNQUt3MS1ocHN2bXZRMjZSSDV5Zi1NUlhEUFBCc25NNEZRZW1od2FPMFllaXhSX2g3XzgyTWZSX3F5NFZITjZuZ3NOOEFSX1BOWFZ6dU56T3pIOW5SRHRXSlpoTzl3QWpuZnZnOGZ0bGd0LVo5LUw5ejVuZXJTWVlzN0gwQlFLQXkxcDA0NFFQUzZzbzNB0gHbAUFVX3lxTE5DUnhQckdFd0xCQjJnQVl4cVpuU1lpZ3ZBMHZ4UjBtVUd0N0dPNjA0NEZXRzFaTEp6QUxGMk0wbzVUZ0RjNk0yRTFLb1hZck9ocy1tVkRiVDk0a29DN1pxMjdwcFZkTDBfWEMzUG9mcjF3Y2MwaXlBQmw3Wmh2ZHJqMTN4dm1KYmdZZXliamVDd2VCS2phSklSZVR5Mno0M3VDYnNkdkhwOXowNldNMkJmRDJ0NzV5cUZjZGdlX3dOMkNYdXp1ZXN2b0xjT0FZUlYwRjhvcjZjS1UwWQ","",,"2025-08-18T07:00:00+00:00","""road accident"" ""Bengaluru"" ""Karnataka"" after:2022-12-31 before:2026-01-01","true","2026-09-24T19:04:05.585121+00:00","google-news","bangaloremirror.indiatimes.com","Bangalore Mirror","1 accident every 11 hrs, 1 death in 12 hours on city roads Bangalore Mirror","1 accident every 11 hrs, 1 death in 12 hours on city roads - Bangalore Mirror","https://bangaloremirror.indiatimes.com/bangalore/others/1-accident-every-11-hrs-1-death-in-12-hours-on-city-roads/articleshow/123348184.cms"
,"https://indiatoday.in/cities/bengaluru/story/bengaluru-student-dies-lorry-runs-over-her-jds-claims-pothole-police-clarify-hit-and-run-case-2795563-2025-09-30",,"Bengaluru student dies after lorry runs over her; JDS claims pothole led to accident
A 22-year-old student died in Bengaluru after being run over by a lorry. Police clarified it was a hit-and-run, but the JD(S) blamed potholes, sparking criticism of the Karnataka government over infrastructure management.
A 22-year-old student, Dhanushree, died in a road accident near Budigere Cross in Bengaluru on Monday morning. Deputy Commissioner of Police (DCP) Whitefield, K Parashurama, said it was a hit-and-run case, with the driver of a tipper lorry fleeing the scene after running over the victim.
The Janata Dal (Secular) has, however, alleged that the poor condition of the roads was to blame. The party claimed that potholes forced the student to lose balance, leading to the fatal collision.
Nikhil Kumaraswamy, state president of the JD(S) youth wing, posted on X: “Dhanushree, a student, lost her life near Budigere Cross, thrown off by a pothole & crushed under a tipper. This is not an ‘accident’, it’s Congress-made murder. While DCM & Congress govt celebrate power, Bengaluru bleeds on killer roads. Even shame has potholes, and @INCKarnataka has fallen deep into it.”
BJP MLA Mahesh Tenginkai also criticised the state of roads across Karnataka. He remarked: “Potholes are not just in Bengaluru but in entire Karnataka. We don’t know if potholes are in roads or roads are in potholes.”
Police have registered a case at Avalahalli Police Station and are investigating the matter. They clarified that it was a hit-and-run caused by rash driving, rejecting JD(S)’s charge that potholes were directly responsible.
An eyewitness, Murali, who was present at the spot, said: “The girl was on her way to college from home. Near New Baldwin School, there is a ground, and opposite to it, a big pothole. While she was trying to avoid that pothole and move ahead, a truck, which was being driven rashly, came from the opposite direction and hit her. The girl was thrown to one side and the vehicle to the other.”
Congress MLC Ramesh Babu described the incident as unfortunate and said: “Police are looking into the case to see if it’s due to a pothole or not. Usually two wheelers overtake from the left and it’s dangerous. We are with the family of the deceased.”","2262","CBMi8wFBVV95cUxOeXRCLVFWVWM3dWVvODFxWE9SeDVrTDU1TVp4N1VlQmZ0SFN3emJ2ODJsMXZ0ZzNka1VIcWtRNm9xWW1HZXVHQXFTcHBzOXF0UHp3OVhuNjBkN0lYTHhkdnRreUFrRGtDV2E3d2RRNS1qYlNqZlpMVHJydW1zMkVGdnF3cmtUTG9XY042aGVTLVk3T3R2U3FZRU1LbWxzY1JYUmJxOW8yY3lRQzVqWXFJSHhWUzRxa1Zwd3pyTUxuTV9jc3FjcGpDbTZRQ3VkY1c1cVI5UURlMEdmOTEydUlqSXZ5aEFHX2I0eVhVMEtFU0pXb1nSAfgBQVVfeXFMTVZHRF90VS1SYndGT3R6WnBHZUxzOGxaWDBZazJuUFJ4S0pOZ0lYOTZrenNqbEN2dTBXWWxYTTVEeTAwekxnMm53UldtR1JWUEJTSV9aZkQ3NGJiZlBnTHpLbk9GWDBka1gwNlZSUEpsRkVZZlNEU1NCQ3g3T1p1bzd1XzBDc084UGRweEZlTUlJc3pETmE1d19jLU1FRkJ5MW9EMHppUmNSWG02UkpKSjFJRXRJdmxCT0pCZHVoeXZ1eGhselpSeHR2MHBCQzhlOTVpaFNadkhSYV9Id0tkZVZHbTYwQ1JXaFpsMDU5Zl91Vi1nNkZBWEU","",,"2025-09-30T07:00:00+00:00","""road accident"" ""Bengaluru"" ""Karnataka"" after:2022-12-31 before:2026-01-01","true","2026-09-24T19:04:05.585249+00:00","google-news","indiatoday.in","India Today","Bengaluru student dies after lorry runs over her; JDS claims pothole led to accident India Today","Bengaluru student dies after lorry runs over her; JDS claims pothole led to accident - India Today","https://www.indiatoday.in/cities/bengaluru/story/bengaluru-student-dies-lorry-runs-over-her-jds-claims-pothole-police-clarify-hit-and-run-case-2795563-2025-09-30"
,"https://news18.com/india/chikkaballapur-karnataka-nh-44-road-accident-several-dead-killed-injured-bagepalli-police-8634006.html",,"Karnataka: 13 Killed in Road Accident on Bengaluru-Hyderabad Highway in Chikkaballapur
Chikkaballapur Accident Today: The victims were travelling from Bagepalli to Chikkaballapur and were on Bengaluru-Hyderabad NH44 when the mishap took place
At least 13 people have lost their lives in a road accident on National Highway 44 in Karnataka’s Chikkaballapur. The accident took place after a car, an SUV, collided with a stationary truck on the Bangalore-Hyderabad NH44.
The victims were travelling from Bagepalli to Chikkaballapur when the accident took place, Bagepalli traffic police said.
Recommended Stories
- Presley Gerber’s Tragic Journey: From Fashion Fame To Battling Addiction & Personal Struggles; N18G
- ‘Wrong To Automatically Fix Guilt On Upper Castes’: IIT-B Alumnus On Prof Doolla Amid Student Death Case
- Shreyas Iyer, Axar Patel Slammed For 'Bullying' Umpire In Japan Match: 'Disgraceful'
- There’s A Bar Inside That Bar. And It’s Probably More Interesting
VIDEO | Several dead after a car collided with a truck at NH 44 (Bangalore-Hyderabad) Highway in Karnataka's Chikkaballapur. More details are awaited. pic.twitter.com/mlimpt7mQA— Press Trust of India (@PTI_News) October 26, 2023
Citing sources, news agency PTI said that the accident victims, who died on the spot, include four women. One person was critically injured and was said to be undergoing treatment in a nearby hospital, the report said.
“The exact cause of the accident remains under investigation, but initial probe suggest that the incident was caused because of low visibility due to fog,"" PTI quoted DL Nagesh, Chikkaballapur Superintendent of Police, as saying.
In another tragic incident in Karnataka, three differently-abled children, including two brothers, were run over by a suburban train near Urapakkam on the city’s outskirts on Tuesday, October 24.
The three, aged between 11 and 15, were from Karnataka. They were run over by the train while crossing the track, police said.
“Of the three, the two brothers were deaf and dumb while the third one could not speak,"" a police officer said. Their parents were daily wage earners in Chennai.
The railway police had registered a case.","2178","CBMiywFBVV95cUxOakYwU2p2Zjl6eEdDZzJwZ0NzaEk0TTNaMmk3bVBfT0RRb3BDRUZTRVYtS0VZTk4taWhJT0J2aHppWkxJcE5lbVRWYUJqNUJxU29TemJacHNLNTVsRHoySFdzTF9tRXpSUjZRMm1ldWZlai1mdW4zT0FBQ2hfbmZiX0dOaXdNV1R0MkU4Sm81aElrTWJ5VzRWbnFZczNxQVlqTkRpRUU3ZnJWY1lyVlp3bGVmUnROcktBVnR2SDdpckJ1c3RqTmRGQldzQdIB0AFBVV95cUxPQS14RG85V04zcTNteFhvTmlQTkZjN0NERHMwNzBfMTNzVHVzZGRyNlRKQjRRcWRHak1qUTBTekxhM2lvVEdlUWpXa1lScFA2Ymw1cWNkeV9MUEJubEJrSVkwUS15Q1JuWWNjTTcyaFlyeVRRRldYV3lWcVVwYU5taTczU002S1hGWWRWZmxwZHpjX0xiSGExMldfR2JuWF92M2ZoUk1wOU43aWp0UEhVcnFKTVJxZWVZVnA1VEpSbnRmYXpKcWdMUEVrd2E0OUkt","",,"2023-10-26T07:00:00+00:00","""road accident"" ""Bengaluru"" ""Karnataka"" after:2022-12-31 before:2026-01-01","true","2026-09-24T19:04:05.585354+00:00","google-news","news18.com","News18","Karnataka: 13 Killed in Road Accident on Bengaluru-Hyderabad Highway in Chikkaballapur News18","Karnataka: 13 Killed in Road Accident on Bengaluru-Hyderabad Highway in Chikkaballapur - News18","https://www.news18.com/india/chikkaballapur-karnataka-nh-44-road-accident-several-dead-killed-injured-bagepalli-police-8634006.html"
,"https://thehindu.com/news/national/karnataka/two-killed-in-separate-road-accidents-in-bengaluru/article70422807.ece",,"Two men died in separate road accidents in the city since Saturday night.
In the first incident, a 31-year-old software engineer was killed after losing control of his speeding motorcycle and skidding on Hulimavu Lake Road in the early hours of Sunday. The accident occurred near the Kodandarama Swami Temple.
The deceased has been identified as Muniswami, a resident of Kammanahalli and a native of Dharmapuri district in Tamil Nadu.
According to the police, around 1.30 a.m., Muniswami was returning home after meeting a friend when he lost control of his bike, fell off, and suffered severe injuries. Passers-by rushed him to a nearby hospital, where doctors declared him brought dead. The Hulimavu Traffic Police have registered a case.
In another incident, a 32-year-old man died after a two-wheeler he was riding hit a road hump and he was thrown off the vehicle. The accident took place near the Sulikunte bus stop on Sarjapura Main Road on Saturday night.
The deceased has been identified as Gopi Mohan, an audiologist from Vellore district in Tamil Nadu. Police said Mohan had come to Bengaluru for work and had been staying at Thayyakannahalli for the past two days. He had rented a two-wheeler for commuting.
Around 9.30 p.m., while returning after finishing work, Mohan was reportedly riding at a high speed and failed to notice a road hump near the Sulikunte bus stop, causing him to lose balance and fall. He was rushed to a nearby hospital, where he later succumbed to his injuries. The Whitefield Traffic Police have registered a case.
Published - December 21, 2025 07:25 pm IST","1594","CBMiuwFBVV95cUxNTEt5VHNTbnNsa0ZxVGpocFVTSXJoSTZja0RIODFLTW1zOWRvSU9xeXFtVHA2M2tBODI3VERiM1l5MUIwZnRfSlRMb2RTX0F2Uk5pWHdIWXVsSGZVWjR4ZFViZFpqWjdVOUZSSmp3bmgxajc3SUxOcUprZ2pyTmRtMHRxSDR2b25kdVc3M2RXa1pKcERHRWlleTg2M3ROV2EyekxOQVd2ZUZBMTdSX3Mtd21Oc2xIUHVQVXlJ0gHCAUFVX3lxTE1JWjdBRW1vdU1JZTBvRWlRajNoX3hGOHRnZXFJM3RRTW1RTmN2MW0xRjFpTHBOM0d2UnFCbmU2OEk0TFBIdUZNRWV3SkFiNjRLdy03YkdwaEI0TkdCUjViQm5tdG5lRlF1V0huS3FaT2NhbWxFQTQ3UVhCenBrZzIyUnpvSzRVdkJvT0IzYVZ0dkFGOTVmQm5lMEpPOV9MTThaalJPMVphZWM2Mzc0VGxFeEhDbXZDRTM3Um5yTUNJOVFR","",,"2025-12-21T08:00:00+00:00","""road accident"" ""Bengaluru"" ""Karnataka"" after:2022-12-31 before:2026-01-01","true","2026-09-24T19:04:05.585403+00:00","google-news","thehindu.com","The Hindu","Two killed in separate road accidents in Bengaluru The Hindu","Two killed in separate road accidents in Bengaluru - The Hindu","https://www.thehindu.com/news/national/karnataka/two-killed-in-separate-road-accidents-in-bengaluru/article70422807.ece"
,"https://deccanherald.com/india/karnataka/bengaluru/one-killed-four-injured-after-car-crashes-into-biker-leaps-off-flyover-in-bengalurus-yeshwanthpur-3174616",,"Bengaluru: In a freak incident, a speeding sedan crashed into a biker and leapt off the flyover near Yeshwantpur Circle in the early hours of Tuesday. One of the car passengers, an IT professional, was killed. The Volkswagen sedan (TN 37 DH 9484) had four passengers — Mithun Chakravarthy (29), S Shabareesh (29), Shankar Ram (29) and Anushree (23). They were all friends who worked in the IT sector, according to the Yeshwantpur traffic police. Mithun, the car driver, and Shabareesh had travelled from Coimbatore to meet their friends who lived in Mallehwaram, a traffic police officer said. The crash occurred around 3.45 am at a near-90° accident-prone turn on top of the flyover towards Tumakuru. Police noted that the car rammed into the median, collided head-on with a biker named Manjunath (38) on the opposite lane, before plunging over the crash barrier and onto the road below. .Bengaluru reports 2,030 cases of drunk driving in August. The impact completely crushed the car’s bonnet. The car’s passengers sustained major injuries and were taken to Manipal Hospitals, Yeshwantpur. According to the police, Anushree sustained injuries to her head and face, but fell out of the car before it fell over. Manjunath sustained minor injuries. Dr Firozahmad H Torgal, Chief Consultant (Emergency Medicine) at the hospital, noted that Shabareesh was brought dead. Without naming the other three patients, he said: “Two of them sustained traumatic brain injuries and the third patient had chest injuries and blood accumulating around the lungs. All the three are critically injured and will need to be in the ICU for the next 48 to 72 hours.” An officer from the Yeshwantpur traffic police station said that an empty glass bottle was found in the car, but they were yet to ascertain if the driver consumed alcohol. Siri Gowri, Deputy Commissioner of Police (Traffic, North), said, “Mithun and Shabareesh had come to Bengaluru to collect their visas. They had purchased items for their international travel from Orion Mall at night. We suspect they might have partied after that. We have requested an alcohol test report.”","2123","CBMi8gFBVV95cUxNTTVUN29CZmh1Qm02ZU9SQzRXa0ZWUWxBZUtwTm5qd1MtcjZLMEQySUV0dER4LTVLQ3hhMzVhdjNfVTBVaXRJMllzckZNSWNDRnlxY2lzY1hGaE1qRm9KR0VZOWJXci1VS2k0NExzLXZhLTVtYTRVVTg5SmJJbHE1amZfZk9VNElFYjd6VS1yeVFJbDZHMGNxellaMG1FMlQzWWZ4VFNVVmw4VlpLTkI3bm4xWkt6bndQSVhQSXBxYTJ3S0I1ZHJYaUpEZUdOYVJaN09WSV85UmEycTVaNExuejY0QUVhQzN3OXByWGptX0RpUQ","",,"2024-09-02T07:00:00+00:00","""road accident"" ""Bengaluru"" ""Karnataka"" after:2022-12-31 before:2026-01-01","true","2026-09-24T19:04:05.585454+00:00","google-news","deccanherald.com","Deccan Herald","One killed, four injured after car crashes into biker, falls from flyover in Bengaluru's Yeshwanthpur Deccan Herald","One killed, four injured after car crashes into biker, falls from flyover in Bengaluru's Yeshwanthpur - Deccan Herald","https://www.deccanherald.com/india/karnataka/bengaluru/one-killed-four-injured-after-car-crashes-into-biker-leaps-off-flyover-in-bengalurus-yeshwanthpur-3174616"
,"https://indianexpress.com/article/cities/bangalore/27-year-old-football-player-killed-road-accident-bengaluru-9121414",,"Stay updated with the latest - Click here to follow us on Instagram
A 27-year-old state-level football player was killed on Saturday night after a truck rammed into his two-wheeler in Bengaluru.
According to the police, the accident took place near the Ramamurthy Nagar flyover when Monish K was riding a two-wheeler when a truck heading in the same direction hit his bike. He was shifted to a nearby hospital where doctors declared him ‘brought dead’, said the police.
Karnataka Chief Minister Siddaramaiah expressed his condolences on X. “Sad to hear the news of the death of a famous football player of the state, Monish K. He was seriously injured in an accident last night and was being treated at the hospital, I believed that he would recover, but now that belief is false. Sadly, a young talent who was supposed to grow even higher in sports life met his end in this way. May the soul of the deceased rest in eternal peace,” Siddaramaiah wrote.
A resident of Babusapalya, Monish K played for various clubs in the city and had been coaching youngsters. Monish K, who played for Bengaluru Eagles FC in the Bangalore District Football Federation, had received a coaching license from the All India Football Federation (AIFF). He also played for various clubs including Parikrama FC, Deccan FC, Young Challengers FC, and others.","1332","CBMiugFBVV95cUxQZkE1SlludVo1NkdncjBqVVQ0Z1ZRSlFTX0V4T3RzU1drWklGZl9Wck5jcVk3V1lZRllQNHFqelpMREJ2dEtRYWdZYzFWWUs2cElGY3dweE9IMXQtbzBfbkM2bHdpZ0FtNmpoNDNRMTlscXl2c2toaWQyZE0wQjRWTzJySWozdkd6S1d1UTZuSzRCYl9wTWt3UE55VjdXNFI5NmV2QVdPenNGOFgwZklCWjdzWWVMM3pEU1HSAcABQVVfeXFMUEZOQUZXZE9KdGtsejZOZThXRGRzdk03ZzNMcU42dkRnSWljT09GWXJsbnpyc09FYlMzT0xXcUdGZk1SZnJNLVJNNUoxWDdReG82NFZlMmFnbi1paU1xNmdPUTBDb1I4bVMwbVlYUEtVTGI3NVNSeDdkWGJUaHI4QW1vOWR6V3ZDOHhvTloyX2xqMHhPZnRWYWtReDcxNUQzTFYwaUtBYUp4OEpYSmY1Yml2eF9waHRZeVZVWHBhNjBM","",,"2024-01-22T08:00:00+00:00","""road accident"" ""Bengaluru"" ""Karnataka"" after:2022-12-31 before:2026-01-01","true","2026-09-24T19:04:05.585506+00:00","google-news","indianexpress.com","The Indian Express","27-year-old football player killed in road accident in Bengaluru The Indian Express","27-year-old football player killed in road accident in Bengaluru - The Indian Express","https://indianexpress.com/article/cities/bangalore/27-year-old-football-player-killed-road-accident-bengaluru-9121414/"
,"https://indiatoday.in/cities/bengaluru/story/indigo-staffer-dies-in-bengaluru-accident-cab-bus-drivers-booked-2706011-2025-04-08",,"IndiGo staffer killed in Bengaluru road accident, case filed for negligence
A 24-year-old IndiGo employee died in an accident while returning from duty in Bengaluru. Police have filed a case for negligent driving against the drivers involved.
A 24-year-old staff member of IndiGo airline, Sneha, lost her life in a tragic road accident in Bengaluru, Karnataka, during the early hours of Sunday. The incident occurred as she was returning from duty with two colleagues in a cab that collided with a parked bus on a service road.
Sneha, who was seated in the front passenger seat next to the driver, sustained severe injuries and succumbed to them shortly after the crash. The two other IndiGo staff members who were travelling with her also suffered injuries.
Sneha was employed as an Assistant Executive at IndiGo. Following the accident, the police registered a case of negligent driving against both the cab driver and the bus driver. An investigation into the circumstances of the crash is currently underway.
In a statement released on Monday, IndiGo expressed its grief over the loss of its employee. “We are deeply saddened by the tragic loss of our colleague and extend our heartfelt condolences to the family and loved ones. We are distressed by the accident and our thoughts, prayers and support are with those affected during this incredibly difficult time,” the airline said.
The airline also confirmed that it is cooperating fully with the authorities and providing all necessary assistance to ensure a thorough investigation and to support the affected individuals.","1578","CBMizAFBVV95cUxOUFoxMlB6SlZYYmVZYWFwdGxDSGVONG9CZ3dDRVN1di00RGtXd0ozZmk0VlBNbElNM2phcGh5MVQ1VmNvTEQ2enFDTktEaEx3ZWNqM1BqQ2FtczFQNGRSYjhaUG1aaEJRcDl2OFRvN29qeEpOelBWUEkzY2ZyZU1KOWQ3ekFlaFBKTC1xeHc4WFpUZHlYZm45VHZMSkVLSTFra3FxVXVRR0UtYXdnVXFzZ2txcXFUX0R3SkVORVVSQ0VqdjRUc2VBLXBtazPSAdIBQVVfeXFMT2FWMlgtUXdFNkdoUTB0emlma3lhQmNVVmU4cXlpODUtX1JEeGo1V29Ha1ZTWmhZWDVIMnV4THVrSWw0UV9xNjZhZ1JmVWRMMW95TGtKMUlOSzB3V0tfVF9jUDNoVEtSSW9hRjdwM3YtS1Nob2pSNUpweTZ0d0dLWmpRVUF4UmZzTXpSWFBOb2J6Rlgyc1FOSDBoOWpPMDlseXVsY3ZuRFo1MU1zUG5TVVFiTTBRNEdfZktWa0t5VnNyQWR0RHVXWF9SRTVNQkx5ZnpB","",,"2025-04-08T07:00:00+00:00","""road accident"" ""Bengaluru"" ""Karnataka"" after:2022-12-31 before:2026-01-01","true","2026-09-24T19:04:05.585554+00:00","google-news","indiatoday.in","India Today","IndiGo staffer killed in Bengaluru road accident, case filed for negligence India Today","IndiGo staffer killed in Bengaluru road accident, case filed for negligence - India Today","https://www.indiatoday.in/cities/bengaluru/story/indigo-staffer-dies-in-bengaluru-accident-cab-bus-drivers-booked-2706011-2025-04-08"
,"https://timesofindia.indiatimes.com/videos/news/karnataka-mother-daughter-die-in-a-road-accident-in-bengaluru/videoshow/97547799.cms",,"- News
- Videos News
- india News
- Karnataka: Mother, daughter die in a road accident in Bengaluru
Trending
 | Feb 02, 2023, 01:42:00 PM | ANI
- Share
A woman named Gayathri Kumar and her daughter Samatha Kumar died in an accident while driving through Bannerghatta Road, Bengaluru on February 01. The accident took place when a concrete mixture truck overturned over the car. Police identified the truck owner and a search for the driver and owner is underway. Overspeeding might be the reason for the mishap. 4 cranes and 1 JCB were used to remove the truck and bodies.
- 03:24Haryana: 25-Year-Old Woman Crushed To Death After Drunk Cop Rams Car Into E-Rickshaw In Ambala2 weeks ago
- 03:00Bengaluru Road Rage Horror: Delivery Boy Chased, Crushed To Death By Martial Arts Trainer Couple4 months ago
- 03:486-Year-Old Dead, 5 Injured As Speeding Car Hits Pedestrians On Busy Lucknow Road; CCTV Shows Horror2 weeks ago
- 01:45Pune Road Accident: At Least 6 Dead, Several Injured After Truck Rams Multiple Vehicles3 months ago
- 03:11Kanpur: UP Businessman’s Son Crashes Speeding Lamborghini Into Vehicles, Injures Pedestrians3 weeks ago
- 04:19Deadly Joyride: Teen Driving SUV At 160 Kmph Triggers Chain Crash In Bengaluru, 6 Students Dead2 weeks ago
- 03:04Ashika Ranganath’s Cousin Dies by Suicide; Boyfriend and His Mother Booked3 months ago
- 03:19Bhopal Tourist Killed In Goa SUV Crash, Family Injured, Video Surfaces Online5 days ago
- 03:55Divya Suresh Identified As Driver In Bengaluru Hit-And-Run Case Involving Three Injured4 months ago
- 03:57Finance Ministry Official Killed, Wife Injured After BMW Hits Motorcycle In Delhi's Dhaula Kuan5 months ago","1662","CBMizAFBVV95cUxOOEFwOHU5bmVBZGZ3bWtxSXN2UkJYR2tnT1dfdlZuaUlTVnEwbTVfUXRtNHFfY2FwRGt5UFlaOVdsXzhQbDREeWlnLXJGcXAxTk51VDBkWEUtcEdIVXJockxNRV9wVW1hcWcxeDRTMDZUSjlZdjJ5ZHpGdG5MX1loTDRTd0NSWWJ1VG50bThndWRYejByQmNSa2h4dHFTeUNmdk1HWEl4bmMwR1ZCNm1DNVhFdWVXV1FrekxPYjFiOXllODVMaDhwSlNUa2jSAdIBQVVfeXFMTUZMV0tLYUFXV056d3FtM2ptM1N5SW5MVmExTERHbzVMdHR1RFlWX2xFa3lfMDF3bnZqeExnM18tTXhYelhYcDZqMW1uRVBfTF9YY3ZNckVPQVg0bUswYk9pY2ktbVp5WHROVDhuT0E4NzQ4am05Ukg3YTd3WkREOTJKZjVIdjJsaWtSLVZGRmIwcjhHY1BNUzVlWW5wQXBPMEpHTEc5MWRnMlFZV0FyR0FpQXBjYlNwMFhKSXBqdVhLdTNFRTlYZFMyVkJuOS1KNlhR","",,"2023-02-02T08:00:00+00:00","""road accident"" ""Bengaluru"" ""Karnataka"" after:2022-12-31 before:2026-01-01","true","2026-09-24T19:04:05.585601+00:00","google-news","timesofindia.indiatimes.com","The Times of India","Karnataka: Mother, daughter die in a road accident in Bengaluru The Times of India","Karnataka: Mother, daughter die in a road accident in Bengaluru - The Times of India","https://timesofindia.indiatimes.com/videos/news/karnataka-mother-daughter-die-in-a-road-accident-in-bengaluru/videoshow/97547799.cms"
,"https://thehindu.com/news/national/karnataka/road-accident-fatalities-rise-to-909-in-2023-in-bengaluru-city/article67695823.ece",,"The year 2023 saw the highest number of road accident fatalities in the city, according to data released by Bengaluru Traffic Police (BTP).
A total of 909 people were killed in 880 fatal accidents on the city’s roads last year. This is the highest number of fatalities in road accidents the city has recorded. In 2022, 772 people were killed in 752 accidents. Not just that, the total number of accidents has also risen from 3,822 in 2022 to 5,004 in 2023.
However, M.N. Anucheth, Joint Commissioner of Police (Traffic), said that while the number of accidents and fatalities were increasing in absolute numbers, the accident fatality rate for every one lakh vehicles on the streets had been declining. Over the last four years itself, the city has added over 25 lakh vehicles. “Moreover, 2020, 2021, and 2022 were pandemic years and outliers,” he said. For instance, the accident fatality rate (deaths in road accidents for every lakh vehicle population) in 2019 was 8.77 and has dipped to 7.5 in 2023, data shows.
Mr. Anucheth observed that an analysis of fatalities in road accidents in the city showed that an overwhelming 70% of these accidents involved two-wheelers. It further revealed non-usage of helmets or unscientific and partial use of helmets, he said, adding pedestrian deaths were also high and BTP was working on these areas to bring down accident fatalities.
Traffic expert M.N. Sreehari said that while it was welcome that the BTP had adopted technology and had opted for contactless enforcement, the city’s drivers lacked discipline and needed traffic police on the ground to ensure road discipline. “There should be strict enforcement, special drives, and random checks by traffic police which will act as a deterrent. Checking violations online will not deter uncouth motorists,” he said.
Published - January 01, 2024 09:32 pm IST","1852","CBMiywFBVV95cUxNeTBLSlNMNFlIVHJNMFlpY2Zvd2tmcmlBV0ZrNE1OcHpKOVd3ZHN0Qk9Vc1RmbXlnMGh5UXFjV2JObmtJcjBvY1Y2bkQwWm0tenRYYVNCXzlJM1QzdHNSaHFKVmtfaUhFMWUyREEzQ1VpX3Flbk0xMGF6TGZrWmlLZ3JqcWpCTHJ4ZXpzZ3RQTmpHNExPc2lKcmQ2UlRjN3JiVGE1MVVJQlhUVTcycTRsR05rS2hrNXk3Y1VEa0xncXZjZmk3MzFReGJBc9IB0gFBVV95cUxNSUdGWDVRREZSSWZPZXhqZlJXc3ZLNklmQnk5dkdyY0ZMaXNMS0drWEZIWjNzdjdENGN4bHJOb1BtWlhvRVdXY203NExZQ3V5WDF6eXFzNWhoVTBUUFlmVjN5X2F3MUJseWpnOXZsM0tEVG1jdHhTbGlvekVHakR5Nm50Rk12N2NxOUpIT2kzc2Y1cEgwUnJSU0ZPOThGMGhIMW92SkVXM3Zod25jVTNVd3RMak1QdV9RekVPNm9uYThITlBNWlBNemNEbU1vdFNLT1E","",,"2024-01-01T08:00:00+00:00","""road accident"" ""Bengaluru"" ""Karnataka"" after:2022-12-31 before:2026-01-01","true","2026-09-24T19:04:05.585651+00:00","google-news","thehindu.com","The Hindu","Road accident fatalities rise to 909 in 2023 in Bengaluru city The Hindu","Road accident fatalities rise to 909 in 2023 in Bengaluru city - The Hindu","https://www.thehindu.com/news/national/karnataka/road-accident-fatalities-rise-to-909-in-2023-in-bengaluru-city/article67695823.ece"
,"https://deccanherald.com/india/karnataka/bengaluru/employee-dies-in-road-accident-in-bengaluru-1243233.html",,"A 27-year-old employee in a security firm was killed in a road accident near the Indiranagar 100ft road early on Wednesday..J B Nagar traffic police identified the victim as Aditya Luke Kujur, a talent acquisition specialist in a security company. They noted that he was possibly speeding on his way from the 1st cross road to the 12 Main Road when he lost control and rammed his bike into the cement divider near Magnolia Bakery around 12.30 am on Wednesday. .He suffered severe head injuries due to the impact and was taken to the Chinmaya Mission hospital, where he was declared dead on arrival..Aditya originally hailed from Adityapur, a suburb in Jamshedpur, Jharkhand, and lived in HSR Layout.","699","CBMisAFBVV95cUxPNnVRNkZQOTljdGREOHhQUXlITDlGUnZWdFlPRUpuT05ELTZzZXowQnNHeWZ5MGRDRlFCOTF5eXFrVGNxVUxUVEN5WVA2NXZmSFlua28zWU5ISmJnajJxYkpqZDZndmNodWxvQUh2clpCTWpRclMyd1ozV0p1TEVndlZ1SWpaNHgwQmkwdVAtMWEwdVRFSk9lNG91aXVXQ3VOcWtnUmpTWTlzWi12cEVfNA","",,"2023-08-02T07:00:00+00:00","""road accident"" ""Bengaluru"" ""Karnataka"" after:2022-12-31 before:2026-01-01","true","2026-09-24T19:04:05.585694+00:00","google-news","deccanherald.com","Deccan Herald","Employee dies in road accident in Bengaluru Deccan Herald","Employee dies in road accident in Bengaluru - Deccan Herald","https://www.deccanherald.com/india/karnataka/bengaluru/employee-dies-in-road-accident-in-bengaluru-1243233.html"
,"https://thehindu.com/news/cities/bangalore/pregnant-woman-killed-in-road-accident-at-nelamangala-on-nh4-in-bengaluru/article68495751.ece",,"A 30-year-old eight-month pregnant woman riding pillion with her husband died after falling under a truck that knocked down their scooter, near Yadehalli at Nelamangala on NH 4 in Bengaluru, in the morning on August 7.
The deceased, Sinchana, was returning to their village Thotanahalli after visiting a temple at Shivagange. Her husband Manjunath is an engineer who works in a private firm in Bengaluru. He suffered minor injuries in the accident.
According to the police, the couple was riding on the national highway when a KSRTC bus moving ahead stopped suddenly to avoid an accident. Due to this, Manjunath applied the brakes, but their vehicle was hit by a truck that was coming behind them. The truck ws carrying a lot of M sand. The truck driver applied the brakes, but failed to avoid hitting the scooter in front. The scooter was knocked down. The couple fell down and Sinchana came under the wheels of the truck.
The Nelamangala police rushed to the spot. They arrested the driver and seized the vehicle. Superintendent of Police C.K. Baba visited the accident spot and took stock of the situation.
The spot is located in a sensitive zone that has recorded over fatal 90 accidents in the last six months, a senior police officer said. The police inspected the area to assess the road conditions and were discussing initiatives to minimise accidents.
Published - August 07, 2024 01:16 pm IST","1401","CBMi1wFBVV95cUxQX2h1dWMwZHQ4SW9vUzFPWkZGUHg1dzdDZWlpMHVQeXVja0Y4NGFFOWt5bVQ0dFZtam1KSGFlbGZ5SE1Hck40bFB3LUgtX3ltMm1nTU1YZmVpRzJoaDhSa0Ezb21wejRFWUJ1eElFTlhwLUJoNmFiYmZqYlB3aHJQcV9PVGh5MWJCZWVaVUo0dkdkNE5XRnhPMjZNQnFSd2RiaDNHcGdFNUhMVjB5d0tXRDZOajIteEF3NXpjNUE3UWVMbmRwWGRCUWhsLWtHRGdtY043MWxyTdIB3gFBVV95cUxPalVtdEg0c2xEbVRuY2ROMkh5YnozUXUtaWpFaDY0QUkyYVRLVnNkbW42MlNVeFh4cmxDX1FCcTI3Z0VqUDh5TWZrUG1rWmVHWnNQVEpqZ0NFUkJPTjJaNm53UzZHdGpRemFic2JiaDdSbkNHRDFxd2g2MmFJclQwWjNmdGpDLXNMaWhnTG41cGZXb1FHSEwxWlgxemZlaXRfMXhNU3RpaHUtc2F1UHN2bktfU2xsbjhNbDJSU0xTWENNQ3l3VjVYbEs0eEhrd1Q2bzZjMm1zdW5VMmpmS0E","",,"2024-08-07T07:00:00+00:00","""road accident"" ""Bengaluru"" ""Karnataka"" after:2022-12-31 before:2026-01-01","true","2026-09-24T19:04:05.585738+00:00","google-news","thehindu.com","The Hindu","8-month pregnant woman killed in road accident in Bengaluru The Hindu","8-month pregnant woman killed in road accident in Bengaluru - The Hindu","https://www.thehindu.com/news/cities/bangalore/pregnant-woman-killed-in-road-accident-at-nelamangala-on-nh4-in-bengaluru/article68495751.ece"
,"https://thehindu.com/news/cities/bangalore/three-bikers-injured-in-freak-serial-accident-on-bannerghatta-road/article67529150.ece",,"Three bikers were injured in a freak accident at a traffic signal in Kalena Agrahara, Bannerghatta Road, on Sunday evening.
The accident was captured on the dashcam of a car behind and was posted on social media platform X, which went viral.
According to the police, as the vehicles were waiting at the traffic signal, a speeding SUV came and rammed two bikes and came to a halt after it hit a median.
However, social media was abuzz that it was a hit-and-run accident, which the Hulimavu police clarified that it was not.
The injured have been identified as Kiran, Jasmita, and Basant Kumar. Of them, Jasmita is still being treated at a private hospital, and the other two have returned home.
The Hulimavu Traffic police have seized the SUV and booked the driver, Abhishek Agarwal, for rash and negligent driving. Police officials said that the driver claimed to have mistakenly pressed the accelerator instead of the brake, leading to the accident.
Published - November 13, 2023 08:36 pm IST","993","CBMizgFBVV95cUxOLXVxblhocEhpVW5nTV80OEItWFpTb0RqZkVXZllLWW1qcTlLekY1VExZcXhQU2NNLWJkNG9qLXpxdzk2bHMybjBNM084TnZ0cUo4VllTNXo1LS1haVZqLTZQcXNVejE0TnFTeWVlR0daV3FycG9KNy1uNE5JcG5wdkphLTB2QnlKak9qME5iQVlsZXZtemxid0RIdW9JdEhxZ2NmRnJORFZLZ21qWUY0dVlCdHQ0SUlzTGxlSUl3TmNlUERNYmw5MFNwSklSUdIB1AFBVV95cUxNaU9mRXRVZmRDOTNROUh4NEYzemlvMkl1STVzQlA4NlVDWHdkcFphLXBIemxneUhheHZPM3praVJQWkRsaVFmYVhSRkxKeXBkaHR6dVNyNFdBNExpeDhTX1pRMU8xX0F1MXRHOUo1Smt2WXlCTnp5SVFDOGFtRDFJWXJOZU9BMEZObC1KN2Q5TWJZdkhjRHhKNzZ5elBZdjhCYkdNWGdhV21lRmxvYUM5NTR5TXkwV2hiVW0yaVdWVmRib3FZSzkwMF9ncWkweGluSko1Rw","",,"2023-11-13T08:00:00+00:00","""road accident"" ""Bengaluru"" ""Karnataka"" after:2022-12-31 before:2026-01-01","true","2026-09-24T19:04:05.585782+00:00","google-news","thehindu.com","The Hindu","Three bikers injured in freak serial accident on Bannerghatta Road The Hindu","Three bikers injured in freak serial accident on Bannerghatta Road - The Hindu","https://www.thehindu.com/news/cities/bangalore/three-bikers-injured-in-freak-serial-accident-on-bannerghatta-road/article67529150.ece"
,"https://thehindu.com/news/national/karnataka/two-killed-in-road-accident-near-belagavi/article69983138.ece",,"Two people died and at least nine were injured when a private bus overturned near Belagavi on Thursday (August 28, 2025). The deceased, a man and a woman, are yet to be identified.
The private bus was going from Hubballi to Pune when it turned turtle on the Pune-Bengaluru National Highway 4 at Badekolladmath Ghat near Hirebagewadi in Belagavi.
The driver lost control of the wheel causing the bus to turn on its side. Villagers and police rescued the passengers. The injured were admitted to the Belagavi district hospital. There were a total of 12 passengers in the bus, police said.
Published - August 28, 2025 03:05 pm IST","627","CBMirwFBVV95cUxNX3JmRDZkTTNFTHRaMXJRaFVjOUNWWUlTYU51dldEeE0xdVFYRjZkbHJDOUVILXZPRlJibzY3d2g5cFpNazJWckdBbVdnVlNfT2lGWUNjY2Y1RzZJU0FSQi1QcVlkTTdSNVNQQ2NBNmtaR0V2ZExxbFlVZ3lYXzhZVTFTUUxMc2NRUDdDMG13dnZRUVBpd2swVnVUQWlTTEZQMHF6QnAwX3pvaDJDYkYw0gG2AUFVX3lxTFBjOHR3NU1tVExWdVJfVnVxWlFLeTRXZ3RVb0JSY21EUmM0UlJmQkZqd0lJQ0FBSm05QmtSVUx1MHh0N0xDalhXZ3R3b1N2bG5fYTY1RG55Yl9TelVjMEpDcWVxZGNNRzlEVGZfN3pVQzhhRE1qSXAzVkNZd2lLdXcyalEzbU5naWlnMWFIWV9xbU9ZMlBaN084YzFHbzl3VDNyeTlqbWdCVmNUb2YtWHZzRUdvNUFn","",,"2025-08-28T07:00:00+00:00","""road accident"" ""Bengaluru"" ""Karnataka"" after:2022-12-31 before:2026-01-01","true","2026-09-24T19:04:05.585824+00:00","google-news","thehindu.com","The Hindu","Two killed in road accident near Belagavi The Hindu","Two killed in road accident near Belagavi - The Hindu","https://www.thehindu.com/news/national/karnataka/two-killed-in-road-accident-near-belagavi/article69983138.ece"
,"https://thehindu.com/news/national/karnataka/karnataka-bus-accident-five-bus-passengers-truck-driver-die-in-accident-near-chitradurga/article70436514.ece",,"As many as five persons heading to their native places for the weekend died and another 28 persons were injured when a container truck hit a sleeper bus, triggering a fire, on the National Highway near Javanagondanahalli in Hiriyur taluk of Chitradurga district in Karnataka early morning on December 25. The driver of the truck also died, taking the toll in the accident to six.
Chitradurga Police confirmed the death of six people, including a five-year-old girl. The deceased are Bindu V, her five-year-old daughter Grema, Manasa, Navya and Rashmi Mahale. They were all heading to Gokarna from Bengaluru. Besides them, driver of the truck, said to be a native of Uttar Pradesh, also died in the accident.
Around 2 a.m., the truck carrying beverages from Maharashtra to Nelamangala near Bengaluru jumped over the road divider and hit the oncoming private sleeper bus heading to Gokarna from Bengaluru. The impact set off a fire.
The 31 passengers, who were asleep, woke up due to the impact and found themselves amidst thick flames. Among the 33 persons in the bus, including the driver and his assistant, many succeeded in jumping off the vehicle. However, six persons, including the driver of the container truck, died in the accident.
Sachin, who was driving a private bus carrying schoolchildren for a trip to Dandeli, witnessed the accident. Seconds before the accident, the sleeper bus overtook his vehicle. “While my bus was a few metres behind, a truck coming from the opposite direction, jumped over the divider and hit the sleeper bus. As a result, the sleeper bus swerved to the left and hit my bus. I somehow managed to take my vehicle to the left and down the slope, and reached the service road, by crossing the fencing,” said Sachin.
He got down from his vehicle and saw the sleeper bus in flames. Along with a few local people, he succeeded in rescuing a few people, including the driver and his assistant, from the sleeper bus.
The local people called up the police, fire station and the ambulance. Fire tenders from Sira, Hiriyur and Chitradurga reached the spot, and put out the fire.
The fire tenders had difficulty reaching the spot as vehicles had piled up on the busy national highway following the accident. Thousands of people were on the way to their native places to spend the year-end Christmas holidays. The highway, which connects Karnataka to Pune in Maharashtra, is busy during the holidays.
Senior police officers from both Chitradurga and Tumakuru districts reached the spot. Fire and Emergency Services personnel retrieved four bodies from the bus and one from the truck.
The injured persons were shifted to nearby hospitals at Sira and Hiriyur.
3 persons admitted to hospital in Bengaluru
Three injured persons were admitted to the Mahabodhi Burns Ward at Victoria Hospital in Bengaluru.
Yogishwarappa C.N., Professor and Head of the Burns Department at the Bangalore Medical College and Research Institute (BMCRI), to which Victoria Hospital is affiliated, said that one of the patients remains in critical condition.
Manjunath (24), a resident of Bengaluru, sustained about 30% burns ranging from superficial to deep in the accident. He has been admitted to the Intensive Care Unit. The doctor said he has suffered injuries due to smoke inhalation, in addition to burns on his back, lower limbs, hands and the posterior part. While his condition is currently stable, it continues to be critical. Owing to his young age and the absence of any pre-existing medical conditions, doctors said they were hopeful of his recovery, provided no complications, such as sepsis or infections, develop.
Two other injured passengers, Devika (22) and Keerthan (22), sustained minor burns. Devika suffered about 3% accidental thermal burns while Keerthan sustained around 5% burns. Both are said to be stable.
Another passenger, who sustained a nasal injury, was treated on an outpatient basis at Victoria Hospital.
(With inputs from Afshan Yasmeen)
Published - December 25, 2025 03:29 pm IST","4015","CBMi7gFBVV95cUxNMWhsQVRWaFBtenJGaXBqdC1ueEd0Y3NoLVB0ZFVoWlB4dG9LaFBBY1NLN1NYYWNqTDJhTDVpRW1xRjZFQ2RvQmZPZS1vdnRrWmt0djBMY1FqNGFsTy1tT2VhMmhpaVRzcTBLSGUzbUJJZ1dVaHdjcXlXYVVmMnJoSWtaLTB4YnNTcGkweTN2aGptU3RsclJXdnEyeENwTW5lcHM1eEdHM2s5ZUdCUnNtR2kwdjRPMElSSHAzX0FYc3dQSDQwY2d6VzFaZUZXSXJwSnRweWRCMV9mZnluOGlKQ25JRmp3bjZRbHRNY0VR0gH0AUFVX3lxTFBNYmJaZ3lQSVFueWdpbWVXbzhXR1NEWks2M3FKZmdvMFFqeFFRYURrQ3p1NGxSeHJwOUgwZ09ybm1yMmc4ZHJ1MnVFbkdSQVhuQjJ5UXVNdjFHMENsM21tTGZQTWRNWnBmWmZxUldTcFlmXzcwVmFzYnhMYndsUm1xSEhJeUREek1zb0d3QTVoUlB0bXBqamUwcmV1TmpqS2tmaHA3SGZSQkRfNnlHdlBPYmw2OXhGbE9SZkc1U0p0QmhndFppLVJSLUpsN2hIaWp6OTJ3NnZBbWNWbFkwWmw4Z3ZUWnpoTHVVU0N4R1RTM252OEw","",,"2025-12-25T08:00:00+00:00","""road accident"" ""Bengaluru"" ""Karnataka"" after:2022-12-31 before:2026-01-01","true","2026-09-24T19:04:05.585869+00:00","google-news","thehindu.com","The Hindu","Karnataka bus accident: 5 bus passengers, truck driver die in accident near Chitradurga The Hindu","Karnataka bus accident: 5 bus passengers, truck driver die in accident near Chitradurga - The Hindu","https://www.thehindu.com/news/national/karnataka/karnataka-bus-accident-five-bus-passengers-truck-driver-die-in-accident-near-chitradurga/article70436514.ece"
,"https://thehindu.com/news/national/karnataka/three-killed-in-road-accident-on-bengaluru-mysuru-expressway-at-gejjalagere/article66990304.ece",,"Three persons were killed while another sustained serious injuries when the car by which they were travelling met with an accident at Gejjalagere on the Bengaluru-Mysuru Expressway on Tuesday.
The car, carrying Neeraj Kumar, 55, his wife Selvi, 50, and son Srivatsava and driven by Naveen Kumar, was proceeding towards Mysuru from Bengaluru on Tuesday morning.
When the car was near Gejjalagere in Maddur taluk, an oncoming SUV lost control, toppled over the median, and crashed into it, said sources in the Mandya district police.
While Neeraj Kumar, Selvi, and Naveen Kumar were killed in the accident, Srivatsav was admitted to the Mandya Institute of Medical Sciences with serious injuries. A case has been registered by the Maddur police.
Published - June 20, 2023 08:40 pm IST","782","CBMi3AFBVV95cUxNMHZuakVqWFE3c1RGWE1xODhpUXk0TnZQdG5zelhxWmx5Si1QcXNaZ1ZMUEZEZGdSZ04za0t0QUdETnpleHBLV1h1RWRldEVZMWlObUVOcV9SazZTUHhLUUhkZFZ2SWZtUEJPZEhNWEpoaXYxOHJKSXVLQXo3YnExUU9xY3N3RDJ2aEw1UVRmeHR2M0FnTnY5MURyOHk5c2RuNkstQ09TdWN4RUJ2YXlzWHZpMDljZllfMWpGVHVWOFlDRGVFeTAzZDNkSmtQQVdyUlZxQWQwRXNqNl9l0gHjAUFVX3lxTE5tWFJJbGp0V2haTWlmd2JHUUt0RFN6LUo0ZnZMakl3d3N5VFFPWmJzWk8xRlFZd3ZBRUFQRmxac2oyeml3Vm1LUFQwR0dvdEtnUkszYVZueGQ5amU2dUZyT1E5QzdlOW9FcU9KR0J6bUpCSVpYZnlqV1FZUUZ5dDJMZHVQcjI0UTU2cDRvR1VLTHdSSWdRTUJJNkIxSG8td1JhYlJ5YlVHRVRFUjhlT0JjeVIxaTZ0Y0dRa2NNWWVPNTNkSjRycThQWkptYkYxR1Ryek05QlYycmFTT29SMnAxNnJr","",,"2023-06-20T07:00:00+00:00","""road accident"" ""Bengaluru"" ""Karnataka"" after:2022-12-31 before:2026-01-01","true","2026-09-24T19:04:05.585910+00:00","google-news","thehindu.com","The Hindu","Three killed in road accident on Bengaluru-Mysuru expressway at Gejjalagere The Hindu","Three killed in road accident on Bengaluru-Mysuru expressway at Gejjalagere - The Hindu","https://www.thehindu.com/news/national/karnataka/three-killed-in-road-accident-on-bengaluru-mysuru-expressway-at-gejjalagere/article66990304.ece"
,"https://thehindu.com/news/national/karnataka/biker-killed-in-road-accident-in-bengaluru/article69521797.ece",,"A 32-year-old motorcycle rider was killed and another was injured in a road accident near M.S. Ramaiah Hospital in Mathikere on Wednesday.
The deceased, David, a native of Tamil Nadu, was working at a laundry unit in Mutyalanagar and was returning to his paying guest accommodation after work.
According to the police, David’s bike collided with another biker, and the duo sustained injuries. The injured were rushed to the hospital where David succumbed to his injuries later.
The Yeshwanthpura traffic police have registered a case of death due to negligence and rash and negligent driving against the other biker.
Published - May 01, 2025 11:15 pm IST","654","CBMisAFBVV95cUxPNmZ3UThRLXBYOGtfeU5qUWNETk5iWHVHbm1VdXluc25tUVFnbkpLMVdZMWJ3ZXd4TDlSejl0WlJzeU1oenR1MEd2Z1hsblFHQ2FJaklQVjRiNWFmSFFaWmxMTXZfLVRsa0ZrU3hxcVdOUFF1VlAyZGJONEtNbXZ0Q25OdllidVdHWTV2R0lpTVlqN3lVQjNDMHdwYk14MkV5X3hvRjEzdzltaFZPSEl0N9IBtwFBVV95cUxPYzA4aXk4bjN0dGZvNnRfWFpNVWpqN0JGS1lqQnh3eHc2X3dhWUt6N2tXQ09jUC1FUERoUHM2bG5jR1F6U0xMSXNFa0hST1BCSzFEQzRZM283NUpuV3dnM3F6c0pJSHIwbTE3TXZNbFpiRl9ZclM5cks0N21TZ1VvcHl4UHZIWXdnNVQ5b1VRQ1l1MFNIaTQxaE1uQ0NKNmFObExxRTAzcVBMZzhHVlJXWXBtY0dta1E","",,"2025-05-01T07:00:00+00:00","""road accident"" ""Bengaluru"" ""Karnataka"" after:2022-12-31 before:2026-01-01","true","2026-09-24T19:04:05.585949+00:00","google-news","thehindu.com","The Hindu","Biker killed in road accident in Bengaluru The Hindu","Biker killed in road accident in Bengaluru - The Hindu","https://www.thehindu.com/news/national/karnataka/biker-killed-in-road-accident-in-bengaluru/article69521797.ece"
,"https://deccanherald.com/india/karnataka/bengaluru/three-of-family-from-malleswaram-die-in-crash-near-dobbspet-2-3488426",,"Bengaluru: Bengaluru: An elderly couple and their married daughter died in a gruesome road accident near Dobbspet on the northwestern outskirts of Bengaluru on Thursday, police officials said. The couple's two grandchildren were also injured in the crash, but are currently out of danger. Gopal, a 60-year-old resident of Malleswaram, left with his wife Shashikala (55), daughter Deepa (30), and grandchildren — four-year-old Bhuvan and 18-month-old Aadhya — on Thursday morning. .Bengaluru: Four, including two brothers, die in road accidents .Travelling by a Maruti Celerio, they were headed to Sira, Tumakuru district, to attend a naming ceremony at a relative's house. However, as the car neared the Lakkuru railway bridge on the Pune-Bengaluru national highway, it crashed into a left-side barrier around 10.30 am. Traffic police investigating the crash said it remains unclear how it actually happened.Gopal, who was at the wheel, doesn't appear to have applied any sudden brakes nor did the car's air bags deploy. ""The cause of the accident remains a mystery. We are still trying to figure things out,"" an officer close to the investigations told DH. Shashikala, who was sitting in the front next to her husband, died on the spot. Gopal and Deepa died on the way to hospital, the officer added. Deepa's husband, who lives in Pune, has arrived in Bengaluru, according to the officer.","1389","CBMiwgFBVV95cUxOMXVtT2NTV2swLWxKU0sxU0dwY3ZNeTczRktyRGhNNTI2NC1nUDBlNWxnTWZJdG4zNEVGNTdfS1p6cTNVNGk1Wlo1eV9HVVVPMWptNlFCV21HQWI2YXItRXNxX2I3SFI1UU82d3U5dk9SSlhXRU9TdVoyUjhndkRqdUZmaXVndUZaOXdaRG1mZmdzUUdZR2xIaWctR2FxQTJGNU1ib0dPRXN3YW9OckR5bTg2aUxzc2huV25kS3pBNlA2dw","",,"2025-04-10T07:00:00+00:00","""road accident"" ""Bengaluru"" ""Karnataka"" after:2022-12-31 before:2026-01-01","true","2026-09-24T19:04:05.585988+00:00","google-news","deccanherald.com","Deccan Herald","Three of family from Malleswaram die in crash near Dobbspet Deccan Herald","Three of family from Malleswaram die in crash near Dobbspet - Deccan Herald","https://www.deccanherald.com/india/karnataka/bengaluru/three-of-family-from-malleswaram-die-in-crash-near-dobbspet-2-3488426"
,"https://thehindu.com/news/national/karnataka/fir-against-bbmp-officials-contractors-after-road-accident-leaves-scooter-rider-critically-injured-in-bengaluru/article69688343.ece",,"The Rajaji Nagar traffic police have registered an FIR against Bruhat Bengaluru Mahanagara Palike (BBMP) officials and contractors after a 28-year-old scooter rider was critically injured in an accident owing to a bad patch of road on June 4.
The victim, Manjunath B.G., was returning home when he skidded off his scooter and sustained severe injuries on Dr. Rajkumar Road. He was rushed to a private hospital where he is admitted in the ICU ward.
B.G. Ganesh, father of Manjunath, visited the scene of the accident and found that a road was dug up to lay pipes. “The patchy road work done by BBMP caused the accident,“ Mr. Ganesh alleged.
The road poses a threat to motorists and pedestrians, and needs immediate action, he said. Mr. Ganesh added that he had spent ₹5 lakh in medical expenses so far and is unable to foot the bill further.
Based on the complaint, the police have registered a case against BBMP officials and contractors, charging them under section 125 (endangering human life or personal safety through rashness and negligence) on Monday for further investigation.
Published - June 12, 2025 11:13 pm IST","1122","CBMijAJBVV95cUxPSTVRSmhqMkVnV18tQ0NXbmhsVmRmaTJBYnFwYjdwc0FOd2VidHpIdkVPbmpvanlzN2RaSjZDdVU5NVhtZmgtRWdEMUtYNk01Z2JuY0lCRjNiamtpaWZER2Z3MFVkeFVyQ2JxeEoxSGdlRHEwQzBWVEtzOUxzeUFjNmY4cVphSmMzQ09pdnYwZU84UENFTlVKNHJwOFBTS2I2WVJwam9MMDFJZmFUOEJLdVRiNkI1WDVObEM2Wkp6enIwUVlRdF9ycjNibzlhR0ZMcmx1UlNyZ3MtWFByeFhNRmpidlM3X0RITXUxeWNoeHlEMXlCd1g0Q3dUTnl1MHJNeTNvc2E5WjNyMF9Y0gGTAkFVX3lxTFBsbXI0QkplREY2MVRla0N4T1YxOWZkb01EdVpUVTJFbkYyUlFnYkpDT2hPRkU5aHkyemlCMHJzbktZTXUtaFJrem15eG1LUEphMDFyWDA3UEFTUlRibUpuaWNYTkxJTEE5aUtLUndtOEU0Vld3dkpXQ3lPdEotMlJKRzZyM2NYQUxWczlaT2EwNUdiSWhnVGF3SkxucWtCOVRZSW5Qb1VsWTNCbFlEdjAtT0RwLUNlX2FKb2xfRllIRDF5ZWdNU0dRYTJRbkFaZnhsSkotQ3NSQm5ITlZzbFhVbGhDdS1NeHlOQlJtV0h4dmxiS3JNc1FILVZKZ2ZsWjgyaWpRekdJRXBsUnNfV2NFMkgw","",,"2025-06-12T07:00:00+00:00","""road accident"" ""Bengaluru"" ""Karnataka"" after:2022-12-31 before:2026-01-01","true","2026-09-24T19:04:05.586422+00:00","google-news","thehindu.com","The Hindu","FIR against BBMP officials, contractors after road accident leaves scooter rider critically injured in Bengaluru The Hindu","FIR against BBMP officials, contractors after road accident leaves scooter rider critically injured in Bengaluru - The Hindu","https://www.thehindu.com/news/national/karnataka/fir-against-bbmp-officials-contractors-after-road-accident-leaves-scooter-rider-critically-injured-in-bengaluru/article69688343.ece"
,"https://deccanherald.com/india/karnataka/bengaluru/bengaluru-two-youths-killed-one-injured-as-car-plunges-into-drain-near-sadahalli-gate-3837359",,"Bengaluru: Two young men were killed and another was critically injured in the early hours of Friday. Their speeding car veered off the road and plunged into a drain near Sadahalli Gate in Chikkajala..The deceased are Shahid Ahmed (22), a call centre employee and resident of RT Nagar, and Abdul Rehman (24), a resident of JC Nagar. A third occupant, who sustained severe injuries, is being treated at a private hospital..According to police, the three friends had gone out for dinner late Thursday night. The accident occurred around 2 am on Friday while they were heading towards the Chikkajala signal from Sadahalli..Ahmed, who was behind the wheel, was driving at high speed..""The driver lost control of the vehicle due to high speed. The car crashed into a barrier with significant impact before flipping into a deep drain,"" a senior traffic police officer said..BDA to challenge K-RERA order rejecting its plea for RERA exemption.The impact was so severe that two occupants who died on the spot were trapped inside the mangled remains of the car..The recovery operation required a JCB and crane to lift the vehicle out of the ditch. Police personnel struggled to extricate the bodies from the wreckage. The deceased were shifted to a hospital for post-mortem..The Chikkajala traffic police have registered a case of accidental death and rash and negligent driving..""Preliminary investigations and the condition of the wreckage suggest that reckless driving and over-speeding were the primary causes of the accident,"" police said.","1535","CBMi4gFBVV95cUxNSmZ2WXh4eDRVMVpZZEZRQWZYZ1JoWS1SelhMc1BacGpPbWNOQjJtcHVSUXdpd054R0tMQUJ3bThYM2dvcU9KQW9Tc3hlN1kzRXVWZzlybER1MWtBRlgxTGpaNENqRW9USDhxSThnaEVHamxnSDhPNzMwNzh3UFJIOXo0TkVydWNhOTdfaTJBSGlKWVNvTGNUMkhyNS1qcDVmYUh6VzBZeTlITUlGY2VvaEY3U0JzOXgydzhDQ1dyd1pqWEk3WW16MnJ4dm1JOUo0b2tpWFN0MlMyMldKa0VWNmR3","",,"2025-12-19T08:00:00+00:00","""road accident"" ""Bengaluru"" ""Karnataka"" after:2022-12-31 before:2026-01-01","true","2026-09-24T19:04:05.586564+00:00","google-news","deccanherald.com","Deccan Herald","Bengaluru: Two youths killed, one injured as car plunges into drain near Sadahalli Gate Deccan Herald","Bengaluru: Two youths killed, one injured as car plunges into drain near Sadahalli Gate - Deccan Herald","https://www.deccanherald.com/india/karnataka/bengaluru/bengaluru-two-youths-killed-one-injured-as-car-plunges-into-drain-near-sadahalli-gate-3837359"
,"https://deccanherald.com/india/karnataka/bengaluru/three-killed-as-car-jumps-divider-collides-with-ksrtc-bus-on-bengaluru-outskirts-3827352",,"Bengaluru: Three residents of Sadahalli in Devanahalli taluk on the outskirts of Bengaluru were killed instantly in a road accident late Wednesday night when their speeding car jumped the divider on the Hyderabad-Bengaluru National Highway and collided head-on with a KSRTC bus.The accident occurred at 11:30 pm near Lalagondanahalli Gate, on the outskirts of Devanahalli.According to the Devanahalli traffic police, the sedan was travelling at high speed from the Chikkaballapur direction towards Devanahalli. The driver reportedly lost control, causing the vehicle to leap across the divider and smash into the KSRTC bus coming in the opposite lane..Bengaluru police bust two drug networks; narcotics worth over Rs 5 crore seized.The impact was so severe that the car was completely mangled, making extrication of the victims extremely difficult. The three occupants of the car — Mohan Kumar (33), Suman (28), and Sagar (23) — all residents of Sadahalli, died on the spot. Some passengers in the KSRTC bus sustained minor injuries, the police said.The fatal crash led to traffic congestion on the Hyderabad-Bengaluru highway throughout the night, causing significant inconvenience to commuters.Devanahalli traffic police personnel rushed to the scene for rescue and recovery operations. The police had to struggle to extricate the bodies trapped in the heavily damaged wreckage of the car, which prolonged the clean-up process and led to hours of traffic jam.The police have attributed the crash to rash and negligent driving by the car driver. A case of accident has been registered at the Devanahalli traffic police station.","1628","CBMi2wFBVV95cUxNcFZHMDZHWTB0bEhXaEhTLXhqb19PZ2V6UGxScXctY1pCV0M4TENKcjJYQXFZdlVEZ3lqcldKMlV4el9LLUN1aEVsc096REFCcHhzVGEwc1JLQjgycVctR2t1Rk01b3NsdTZqazYtRDQxdDhLb29MdHQ5NnJWMGZIUm5UUXBqRGlaS0JYbkV2WmQzejR3UV9kcThMT0tYY2RGT2FkdC04YVZTTC1WLVlIamNSR0p6b3gzU0l5M3NXZEZNUVRmRVJON21Ia200VV9BSnFNeU92SVVRRVk","",,"2025-12-10T08:00:00+00:00","""road accident"" ""Bengaluru"" ""Karnataka"" after:2022-12-31 before:2026-01-01","true","2026-09-24T19:04:05.586610+00:00","google-news","deccanherald.com","Deccan Herald","Three killed as car jumps divider, collides with KSRTC bus on Bengaluru outskirts Deccan Herald","Three killed as car jumps divider, collides with KSRTC bus on Bengaluru outskirts - Deccan Herald","https://www.deccanherald.com/india/karnataka/bengaluru/three-killed-as-car-jumps-divider-collides-with-ksrtc-bus-on-bengaluru-outskirts-3827352"
,"https://newindianexpress.com/states/karnataka/2025/Mar/09/five-killed-one-injured-in-road-accident-near-karnatakas-tamatakal",,"CHITRADURGA: Five killed in a car accident on the Pune-Bengaluru National Highway 48 near Tamatakal Road Over Pass on the outskirts of Chitradurga city. While travelling from Belagavi to Bengaluru on the NH, the Innova car rammed into the rear of a stationary truck, killing five and injuring one.
The deceased were identified as Shanthamurthy (60), a retired employee of BMTC, Rudraswamy (52), Mallikarjun (50) and Chidambarachar (60); one other person is yet to be identified. The injured has been admitted at Chitradurga district hospital for tertiary treatment.
According to police, rash and negligent driving and overspeeding led to the accident. The six passengers were returning back to Bengaluru after visiting Savadatti Yellamma and Banashankari temple of Badami.
SP Ranjit Kumar Bandaru, Additional SP SJ Kumaraswamy, DySP Dinakar and others visited the spot and ensured that the vehicular traffic returns to normal.
Chitradurga rural police has registered a complaint and are investigating the incident.","1014","CBMixwFBVV95cUxQMDEzdzFNbmEyT1g1M091NFhYUTRMRnJmbmgzaXZzbjR2WE9KRnFqWm1wVkNHeWRyS3VkVEZWYWVkZzdtUTRMczBtMUpEVmY4dHA4U1F0UXFIdXJxbU5uTWhCdTh6TlZJVThLV1J1Q3Y1N2M3S1NjaXNiU0dIdjdSWXhpbkdMRUtVSm5qMF8wVkE5dUdHRXl5SmlkQXdvTDJ0NU5QRUlBR2JfNVhOZGgwdU5nV2RqcXFEZ2s5U01oaWxnMGwyUzdB0gHUAUFVX3lxTE91UUNydGgtUkhJSlhLdEZDaHZfT2hLY1pVLWQxM1ozMVNUSklOUktPbXY5OEZYVkxHbmFhYnk2a1FYZzU4M3BtSXc3amRGem85T1M2WndPNWJ5cUtfUG9WM05UTmxjRFZzcUVEblhlcHlNNlpLUkdmaXRoQk56VHFabjBCLW1tQU9ZNGhyVWhXNUo0THk4TU11Wmh4aFN4WkZDS1hoSl9yMGozSEYxMVNOX1BJRGVremFtOUM4cXhwU29hQ2c1VWdHQWcwRUo4SHJZVkFU","",,"2025-03-09T08:00:00+00:00","""road accident"" ""Bengaluru"" ""Karnataka"" after:2022-12-31 before:2026-01-01","true","2026-09-24T19:04:05.586656+00:00","google-news","newindianexpress.com","The New Indian Express","Five killed, one injured in road accident near Karnataka's Tamatakal The New Indian Express","Five killed, one injured in road accident near Karnataka's Tamatakal - The New Indian Express","https://www.newindianexpress.com/states/karnataka/2025/Mar/09/five-killed-one-injured-in-road-accident-near-karnatakas-tamatakal"
,"https://deccanherald.com/india/karnataka/bengaluru/bengaluru-couple-held-for-murder-after-road-accident-turns-out-to-be-deliberate-hit-3779485",,"In suspected road rage incident, Kalaripayattu instructor Manoj Kumar, 34, & wife Arathi Sharma, 30, arrested by Puttenahalli police for alleged murder of Dinesh, 24, over minor damage to their car’s mirror. Death was initially perceived to be due to road accident. @DeccanHeraldpic.twitter.com/mr20ejUfnU","305","CBMi3wFBVV95cUxQcVJwVS1aS2xUOG9pOVY5ZUV0c3BVZ01HYXd3NUdHZDBPSHlleE9TeUp5MGNCaHpPMF9RUHplT3p4RVY5NWFJZFpuQzhzekZSTXphZl83eFh5Zlc4Y21GMlpBZ3VtaWR4RlVuWVlaX2tVUUVmSFpLLVBlRUFLbk9scTR0U2FMQmNrdWg4Zlh6eFpJcUZmT0NkYldDOFdkeGxMeXpXYkZuMEkwbW9MRUp6UnJHUDRnSjU2RUF0T2Y1bFJ5VTI4QlNQdERfRFFlT2NSeTJPNjFqT1A3bjZJc3c0","",,"2025-10-29T07:00:00+00:00","""road accident"" ""Bengaluru"" ""Karnataka"" after:2022-12-31 before:2026-01-01","true","2026-09-24T19:04:05.586993+00:00","google-news","deccanherald.com","Deccan Herald","Bengaluru: Couple held for murder after 'road accident' turns out to be deliberate hit Deccan Herald","Bengaluru: Couple held for murder after 'road accident' turns out to be deliberate hit - Deccan Herald","https://www.deccanherald.com/india/karnataka/bengaluru/bengaluru-couple-held-for-murder-after-road-accident-turns-out-to-be-deliberate-hit-3779485"
,"https://deccanherald.com/india/karnataka/bengaluru/microsoft-techie-among-two-killed-in-separate-road-crash-in-bengaluru-3727761",,"BengaluruL Two people, including a software engineer, died in separate incidents in different parts of the city, the police said. .Swaroop (26), a resident of Papareddy Palya, died after his two-wheeler hit a road divider under the Jnanabharathi traffic police station limits around 11.45 pm. .Swaroop, who worked for Microsoft Corporation, was returning home from work when he reportedly lost control of his Royal Enfield motorbike inside the Jnanabharathi campus. The motorbike first hit a hump and then crashed into a road divider. He sustained grievous injuries and died on the way to the hospital, a Jnanabharathi police officer said. .The body was handed over to the family after the post-mortem. The police have registered a case. .In the second fatal accident, Nibin Jacob (28), a resident of Selvapura, near Chikkabanavara, died after his motorbike hit a roadside rock around 11.30 pm. .Jacob was riding with his friend on the pillion when he lost control of the two-wheeler and crashed it into the rock on Selvapura Main Road. While Jacob died on the way to the hospital, his friend escaped with minor injuries. .The Chikkabanavara traffic police visited the spot and carried out inspections. A case has been registered and further investigations are underway, a police officer said. .Jacob was a car mechanic and was returning from work when the accident occurred, the police added.","1393","CBMizAFBVV95cUxORTN4S3hZUXJXX3h3MGM3aFFuM3ZMSWZJLThDZngwRDN6STVuVW0xM1FEU25FUmlTY2l1cmhvT0tKcVk0R1c0MHY4ZS12YVhfSXNuTHZYSEhWSy1ubkNxdUZSQS1zOGl6ZkhXSnJLY25hY25VWlRablJ0T1NxU3FpMngzcEZrR3poNGRuREtHRmlULTVNSUF1bUZoVzNyczFXU2xVako2cmF5bVNZb3Ewa250YzJkbUVRZWNreFVKMEctc285amY0ZGlPTEU","",,"2025-09-14T07:00:00+00:00","""road accident"" ""Bengaluru"" ""Karnataka"" after:2022-12-31 before:2026-01-01","true","2026-09-24T19:04:05.587134+00:00","google-news","deccanherald.com","Deccan Herald","Microsoft techie among two killed in separate road crash in Bengaluru Deccan Herald","Microsoft techie among two killed in separate road crash in Bengaluru - Deccan Herald","https://www.deccanherald.com/india/karnataka/bengaluru/microsoft-techie-among-two-killed-in-separate-road-crash-in-bengaluru-3727761"
,"https://deccanherald.com/india/karnataka/bengaluru/tech-firm-ceo-family-killed-after-container-truck-falls-on-car-in-bengaluru-3327819",,"Bengaluru: A 46-year-old proprietor of a software company in Bengaluru was among five people from his family, including his two children and a niece, killed tragically in a road accident on Saturday on the outskirts of Bengaluru.The deceased are Chandram Yegapagol, his wife Gaurabai, 40, his children Gyaan, 16 and Deeksha, 10, sister-in-law Vijayalakshmi, 35, and niece Arya, 6. Yegapagol was the managing director and CEO of IAST Software Solutions Private Ltd in HSR Layout in Bengaluru. They also resided in HSR Layout.According to the police, Yegapagol and the five people were on the way to his native Morbagi village in Maharashtra’s Sangli district, which borders Vijayapura district in Karnataka, to see his ailing father and for Christmas holidays when the speeding container truck swerved to the opposite lane and crashed on their Volvo XC90 car, which the senior tech executive bought two months ago, killing them instantly.The accident occurred on the national highway near Nelamangala and a few kilometres from Begur after 11 am..Arrest warrant against Robin Uthappa for alleged EPF fraud; 'resigned years ago,' says cricketer.A preliminary probe by the police revealed that the Eicher truck containing aluminium pillars, weighing several tonnes, was moving towards Bengaluru. The probe indicated that the driver lost control of the vehicle while trying to avert a collision with another vehicle in front of him.The speeding truck lost its balance, jumped over the median and toppled on the Volvo car that was moving towards the Tumakuru side. The truck also hit a tempo before crashing down but with minimal damage.The grisly moment when the truck crushed the Volvo car was captured on a nearby CCTV camera, which is being analyses by the police. “All of that happened in a fraction of a second,” a police investigator said. A criminal case has been registered against the driver, who survived and is being treated at a hospital, and Bengaluru Rural SP CK Baba has appointed DySP (Nelamangala) to lead the investigation. .19-year-old youth killed in road accident in Bengaluru .‘He spoke on the phone 30 minutes prior’One of Yegapagol's relatives told the media that he spoke to them 30 minutes before the accident. “He was my cousin. Since there was no space in the car, we didn’t travel with them. My father spoke to them around half an hour before the accident and Yegapagol said they were nearing Tumakuru. This was the last time we spoke to them,” the woman, who wasn't identified, said. Set up the company in 2018As per Yegapagol’s LinkedIn profile, he has a diploma in Electrical and Electronics Engineering from GPT Gulbarga and a Bachelor of Engineering (Electrical and Electronics Engineering) from the National Institute of Technology Karnataka (NITK Surathkal).In his long career, Yegapagol worked in senior positions with renowned companies such as Robert Bosch Engineering And Business Solutions, KPIT Technologies, Great Wall Motor based in China before setting up IAST Software Solutions in Bengaluru in 2018.According to the company’s website, it has “a strong workforce of 100+ skilled engineers stationed across the globe, a wholly owned subsidiary in Shanghai, China and its strategic partners in France and Japan”.Sources close to his family revealed that Yegapagol expanded the business recently to Pune.","3342","CBMi1AFBVV95cUxObzYxTmRPZnQ3OHBmMzJMYzR6WUktSmF0M3ZOY1pJRE5HR2pPRXZOOEpCQ1NLWlBzNlRDdG1fMGItYTRDbjBVZ2VvMWRqdXp1Mm9wUzJLSTRnN3RqTzVlSkxtUDVWelJiVFJhTHhhcVNDVXdodTBOaExxbzZYOWRYandtXzI3b2xiNkVhRkhnUENLRnBNYnBJS0dwaG5uVTFMejJYeXhETTFzZDNhdDlmeGwzdFE1ank3MTRaSGU4ZjlJWnFnbGotTUdjS1FJZVNyTHUwUw","",,"2024-12-21T08:00:00+00:00","""road accident"" ""Bengaluru"" ""Karnataka"" after:2022-12-31 before:2026-01-01","true","2026-09-24T19:04:05.587224+00:00","google-news","deccanherald.com","Deccan Herald","Tech firm CEO, family killed after container truck falls on car in Bengaluru Deccan Herald","Tech firm CEO, family killed after container truck falls on car in Bengaluru - Deccan Herald","https://www.deccanherald.com/india/karnataka/bengaluru/tech-firm-ceo-family-killed-after-container-truck-falls-on-car-in-bengaluru-3327819"
,"https://indiatoday.in/india/karnataka/story/blue-car-in-front-suddenly-braked-claims-container-truck-driver-accused-in-nelamangala-bangalore-volvo-car-accident-that-killed-six-2654071-2024-12-23",,"Sudden brake by car in front caused Bengaluru car crash killing 6: Truck driver
The driver of the truck involved in the Nelamangala accident that killed six claimed he swerved to avoid hitting a car ahead that suddenly braked. This caused him to lose control of the steel-loaded container to topple and crush an SUV.
The driver of the truck involved in a fatal accident in Bengaluru Rural district, which killed six members of a family, claimed on Monday that a car ahead of him suddenly braked, forcing him to swerve and lose control. The truck, loaded with steel, toppled and crushed an SUV on the other side of the road, resulting in the deaths.Â
The accident occurred near Talekere, in Nelamangala region on the outskirts of Bengaluru this past Saturday. The victims, a family travelling to Vijayapura from Bengaluru, were trapped in the crushed SUV. Speaking to reporters from the hospital, the Jharkhand-based truck driver Arif stated he was traveling at 40 kmph when the car ahead braked abruptly.Â
In an attempt to avoid a collision, “I turned towards the road divider, but then saw another car and swerved left again, which caused the container to fall,” he said.Â
A Deputy Superintendent of Police (DySP) is leading the investigation, with CCTV footage from the accident site under review.
A senior police officer said, ""We are conducting a case study to consider road safety aspects. At this stage, revealing details might affect the investigation.""
“Driver Arif is under police custody. He's getting medical treatment. Accident matter is under investigation,” said Bengaluru Rural Superintendent of police CK Baba.Â
A 46-year-old proprietor of a software company from Bengaluru was among five members of his family, including his two children and niece who lost their lives to the unfortunate incident.
Â","1816","CBMipAJBVV95cUxNMkwxVFBBZjRrOFQzOHZRWDVUd2ZMQWR2WDN2dWFReGg2QkMzYWFFRWtSUDhfdUxkUlM0YnFQZ1YwUG1VNEVRRVFvbGZlT196bVZnTEpxRVlmSTJkSktOOFFIYXBGbjBfRDRfNmtzWmtrY05rWTM4UVh1Mko2VnVrVURHdXpWUEN5dnV3dzI5UzZlS2VJb2djcjJwY3hNM0oySjBXOG50cmJkMHNOY2V5Z2I3ZEh0OTIycmItRnRZM2ZGMUhnYjh4TUpOdTFDd3J5STU1S09EUWJaa3VMenBBcXhWSkpxMnRTVkJxUm9NYjJPazlIblBOc1NHY3M3VXV1WDh0SEFMZ3JlZnhPdXdCSEZSRWhBaENrYjVIaTlFTVRXYzlI0gGqAkFVX3lxTE9XLUJEY2dhSXh4bXNjOVNzZ2hIVmE2cnlWb3B2Rk96LUJkWk9VeEFKamN0YmYyYnZteFFqQ3pHcDItV0RpNVlMLTFONE1XSVV3ZExneFBRVzQzbUhvbGdDSl93QXhlVzk2VE5IaE9DR1RaQjhlaEhmU1d5U21kMHRsencwdHVjbWJKeGR4VVNBVzJVN0sxVWkxTmlIdzc4Q2s2Y2ZHcnRZaF9BbVlsbHJZUkdwVDdYTzROU1l2WVVkaHNSTzg5QUlkS3NrenA5dndmUTE5d1llQWcwUXZZUTl4TE0wbzVHWjBfV1dUWDQzeXBlMmxRV2g4M2tXRHBqd2xTZmsyQXRneTY0ZWdqQWJmVFctNnhzTHBMclVuSTdSaTBScFZ5b005UUE","",,"2024-12-23T08:00:00+00:00","""road accident"" ""Bengaluru"" ""Karnataka"" after:2022-12-31 before:2026-01-01","true","2026-09-24T19:04:05.587342+00:00","google-news","indiatoday.in","India Today","Sudden brake by car in front caused Bengaluru car crash killing 6: Truck driver India Today","Sudden brake by car in front caused Bengaluru car crash killing 6: Truck driver - India Today","https://www.indiatoday.in/india/karnataka/story/blue-car-in-front-suddenly-braked-claims-container-truck-driver-accused-in-nelamangala-bangalore-volvo-car-accident-that-killed-six-2654071-2024-12-23"
,"https://indiatoday.in/india/story/6-killed-in-road-accident-truck-overturns-on-car-bengaluru-highway-nelamangala-2653492-2024-12-21",,"Six, including 2 children, killed after truck hits car on Bengaluru highway
The incident occurred around 11.00 am on Bengaluru National Highway when a container truck, carrying a large cargo, overturned and crushed a car and a two-wheeler.
Cranes were deployed to move the wreckage of the damaged vehicles.
Six people, including two children, were killed afterÂ a container truck, carrying a large cargo, overturned and crushed their car and a two-wheeler in its path on the Bengaluru National Highway near Nelamangala on Saturday, officials said.Â
TheÂ accident caused immediate chaos, with local residents and commuters rushing to the scene to assist the victims. Emergency response teams arrived at the spot, and cranes were deployed to move the wreckage of the damaged vehicles.
Authorities are investigating the cause of the truck’s overturn, and efforts to clear the wreckage continue.
- Ends","898","CBMi0AFBVV95cUxOMm41V2RFemtUZEhlNFJ6eUYtS1dZd25yUUtRbzEyN1ZXRkRuUTdHX19kdEk1TV8yM04tei1fZDRINHB6RnlOZGxCTjNfdnpWMWRpcWNkenF2UFBZOEFTQUpkM0dHY292R0ItRXMtc3E4SHZuRWhWZ1MtakZRS3dtUk92T05yaTdSdTBUbUNXelB2V3NWYlQxMXFXMFczSHN2RVI2MUNCeHRtMFpVS3hZY2V0QWxBejd2VDVmSWdJYVNLTktYb0V1RWdTeF9mbEhw0gHWAUFVX3lxTE8xcUNHa05OSU5SQlRRQk1JcjJzNk41bkROQk9hR3RyT3JMS3FPVjhoU3pUeWRMTFQzUzluSFlsTkd2S0haRnAzeFRwN0VqY2ppUDIxTE1Kd2x0U0RDVHMzN2swRHozUWEzanNEVWdBWG5DSTE3YzZBeEJXRTFoSUhabmwwZDZMUHlNcHowbG8ta1BtOWdybHZRNkg1WjNhSFZOOFNTaGMtNi1UUDMxSGk5UkF4SG9iUUtlVlNyb0k2bFh5UzRWSnVnSk16dkN3cWZTLUx2WUE","",,"2024-12-21T08:00:00+00:00","""road accident"" ""Bengaluru"" ""Karnataka"" after:2022-12-31 before:2026-01-01","true","2026-09-24T19:04:05.587388+00:00","google-news","indiatoday.in","India Today","Six, including 2 children, killed after truck hits car on Bengaluru highway India Today","Six, including 2 children, killed after truck hits car on Bengaluru highway - India Today","https://www.indiatoday.in/india/story/6-killed-in-road-accident-truck-overturns-on-car-bengaluru-highway-nelamangala-2653492-2024-12-21"
,"https://indiatoday.in/india/andhra-pradesh/story/two-die-four-others-injured-as-bengaluru-familys-tirupati-trip-ends-in-road-accident-2718809-2025-05-02",,"Two of Bengaluru family travelling to Tirupati die in road accident, four injured
A family travelling from Bengaluru to Tirupati for Tirumala darshan met with a road accident near Kashipentla Heritage, leaving two dead and four seriously injured. Investigation is underway.
A road accident in Tirupati in Andhra Pradesh claimed two lives on Friday, while four others sustained serious injuries. The incident occurred when a family was travelling from Karnataka’s Bengaluru to Tirupati for darshan at Tirumala.
According to initial reports, the vehicle carrying the family met with the accident near Kashipentla Heritage under circumstances yet to be fully ascertained. Emergency services rushed to the spot shortly after the crash, and the injured were immediately shifted to Ruia Hospital in Tirupati for treatment.
Chandragiri police arrived at the scene and have registered a case. An investigation is currently underway to determine the cause of the accident.
In a separate incident on Monday, a road accident in Tirupati district, resulted in the deaths of five people and left two others seriously injured when their car collided with a container truck. The victims, who hailed from Bengaluru in Karnataka and Hosur in Tamil Nadu, were travelling in a Maruti Ertiga along a national highway when the crash occurred.
According to Chandragiri Deputy Superintendent of Police (DSP) Prasad, the Ertiga was trailing a container truck when it suddenly rammed into the rear of the larger vehicle. The impact was so severe that the car became lodged beneath the truck, which continued moving briefly before the driver realised what had happened and came to a halt.
The deceased were identified as Vijayalakshmi (50), Sahana B S (34), Rajani S R (27), and R Lekhan Gowda (11), all residents of Bengaluru, and Thiagarajan (48), the driver from Hosur. Two other passengers, Geethamma (51) from Hassan, Karnataka, and Krisvin (15), son of Thiagarajan, were seriously injured and rushed to SVR Ruia Government General Hospital in Tirupati for treatment.","2046","CBMi7AFBVV95cUxOMmtSaWxMLXNZUk9nd1FqVmtpTlFPaGEtY2ZLWGFRaUlZRENPT3JOYnoxYzBHMWthUm93WW1LN2NVZGxxeFhmdVlQcW5zWElGTnpMbXA3OXYzcFNnMXdVNndsbHMyU2VNQ0VlN01pZkdQNDZSY1NBb3pZR3ZvYTJZc3NwdGJON2ROLTZna2Fod3ZUWk95d3RlVVVQWWhOYkhINk40QVIzRG1pN2pDQnF4WXdWUmdMRlJJV21wUlktTVRjanJtRW5FOVFfd19zdGgtbWw3VFNUT1V3emV2QW5kc29mQ1UybDdhQjgyaNIB8gFBVV95cUxQUGhIV3VOeEFPRnkxNVFJdkJYSW9YMWMzU0FSWU9KMlUyb1dUMGhSZTlMLUJWTVNld2huQW9nQ3dXdkV5ZFg5RXpuWlhFM3hqaVFlZE1reDNRdmotcW9XYkp0dHJUN0xjM2lHYnIyTjNYRzRUbjBndndLaGluejVBUURuckFEbU9CVzhhTlRJcXpZbWg1UHY0OEZJV18wU01uazdGbFVGZXM4YVJ6SjNrSDBxV0JValZNZG5MbW5RSzJObnFqTjZlSHhfbnRNLUhmSlVrM2FVeWJYRjhrbm5XcTFadTlQTDI3RjF2VjhmS1E4UQ","",,"2025-05-02T07:00:00+00:00","""road accident"" ""Bengaluru"" ""Karnataka"" after:2022-12-31 before:2026-01-01","true","2026-09-24T19:04:05.587432+00:00","google-news","indiatoday.in","India Today","Two of Bengaluru family travelling to Tirupati die in road accident, four injured India Today","Two of Bengaluru family travelling to Tirupati die in road accident, four injured - India Today","https://www.indiatoday.in/india/andhra-pradesh/story/two-die-four-others-injured-as-bengaluru-familys-tirupati-trip-ends-in-road-accident-2718809-2025-05-02"
,"https://deccanherald.com/india/karnataka/youth-killed-in-crash-involving-car-linked-to-ex-minister-of-karnataka-h-m-revannas-son-3828724",,"Bengaluru: A 27-year-old died instantly in a road accident that occurred late Thursday night near the Gudemaranahalli toll gate in Magadi taluk, Bengaluru South District. The tragedy involved a car owned by R Shashank, son of former Minister and Chairman of the Guarantee Schemes Implementation Committee, H M Revanna.The accident took place around 11 pm. The deceased has been identified as Rajesh (27), a resident of Belagumba village in Magadi Taluk.Rajesh, who worked for a private company in Bengaluru, was returning home on his scooter after work when the car (Registration No: KA 51 MQ 0555), travelling from Magadi towards Bengaluru, collided with him. Rajesh sustained severe injuries from the impact and died on the spot..Bengaluru Traffic Police crackdown: In 1 year, 97,700 parking & footpath cases .There are conflicting accounts regarding who was driving the vehicle at the time of the accident. According to the allegations made by Rajesh's family members and locals, it is claimed that R Shashank, the former minister's son, was driving the car during the incident.However, former Minister H M Revanna has denied these allegations. Responding to the media on Friday, he stated, ""My son was not driving the car when the accident occurred; the driver was behind the wheel.""The Kuduru police have seized the car registered in R Shashank’s name. A case of an accident has been registered at the Kuduru Police Station, and an investigation is under way to determine the identity of the driver.Police sources indicate that CCTV camera footage is being reviewed, and a case has been registered against the driver in connection with the incident.","1654","CBMi1wFBVV95cUxQdVlPVFZMN2tCdERyeW5UZ2YtaEVQN1NZNzRrMzdlWmxfYW4zbzA4NWhJV0pwZ0h0Ump1M2R2YzBTQXNEWlY4aTRoTURtaWJqSldENEZTTUhOR0RReXhCSzlPZTR1S1FCUVUyMVFoMTNVUFpFT1FqRGVMUEZscGtnM0drNU1mQWY2SE1nQ0t2WkcxVmZvMlRwWnVqUWNKQWNLcjM1ZFBOR1QwQWVwRXd4MW52Z2NfSmVrYlhUcHd2NUpEZlNvOWwxY21PSWxENjV2RFk5RmlCbw","",,"2025-12-11T08:00:00+00:00","""road accident"" ""Bengaluru"" ""Karnataka"" after:2022-12-31 before:2026-01-01","true","2026-09-24T19:04:05.587488+00:00","google-news","deccanherald.com","Deccan Herald","Youth killed in crash involving car linked to ex-Minister H M Revanna's son Deccan Herald","Youth killed in crash involving car linked to ex-Minister H M Revanna's son - Deccan Herald","https://www.deccanherald.com/india/karnataka/youth-killed-in-crash-involving-car-linked-to-ex-minister-of-karnataka-h-m-revannas-son-3828724"
,"https://thefederal.com/category/states/south/karnataka/karnataka-3-women-killed-in-road-accident-in-tumakuru-159140",,"Karnataka: Delhi-based journalist, two other women killed in road accident in Tumakuru
In the bus accident, three women died on the spot, including a woman journalist from NewsX, while the injured have been admitted to a government hospital
Three women, including a Delhi-based journalist, died and several people were injured when a bus from Goa crashed into a divider on the Chikkanahalli flyover in Sira Taluk in Tumakuru in Karnataka, in the early hours of Monday (December 2).
Police said, the bus carrying about 30 passengers was heading towards Bengaluru when the accident occurred at around 4.30 am.
Three women died on the spot, police said, adding that the injured were admitted to Sira Government Hospital, police added. The deceased have been identified as Urvi Nayan (28) from Lucknow, Uttar Pradesh; Priyanka Mandal (26) from Kolkata, West Bengal; and Shubhali Singh (26).
Also read: Karnataka IPS officer on way to take up first posting dies in accident
Among them, Urvi was a journalist based in Delhi and worked as a reporter for News X, according to sources. All three were reportedly traveling from Goa to Bengaluru. The identities of two other victims are yet to be confirmed.
Ankint Singh (30), an employee of TCS Bengaluru, sustained serious injuries. District Superintendent of Police K.V. Ashok and other officers visited the site and conducted an inspection.
The bus belonged to Sun Riser Travels, which was coming from Goa to Bengaluru when the mishap occurred on National Highway-48.
(With inputs from agencies)","1538","CBMitgFBVV95cUxOX3lOd0Z4WDh6NzZVODlQYjJORF9BM2cyMkh1QVhDcGdUcThnV0lXeWhJRGFmUUVEd0UxX3k5M3ZrWGlOSXZ2LTZLcXI3eHdDTlNxRnY0bVVlSmZGUG1JZ2ZMaUFuTjh6OGxsTnducDFBWnFqUFZPWVM3cE1ZbUI2Rnc0QmF4eFZFWDJTMFdmNUpMbjh4amwzMGhpc1UwQVlZMEVzU1M3dndBWjF4X0Z6MDB3OXl3QQ","",,"2024-12-02T08:00:00+00:00","""road accident"" ""Bengaluru"" ""Karnataka"" after:2022-12-31 before:2026-01-01","true","2026-09-24T19:04:05.587546+00:00","google-news","thefederal.com","The Federal","Karnataka: Delhi-based journalist, two other women killed in road accident in Tumakuru The Federal","Karnataka: Delhi-based journalist, two other women killed in road accident in Tumakuru - The Federal","https://thefederal.com/category/states/south/karnataka/karnataka-3-women-killed-in-road-accident-in-tumakuru-159140"
,"https://indianexpress.com/article/cities/bangalore/nhai-bans-two-wheelers-bengaluru-chennai-expressway-road-accident-9867602",,"Stay updated with the latest - Click here to follow us on Instagram
The National Highway Authority of India (NHAI) Monday banned the entry of two-wheelers on the Bengaluru-Chennai Expressway, a day after four people, including a two-year-old girl, died in an accident on the newly built but yet-to-be-inaugurated highway.
An SUV lost control and crashed head-on into a two-wheeler in the opposite direction near Kuppahalli in Bangarpet in the Kolar district of Karnataka Sunday night. The deceased were identified as Mahesh, 45, the SUV driver; Ratnamma, 60, a relative seated in the front; Udvitha, 2; and an unidentified bike rider, who all died on the spot due to the severe impact.
Mahesh’s family members Sushmitha, Virutha, Sujatha, and Sunil, who were travelling in the SUV, sustained injuries and were rushed to hospitals in Kolar Gold Fields for treatment. The family, residents of Kammasandra in KGF, were returning from Bengaluru when the accident took place. The police said preliminary investigations suggest that overspeeding led to the accident and that the collision’s force severely damaged the SUV’s front portion.
“We suspect rash driving and speeding are the primary causes. A forensic analysis of the vehicles and accident site will provide further clarity,” a senior police officer said.
The 68-km stretch of the Bengaluru-Chennai Expressway was informally opened for vehicular traffic last month. NHAI finished the construction of a 71-km stretch in Karnataka and opened a 68-km stretch for vehicular traffic last month. The remaining 260 km stretch from Hoskote to Sriperumbudur, near Chennai, runs through Andhra Pradesh and Tamil Nadu, and is expected to be opened by the end of this year.
The ban on two-wheelers, similar to the one on the Bengaluru-Mysuryu Expressway, initially applies only to the Karnataka stretch, and the authorities may extend the restriction further when the rest of the expressway is completed.","1946","CBMiwwFBVV95cUxOVHJNcFpEY2RJMHlFbUtXa0NaRTE4MEY2S0Z6bVZDb0J4bDItQlNpaWVWbWVBc1REZEVYT25tTVdXM1ZHcTJKXzE5ZjNjV1NNeWVtY2NtYU1HQ0hpeWdjREJWRVdRZjFGSzhRdkliVzZicXh4WlJwQ1ZNQU93TG9fUVhUcUdkenFHN2ZFOF9EVXFDb2NMZHNqVHVRSkxid05xYU0zOTY0Qm41QTkybGhhSlRaeVp5YndjZkQwZGpIQ05rQVnSAcoBQVVfeXFMTUxPb09tMjFQaENRWGlKSnVxRDFxank2eHhpYXNPdnhncXpDcXhzTzh3TUt3SlJJM3h4S3I2SnRFc2hwalhJMnVfY0dHLUNYNDRDRFJxMW1KcThKenh0WGNycU5GZlFPMWM5SlpCazFNRTZjTTZwNnhtYjhhbmhTU2dvYVFKd1V1UWVDOHNkTERQMjBNdmVmZmlqbXpCRjl4UVViQzI4ekpXbE04Z3pzZUdXTzhTbnZ6WFY3LWdwVGhUUmhEQ3VnQ2x1Zw","",,"2025-03-04T08:00:00+00:00","""road accident"" ""Bengaluru"" ""Karnataka"" after:2022-12-31 before:2026-01-01","true","2026-09-24T19:04:05.587603+00:00","google-news","indianexpress.com","The Indian Express","NHAI bans two-wheelers on Bengaluru-Chennai Expressway after 4 die in road accident The Indian Express","NHAI bans two-wheelers on Bengaluru-Chennai Expressway after 4 die in road accident - The Indian Express","https://indianexpress.com/article/cities/bangalore/nhai-bans-two-wheelers-bengaluru-chennai-expressway-road-accident-9867602/"
,"https://countryandpolitics.in/2025/05/29/three-including-pu-student-killed-in-seperate-road-accident-in-bengaluru",,"Pramesh S Jain
Three persons including a PU student was killed in separate road accident in Jnanabharathi and Magadi road traffic police station limits on Monday.
According to senior officer,Balaji,resident of Ullala was on his way to college on speeding canter crashed into his scooter near MES layout.The severely injured Balaji was taken to the hospital where he succumbed .
Few hours later 38-year-old water purifier serviceman was killed in a self accident near Ullala bridge on NICE road .
The deceased Anil Kumar was riding in rash and negligent manner lost control and crashed into a goods vehicle moving ahead.He sustained severe injuries and killed on the spot .
Earlier,18-year-old Praveen was killed on the spot when he lost control over the scooter he was riding crashed into the vehicle and succumbed to his injuries near Magadi road metro station.
Praveen,working in a cloth store was heading to work when the accident occurred.He was not wearing helmet and riding the scooter in rash and negligent manner.
Unable to control he crashed into the goods vehicle moving ahead and sustained severe head injuries since he was not wearing helmet.
The police have registered a case of accidental deaths and looking for the drivers of goods vehicles for further investigations.","1283","CBMiugFBVV95cUxOR2hxbkRuUWdzWlFvMi03Q3dCNGpaOTJ0SnpiT3lXTFNEWDRtY052cjJDVkJUa1pOQnZ1MnNzUHl3OUtTM3lPS3hvNElWQ3FTNXJKX2ZSc0hlcURRT3lxT3F5RXJuVFE2anJwTHQ1VFB3SS1QNXlWeFVOQ1NOemxybWtyR0hpVFVnQUJNR1c0cUFEbGRzZnhvUDdMTjQ2eV9mQ0w0SUVtV0xaN1g5VFdYaUQ5bHptT2ZJZUE","",,"2025-05-29T07:00:00+00:00","""road accident"" ""Bengaluru"" ""Karnataka"" after:2022-12-31 before:2026-01-01","true","2026-09-24T19:04:05.587698+00:00","google-news","countryandpolitics.in","Country and Politics","Three including PU student killed in seperate road accident in Bengaluru Country and Politics","Three including PU student killed in seperate road accident in Bengaluru - Country and Politics","https://www.countryandpolitics.in/2025/05/29/three-including-pu-student-killed-in-seperate-road-accident-in-bengaluru/"
,"https://deccanherald.com/india/karnataka/bengaluru/chain-road-accident-on-orr-flyover-3361320",,"Bengaluru: A chain road crash on the Devarabeesanahalli flyover along the Outer Ring Road damaged two cars and two two-wheelers on Friday evening. .The incident occurred around 5.30 pm, on the lane carrying vehicles towards Bellandur, not very far from Ecospace. .Missing 7-year-old boy found drowned in Bengaluru pond.A photo posted on X by @Gange_putra showed a car on its side. .According to the police, nobody sustained any major injuries and a case was not registered, as of Friday evening. The crash, however, severely affected evening peak-hour traffic that came to a standstill.","586","CBMingFBVV95cUxOWmVNRGFxeU5kdlFybWlXRjc0QXl4VmwySi1idDUtQXZOR1ZrbmRTMGE3c3RUeWdmeFhNQzlhT3hwQXJNX1VDNkFveXdXWkYtTl9FSjZ6VWo5QmgwZ0VrUl9UaVZrX3BKR2VOd3U5QWlaMkx3RWEwYklaTGFyM1NHLXZwMlJMemI3dDlKVkFpTTlwcEFhMlRINTREQ0Zadw","",,"2025-01-17T08:00:00+00:00","""road accident"" ""Bengaluru"" ""Karnataka"" after:2022-12-31 before:2026-01-01","true","2026-09-24T19:04:05.587746+00:00","google-news","deccanherald.com","Deccan Herald","Chain road accident on Bengaluru's ORR flyover Deccan Herald","Chain road accident on Bengaluru's ORR flyover - Deccan Herald","https://www.deccanherald.com/india/karnataka/bengaluru/chain-road-accident-on-orr-flyover-3361320"
,"https://hindustantimes.com/india-news/horrific-bengaluru-accident-that-killed-ceo-his-family-in-volvo-sparks-debate-on-road-safety-101734867566836.html",,"Horrific Bengaluru accident that killed CEO, his family in Volvo sparks debate on road safety
A tragic accident near Bengaluru where a truck overturned and crushed a Volvo SUV has ignited discussions on road safety and the need for stricter regulations.
A devastating road accident near Bengaluru that claimed the lives of six members of a family on Saturday has sparked a debate on whether cars made to be safe are effective on unsafe roads. The family was traveling in a Volvo SUV when a container truck overturned and crushed their vehicle, killing everyone inside.
The accident occurred on National Highway 48 near Nelamangala, on the outskirts of Bengaluru.
How did the accident occur?
A preliminary investigation by the police has revealed the sequence of events leading to the tragic accident that claimed six lives. An Eicher truck, carrying aluminum pillars weighing several tonnes, was en route to Bengaluru when the driver lost control of the vehicle while attempting to avoid a collision with another vehicle ahead.
Traveling at high speed, the truck veered off course, crossed the median, and overturned onto a Volvo car heading towards Tumakuru. The impact was catastrophic, leaving the car severely damaged. The truck also collided with a tempo before coming to a halt, though the damage to the tempo was minimal.
The shocking moment when the truck crushed the Volvo was captured on a nearby CCTV camera. Police are currently analyzing the footage as part of their ongoing investigation into the accident.
The deceased have been identified as Chandrayagappa Gaul (48), his wife Gaurabai (42), and their relatives Vijayalakshmi (36), John (16), Deeksha (12), and Arya (6). The family was on their way to Vijayapura when the tragedy struck.
Who is Chandram Yegapagol?
Chandram Yegapagol, the CEO and managing director of IAST software solutions, was a prominent figure in Bengaluru's tech industry. A resident of HSR Layout, Yegapagol hailed from Morbagi village in Maharashtra's Sangli district.
Yegapagol's educational background boasts impressive credentials. He held a diploma in Electrical and Electronics Engineering from GPT Gulbarga and a Bachelor of Engineering degree in the same discipline from the esteemed National Institute of Technology Karnataka (NITK) Surathkal, as per his LinkedIn profile.
According to eyewitnesses, the truck driver, Arif, lost control of the vehicle while trying to save a car that suddenly stopped in front of him. The truck jumped the divider and crashed into the Volvo SUV.
The family was on the way to Vijayapura when the accident occurred. As the truck fell on it, the car was badly mangled and the bodies were dismembered, a police officer said.
Raging debate on social media
The accident has sparked a conversation on social media about road safety, with many users pointing out that even the safest cars cannot save lives if others on the road are driving recklessly.
DriveSmart, a social media handle dedicated to promoting road safety, shared disturbing images from the accident site where a Volvo SUV was crushed by a container truck, claiming six lives.
The X handle issued a stark warning, stating, ""This pic is a reminder that being safer on the road is not achieved by a safer car alone. Safe Roads + Safe Driver + Safe Car --> All three are essential for safety (sic).""
Some users, responding to the post, said that while Volvo is renowned for manufacturing safe vehicles, no car can withstand the crushing weight of a container loaded with aluminum.
Others took to tagging Road Transport and Highways Minister Nitin Gadkari, urging the government to implement stricter rules and regulations to ensure road safety, highlighting the need for more robust measures to prevent such devastating accidents in the future.
Recently during a debate on road safety in the Parliament, Union Minister stated that the number of accidents has gone up significantly. ""Forget about reducing the number of accidents, I have no hesitation to admit that it has been increased. This is one area where our department has not achieved success,"" Gadkari said during the Winter session of the Parliament.
He also expressed discontent over the fact that despite so many people dying in road accidents, there is still no fear of law. ""Some do not wear helmets, some jump red signal,"" he said during the Question Hour, while describing the ""strange"" situation.
The union minister noted that parking of trucks on road is a major cause for accidents and many of the trucks don't follow lane discipline.
According to government data, over 1.78 lakh people died in road accidents in India last year. This is about 470 deaths every day and a majority of victims are in the 18-34 years age group.","4730","CBMi6wFBVV95cUxNUTNVU3JTYjgzZVNtM3UwbU9EbjBCZ0xnYnJmQjE0a0w3WDBRQy1ZWTJkSXdqR3hMXzJPS2IxUXVJemVNSnI2X0kwWGM0R0tsVWNzSTBYR1RkOVNWS3pBQ0lZZkRwWHVMamhjUjd4bFJyYklBVjI4dGlyYmsxRmd0WG9halFPSUVOSWh2Q0tWMUotTTVXS2JoZ2lrZ094M1R2WWhQekt0MFd4YlB0MWxzTFAyYUtES0Q0WVpxc3NWdE9RM3FYLTA5MVZhbF9JYVJVaUxwZDlxX2RDMEFtUVBMZ3UwV1B5bDlaYjR30gHwAUFVX3lxTFBfbTV3VVJfMnN4NGdDY0NDcDRRMEppMXdEdVY2QXJLSEdRTDFXZE8tY3ljZlN6UHRYZDJoeEZVbGdEcHNvc2EyNkxLN1RkeXFZaVQwcW02Znh6OE1BMXBVdm45Q0xVWkd1VXJvZ2doX3FWNFZmRkw4QUtYcmNjalR1anBGaDFmcEdiXzhwVVFoRVVMeXBBSDR0ZkZqRm8tWnA4QTlFS2tsSVFiSFNSYUVTYk13SHotWVhLLUZFV2ZsNGJpQW9BWWNZVHhpa1Q0WHRpaC1ydnZqTVYtcC0wNFJtNnBYVWt4NXp3WUdrT1pnaQ","",,"2024-12-22T08:00:00+00:00","""road accident"" ""Bengaluru"" ""Karnataka"" after:2022-12-31 before:2026-01-01","true","2026-09-24T19:04:05.587820+00:00","google-news","hindustantimes.com","Hindustan Times","Horrific Bengaluru accident that killed CEO, his family in Volvo sparks debate on road safety | India News Hindustan Times","Horrific Bengaluru accident that killed CEO, his family in Volvo sparks debate on road safety | India News - Hindustan Times","https://www.hindustantimes.com/india-news/horrific-bengaluru-accident-that-killed-ceo-his-family-in-volvo-sparks-debate-on-road-safety-101734867566836.html"
,"https://newindianexpress.com/states/karnataka/2025/Nov/15/three-killed-in-car-crash-on-mangalurubengaluru-highway-locals-blame-unscientific-traffic-circle",,"MANGALURU: Three people were killed and six others injured in a road accident on the Mangaluru–Bengaluru National Highway in the early hours of Saturday near B C Road in Bantwal.
At around 4.40 am, group of nine devotees from Bengaluru was travelling to the Sri Krishna Math in Udupi when their Innova car crashed into the Narayana Guru Circle after the driver reportedly lost control.
The impact killed Ravi (64), Nanjamma (75) and Ramya (23) on the spot. The remaining passengers, Susheela, Keerthi Kumar, Kiran, Bindu, Prashanth, driver Subramanya and others, sustained serious injuries and are undergoing treatment at a local hospital. All passengers were relatives.
Bantwal Traffic Police have registered a case under Sections 281, 125A and 106 of the Bharatiya Nyaya Sanhita.
Local residents alleged that the traffic circle constructed as part of the B.C. Road–Addahole highway project is unscientific and poses safety risks.","931","CBMi7wFBVV95cUxPSEp2ZENOV3dBNUJlNFJQcVMtbE5xZ1JjNmo3Y1NvdEpIT3ZYTHZpd1ZweWQtV2xKRlJmU3UzN3lVZGp5dW1Dcmt1TnIyZGZ5b2VBS24xTHNWUGxrOEhnT2E4T3VIMXZJc2N6OFl2WE1FOUNwR3lQM05kaWRSeHpCT00zZVFSbnlXTDMyaWRmcmlCLXhXakFFS0pIbGxNb185VlJjYjZ4RlNpQk1iRklJR2hRZzB6ZGpiYWdBTHBVa0JwdXJIMFVpc1lLeXZQTFFDNXF4bklSZmNhZm1IVzFNeVpjbzI3NGZSZ0MwaEVSY9IB_AFBVV95cUxPbDZib1lJTFhnMW1kRFFSbkdfN2cxS0R1RUhvTl9wMGJpS0VTTnRVa0ptZFA5OC1FUU1nQ3poNTE1UFExTzBOdDU1SVc2a3lLRldtSVBlQUFSOGJXUldIdEhIR1dqa09WMEphSGkzakNmYzBTTmlXZGJqNGswZkc3Vk5QeVIyTDFHMkVaT1RvcTFEZS1mUlhwamI3T3gtQzFmQ1NvU0FVYVZGMWxKRlV2eDRVMTE0NnFucU9iVHpIdmxYQUtkYW5tMi1VZS1IZkVoVTFFWWJNZTFRMXdxbk1ZakM0Znk0eWNmSmE4bDZJUmlwMS1aRkVJcXByNVc","",,"2025-11-15T08:00:00+00:00","""road accident"" ""Bengaluru"" ""Karnataka"" after:2022-12-31 before:2026-01-01","true","2026-09-24T19:04:05.587894+00:00","google-news","newindianexpress.com","The New Indian Express","Three killed in car crash on Mangaluru–Bengaluru highway; locals blame unscientific traffic circle The New Indian Express","Three killed in car crash on Mangaluru–Bengaluru highway; locals blame unscientific traffic circle - The New Indian Express","https://www.newindianexpress.com/states/karnataka/2025/Nov/15/three-killed-in-car-crash-on-mangalurubengaluru-highway-locals-blame-unscientific-traffic-circle"
,"https://thenewsminute.com/karnataka/bengaluru-youth-killed-in-crash-involving-suv-registered-to-cong-leader-hm-revannas-son",,"A youth was killed in a late-night road accident near Magadi in Bengaluru South district on December 11, involving an SUV registered in the name of Shashank Revanna, son of HM Revanna, a former minister and currently Chairperson of the Guarantee Schemes Implementation Committee.
The accident occurred around 10.30 pm near the Gudemaranahalli toll booth in Magadi. The deceased, Rajesh, was travelling on his scooter when it was hit by an SUV moving from Magadi towards Bengaluru.
Rajesh, who was in his mid-20s and hailed from Belagumba village in Magadi taluk, worked with a private firm in Bengaluru to support his parents and sister.
Police from the Kuduru station have registered a case and seized the SUV involved in the crash. A senior police officer said the vehicle is registered in the name of R Shashank. “A case has been filed and we are investigating who was driving the vehicle at the time. We do not yet have clarity on the occupants of the car,” the officer said.
According to initial information, the SUV, reportedly a Fortuner linked to the Revanna family, collided with Rajesh’s two-wheeler while attempting to overtake another vehicle. Police sources said a notice has been issued to the family as part of the investigation.
“We do not yet know who was driving the car or who was inside the vehicle; all of that is subject to investigation,” an official said, adding that a detailed probe is underway.
HM Revanna denied that his son was driving the vehicle. He told the media that the SUV was being driven by their driver at the time of the accident. He said he knew the family of the deceased and would speak to them, and rejected allegations that his son had attended a party or was driving under the influence of alcohol.","1744","CBMixgFBVV95cUxQUU9iWDNjb0gzc01mQ3JNd2hCUlhuQ1B4N29ySTNuV05HNUVzMHFfbVRUaHZfWTJCalhHMHR0T3AzNktIbjdXcG84VExfWkJLaEdsZnpCS0lxRld0NEJYYWJRTUdURm80aG5EQzV3S2ZiWi1yQTJFeER1YXozVDBvQ2g4YUFWSlRxakNqOG82NWlTZ29sczUxX2VmV29wdkI4anlZVU5tTmY2bFQ4eFRlSFNqZWdXUnBQY25ZTFZJT29BTmhoT3fSAdMBQVVfeXFMTnZnX04ySDgwRzZsclM0MHZrbDk3ZEJUWEhRclR5UkhkZDVsT2JFaDlxUHN2NjIzaGxEcFBTaEJqR0tIRFJ4RnJqWnJYLVhFTWhPN1dMRkVKeWh0OTZLeWp2YlMzdGhRc1FudW1tc1FHN2djZlZ4MkxhM3JETUlWYnNrNmNBMnhqLUlOLXZvWUMwS0dObEZselVPSUF0Sld1WFg1MWNnYk4wZHBXMHZyUkp0Q0E3UWFtcTlxeGtzTU5wLWtsUC03UWxEZDlleWZrTE1OUQ","",,"2025-12-13T08:00:00+00:00","""road accident"" ""Bengaluru"" ""Karnataka"" after:2022-12-31 before:2026-01-01","true","2026-09-24T19:04:05.587945+00:00","google-news","thenewsminute.com","The News Minute","Bengaluru: Youth killed in crash involving SUV registered to Cong leader HM Revanna’s son The News Minute","Bengaluru: Youth killed in crash involving SUV registered to Cong leader HM Revanna’s son - The News Minute","https://www.thenewsminute.com/karnataka/bengaluru-youth-killed-in-crash-involving-suv-registered-to-cong-leader-hm-revannas-son"
,"https://thefederal.com/category/states/south/karnataka/bengaluru-techie-dead-chitradurga-karnataka-road-crash-222468",,"Bengaluru techie, set to marry in April, among Chitradurga crash victims
The bereaved family members of Navya Manjappanna, who were preparing for the wedding, now struggle to identify her charred body
Her family was preparing for grand celebrations as she was set to tie the knot in April. Gold jewellery had been bought, a marriage hall booked, and everyone was looking forward to the occasion. But Christmas Day robbed them of it all, thanks to a deadly road crash in Chitradurga district of Karnataka, and one can now hear the silence of a graveyard in what was supposed to be a place of merrymaking.
Also read: Chitradurga crash: Meet Sachin, the braveheart driver who saved 40 schoolchildren
Navya Manjappanna, the family’s beloved daughter and a software engineer by profession, was among the five who were charred to death in the crash that took place near Hiriyur early on Thursday (December 25) after an out-of-control container lorry rammed a luxury sleeper-coach bus, which was heading to Gokarna from Bengaluru.
She was going to Gokarna for a holiday with two friends and was set to return on Sunday (December 28). Her family members now struggle to recognise her and are waiting for a DNA test report to arrive.
Nayva's bereaved father
Manjappa, Navya’s father, is inconsolable. He is yet to come to terms with the fact that his daughter would never call him again. He and other members of the family rushed to Chitradurga District Hospital, where the bodies of the deceased were kept for identification.
Since some of the bodies, including that of Navya, were charred beyond recognition, and the families failed to recognise them, doctors resorted to DNA testing. Blood samples were collected from the family members.
Also read: Bus driver recounts moments before fatal Chitradurga road accident
Manjappa’s grief, which left people around him at the hospital teary-eyed as well, told The Federal about all his efforts to make his daughter succeed in life and mentioned how the family was looking forward to her marriage.
“I worked very hard to educate my daughter. After completing her BE (Bachelor of Engineering), she was working at Manyata Tech Park in Bengaluru. The wedding was scheduled for April. We had made all preparations. She said she was going to Gokarna with her friends on vacation. She said she would come back on Sunday, but now she will never come,” the man, who runs a small canteen in Channapatna, from where the family hails, said between sobs.
Navya's friend also dead
One of Navya’s friends, Manasa, was also among the dead. Of the five victims, three — Bindu, Greya and Rashmi Mahale — have been identified by their respective families. But as fate had it, Navya and Manasa could not be differentiated, such is the condition of their mortal remains.
Also read: Kurnool bus fire exposes rampancy of out-of-state bus registrations
The parents of both friends were called to the hospital for the identification process. The police and medical experts collected bone samples from the remains of both Nayva and Manasa for DNA testing, along with their relatives’ blood samples. The identities of the two friends can be established officially only after the findings come. The third friend, Milana, escaped unhurt.
Navya, who had been living in Bengaluru with Manasa and Milana for some years now, spoke to her family on Wednesday evening before starting for her ill-fated trip.
As for her family, it’s a massive emptiness, and there is no hope that it will ever be filled again.
(This article was first published in The Federal Karnataka)","3571","CBMitwFBVV95cUxPQlVnZ0xxbmRMVkYzejc4MEhHWVFkV0JxbTBTYVJ3UWpkdTAzNEo5M3IzWDVzZHdPVnRIMzVQaXBhOXBxVjRaZGtIUkJJME5qZUlVTmNhNWJTSHRFWjdZWUg0clAya0FxcENJbS1UMHZJcXRWaXhSZ0FqOF9ESWpwNGJJOU1GVmZsUkUxMlB0Mnk5MzM5REZmS041bWVScVFUd1FKMnNKZUdIbHNlTUNmZy1kNzJTNmM","",,"2025-12-26T08:00:00+00:00","""road accident"" ""Bengaluru"" ""Karnataka"" after:2022-12-31 before:2026-01-01","true","2026-09-24T19:04:05.587995+00:00","google-news","thefederal.com","The Federal","Bengaluru techie, set to marry in April, among Chitradurga crash victims The Federal","Bengaluru techie, set to marry in April, among Chitradurga crash victims - The Federal","https://thefederal.com/category/states/south/karnataka/bengaluru-techie-dead-chitradurga-karnataka-road-crash-222468"
,"https://deccanherald.com/india/karnataka/bengaluru/three-killed-in-road-accidents-inbengalurus-nelamangala-3811620",,"Bengaluru: Three people, including a biker, were killed in separate road accidents in Nelamangala on Wednesday..In the first incident, two men died after a speeding truck crashed into their tractor at Mallarabanawadi Cross in Nelamangala..The deceased have been identified as Premkumar and Ramesh, residents of Gudemaranahalli, who were farmers..Police said that around 8.30am, Ramesh was driving a tractor and attempted to take a right turn on a busy stretch without signalling..The truck driver, unable to anticipate the tractor’s sudden movement, rammed into it at high speed from the opposite direction. Both men died on the spot. The truck driver escaped, leaving the vehicle at the scene..Police attributed the accident to negligence by the tractor driver..Highway crash .In another incident, a 22-year-old biker died, and his friend was severely injured after a speeding truck ran over them on the Kunigal-Bengaluru highway on Tuesday night..The deceased has been identified as Swaroop, a businessman, who was riding towards Bengaluru on a Royal Enfield. Around 1.30am, he lost balance after brushing into an auto. Both fell on the right side of the road. The truck coming from behind ran over Swaroop, who died on the spot. His friend Manasi, who was riding pillion, sustained injuries and was rushed to a private hospital, where she is recovering.","1356","CBMiugFBVV95cUxOYXNLR3g4NlpqaUJxVnczamQ2R2JyRDFieVFxRmxYbmVvNWQ0SXlsdXFROU54czRQN2o5b2p3MDRKMGpBLWxPUXpPVlotVUJUVWxOcTRnbTNlc3Ria2pobUVCVTVHZzZvazROUkhja0xwa21aNHMwZFdNeGJvZklISGUtd3hlN2c5STRPbkhRUHhqb3lKbGZseGQtNmkzekhmaS1YYW84RWlScnN1YWNvUUtLMUlZT3RZMUE","",,"2025-11-26T08:00:00+00:00","""road accident"" ""Bengaluru"" ""Karnataka"" after:2022-12-31 before:2026-01-01","true","2026-09-24T19:04:05.588062+00:00","google-news","deccanherald.com","Deccan Herald","Bengaluru Nelamangala Accidents: Three Killed in Separate Road Mishaps Deccan Herald","Bengaluru Nelamangala Accidents: Three Killed in Separate Road Mishaps - Deccan Herald","https://www.deccanherald.com/india/karnataka/bengaluru/three-killed-in-road-accidents-inbengalurus-nelamangala-3811620"
,"https://newindianexpress.com/states/karnataka/2024/Jun/16/three-from-bengaluru-killed-in-chitradurga-mishap",,"CHITRADURGA: Three people were killed and five others were injured in a road accident involving an SUV and a truck at Chikkabennuru village on Pune-Bengaluru National Highway-48 on Saturday morning. The deceased and injured belong to one family and are from Thanisandra in Bengaluru.
The deceased have been identified as Prajwal Reddy (30), C Harshitha (28) and Sohan (2). Injured Shilpa, Suvarna George, Madhumitha, Vijaya Reddy, and S Krishna suffered grievous injuries and have been shifted to SSIMS Davanagere for further treatment. The SUV hit the truck which was moving slowly on the NH at great speed. Superintendent of Police Dharmender Kumar Meena said that the people in the SUV were on their way to Goa for the weekend. “Prima facie, the container truck suffered tyre-burst which led to sudden slowing down of it,” the police said.","842","CBMisAFBVV95cUxPYjZLbFU2Z2xqYmI3Q09CMzdibEE5cHV3VGRpZ1ZlUzl4SXNOUmhkOEhiS2k2OGVNdjdKaU9Pc0dFVVJsa285XzZpeWctaG5NMFp6TXg3S2lCZldUTVE0RmVRZ2hFQUlSb05BUExaaXJYRlFrT3lpVUNlT0VIczcyS1lqQWdSZW5FbndzQzhHWWM4bUI1UEl1cnV2NW82ZkpsRWxIaFhaYXpSdHFVWUs4YtIBvgFBVV95cUxPRHc1NGtxd1l4alhyZGJBbkRaWnBVbEJsWGJfQ0JtLXJoRnFhT0gxRlpRMEZ5VVZEN19mRDZHQUNUTEFtNWg3Z1BPMm5zcXVuYzVuNzdtZjZ3TUM2N0RlakpleFV3TTl2QjMwYUx3Vml3Q21VQkM4X0VqR3JLRGJZcFNxSmNyUzE0TWlDdHF4Q0lfX1gwcy1ta2RnZDlJel9TcHJNeEQtUHBVdWRqOGR4UnM2U21xaXMwZThMdzZB","",,"2024-06-16T07:00:00+00:00","""road accident"" ""Bengaluru"" ""Karnataka"" after:2022-12-31 before:2026-01-01","true","2026-09-24T19:04:05.588155+00:00","google-news","newindianexpress.com","The New Indian Express","Three from Bengaluru killed in Chitradurga mishap The New Indian Express","Three from Bengaluru killed in Chitradurga mishap - The New Indian Express","https://www.newindianexpress.com/states/karnataka/2024/Jun/16/three-from-bengaluru-killed-in-chitradurga-mishap"
,"https://newindianexpress.com/states/karnataka/2025/Oct/07/three-killed-in-multi-vehicle-collision-in-kgf",,"KGF : Three people were killed and around 19 others sustained injuries in a road accident that occurred late on Monday evening near Kalkere village along the Bengaluru–Chennai Express Corridor under Bangarpet police limits.
KGF SP Shivanshu Rajput told The New Indian Express that preliminary investigation revealed an Eicher tempo rammed another tempo carrying passengers, which in turn crashed into an ambulance parked on the roadside for service.
The ambulance driver, identified as Vikram, died on the spot. Two other occupants of the tempo also died, and their identities are yet to be confirmed. The injured were rushed to various hospitals in KGF, Bangarpet, Kolar, and nearby private hospitals for treatment. Sources said the passengers in the tempo were caterers heading to a private function.
Swift police response by SP
Upon receiving information, SP Shivanshu Rajput directed doctors and paramedical staff at government hospitals in KGF and Bangarpet to be on standby. He also coordinated with District Surgeon Dr. Suresh Kumar, ensuring that casualty wards and operation theatres were prepared in advance to treat the injured.","1139","CBMirAFBVV95cUxOVGFqTVlWWWZIODJyd1o1dElkblhiZUtnMmVnMmw5S1dySnJlZjM0NENIYncxYWM3d1p1TnNCb0tzUW5hYnB3RWItdUVXbE5qdy14RFZwQXZqV2kxdThEd3NFQ2ZIcElBcnpXLTBESFZCUHRrVFQzQnhHbFR3cFVGZzlfUXcwaEdHMURhdTYxbmloOGIwU3h2UzI5Yk4zYkpUOEhycG5CRlVFTDZf0gG6AUFVX3lxTE9vRHo3dlpWcDBMOXBqdm1DRW94VGM3eDFpb2VFUXdNNS1vTHJkNHhYX1J6cndiamNvcTB6emwyUkxEMjMyancyOEpHLTE2NF9LTjZwMEhVWmU0Q2o2aGQ5N2ZQV2J4cEtxWlNFbjRSaGdYN0w0alUxQVFTREVUbFVmbHRlNDVEQTQtOWhPdnQzYkMyQ0YyNUI2Ujg2c1hja0JYQm9MQVVIdkFaRFNrc2lIcGZTRERFVnZ2dw","",,"2025-10-07T07:00:00+00:00","""road accident"" ""Bengaluru"" ""Karnataka"" after:2022-12-31 before:2026-01-01","true","2026-09-24T19:04:05.588198+00:00","google-news","newindianexpress.com","The New Indian Express","Three killed in multi-vehicle collision in KGF The New Indian Express","Three killed in multi-vehicle collision in KGF - The New Indian Express","https://www.newindianexpress.com/states/karnataka/2025/Oct/07/three-killed-in-multi-vehicle-collision-in-kgf"
,"https://thenewsminute.com/andhra-pradesh/over-20-killed-as-bengaluru-bound-bus-catches-fire-after-collision-near-kurnool",,"Follow TNM’s WhatsApp channel for news updates and story links.
In a horrific road accident on the Hyderabad–Bengaluru highway, at least 20 passengers were reportedly killed and several others injured after a private V Kaveri Travels sleeper bus caught fire following a collision with a motorbike near Chinnatekuru village in Kurnool district around 3.30 am on Friday, October 24. According to reports, the death toll is likely to increase further.
The luxury coach, carrying around 41 passengers including two children, was travelling from Hyderabad to Bengaluru when the accident occurred. Eyewitnesses said the bus caught fire immediately after the impact, trapping several passengers inside as flames engulfed the vehicle within seconds.
Dr Siri, Kurnool district Collector, said that 21 passengers had been traced and found safe. Of the remaining 20 passengers, 11 bodies were identified, she said.
Police said one of the bus drivers was in their custody, while the main driver was yet to be found.
Kurnool SP Vikrant Patil told the media, ""Around 3 am, the Kaveri A/C bus was going from Hyderabad to Bengaluru. A two-wheeler going in the same direction seems to have hit the bus, because we found a two-wheeler stuck in front of the bus. That’s where the fire seems to have started as per preliminary information.
Noticing the smoke, passengers and some passersby tried to break open the glass. Some people jumped outside, the others who were trapped are suspected to have died of burn injuries.""
According to preliminary reports, the blaze erupted from the front portion of the bus, spreading rapidly as passengers, most of them asleep till then, struggled to escape. Some managed to break open the windows and flee through the emergency exit, but many were trapped inside due to thick smoke, jammed doors, and the intensity of the flames. Local residents and shopkeepers rushed to the spot to help, but heavy rain hampered rescue efforts before firefighters could fully douse the blaze.
DIG Koya Praveen said combustible materials inside the vehicle contributed to the spread of the fire, even though the fuel tank remained intact. “The bus lacked sufficient safety features to contain or mitigate fire incidents,” he said, adding that 12 people managed to escape with burn injuries while the rest were charred to death.
Both Andhra Pradesh and Telangana Chief Ministers expressed deep shock over the tragedy. Andhra Pradesh Chief Minister N Chandrababu Naidu, who is currently on a UAE visit, termed the accident “devastating” and assured that “all possible support will be extended to the injured and affected families.” He directed senior officials to visit the spot and oversee relief measures.
Telangana Chief Minister A Revanth Reddy also conveyed condolences and instructed officials to coordinate with their Andhra Pradesh counterparts for immediate assistance and to establish a helpline.
Several national leaders took to social media to express grief. Vice President Jagdeep Dhankhar, in a post on X, said he was “deeply saddened by the loss of precious lives in the Kurnool bus fire.” President Droupadi Murmu wrote that she was “pained beyond words” and offered condolences to the bereaved families. YSRCP Chief YS Jagan Mohan Reddy also posted his condolences, praying for strength to the families of the victims.
The tragedy comes just days after a similar incident in Rajasthan’s Jaisalmer district, where 22 passengers, including three children, died when a bus caught fire on October 14.
Authorities in both states have initiated investigations into the Kurnool accident, with forensic and transport teams deployed to determine the exact cause of the fire.","3681","CBMiwgFBVV95cUxQWmhqSlZkRFJBNkoxVjB5XzQ4MmN0YnFPUDV0SF9iaEhxb3NwQS1XWjI4a0E1VC1YV2JtbjBEUDlaQ0pZQXpocWJLS3p6ak82d0VDSW1XNTl0bHNUVVRDb0UtcWYzQzRsOGJXUHdtWEc5ZE92eXlzNDBOaGlyczNlb042UU5adjJDN1VuMVpPTi1yX1VpUTYtTjBSMko4Zlg4MUEwbXB1MGNNQWM1dk9LejV2Y3luYTR3NTMyOE96UEhPd9IBzwFBVV95cUxNNTF3YjB1VFRwLUZubXZFbnZJUktsc1paX2dyS2ZGdDVrSnF3c2xDcUlnYWl4cWdFM01idjY2Y1c0SDlUSXJMUFo2V0ZyR09IV05vbFpLVGZhbWNWWXFDSVh6ODE3dnlfbGszY0REbUN4VGdEcHJid3JGWmNkSWtnX3FocGItV1V4amFMUm5PMnZBZ213UXNDSXJZVmZZWW1qUDV5ak90cVNVeDJrdndnclRJVFZjVWpyZGJPSk5KMWo1Q1FwdUc4cEk2V2tXSXM","",,"2025-10-24T07:00:00+00:00","""road accident"" ""Bengaluru"" ""Karnataka"" after:2022-12-31 before:2026-01-01","true","2026-09-24T19:04:05.588286+00:00","google-news","thenewsminute.com","The News Minute","Over 20 killed as Bengaluru-bound bus catches fire after collision near Kurnool The News Minute","Over 20 killed as Bengaluru-bound bus catches fire after collision near Kurnool - The News Minute","https://www.thenewsminute.com/andhra-pradesh/over-20-killed-as-bengaluru-bound-bus-catches-fire-after-collision-near-kurnool"
,"https://deccanherald.com/india/karnataka/bengaluru/dharwad-mla-vinay-kulkarnis-son-injured-in-road-accident-in-bengaluru-2974632",,"Bengaluru: Dharwad MLA Vinay Kulkarni's son Hemanth met with an accident on the Outer Ring Road in the southeastern part of Bengaluru city in the early hours of Thursday. He is out of danger, police said.The accident took place near Iblur around 5 am when Hemanth lost control of his bike and crashed..18-year-old student dies in road accident near Shivajinagar bus stand.The 19-year-old sustained an injury to his leg and is undergoing treatment at a hospital here, said an officer with the Bellandur traffic police station. ""We are investigating. Doctors have told us that he is out of danger and is responding well to the treatment,"" the officer said.","654","CBMizAFBVV95cUxPampzV2d5Vmt3RFdyRG1yaUg5NURwOHJZenVCU3hHcXBiMHlQekpzY3NCWkRwYzUwTko3NFp3YlA5MFBXQVNzOU1LM0hya2VXZ2tYOElDdTN4OVd5aG5Eb3V6dDE5MlN5d201cG1lUDRuWThXMFhBcWVTU0xIc3FGODBYbFlXYzN0OG9JUGNEQXJZcDd0X211ZEYzMS1IUGVrQi1qMC12Q2FMeUNOaWhHcmE5Sk54cGlUZElqamJEbEgwYVY2MDREc2V1bEw","",,"2024-04-11T07:00:00+00:00","""road accident"" ""Bengaluru"" ""Karnataka"" after:2022-12-31 before:2026-01-01","true","2026-09-24T19:04:05.588414+00:00","google-news","deccanherald.com","Deccan Herald","Dharwad MLA Vinay Kulkarni's son injured in road accident in Bengaluru Deccan Herald","Dharwad MLA Vinay Kulkarni's son injured in road accident in Bengaluru - Deccan Herald","https://www.deccanherald.com/india/karnataka/bengaluru/dharwad-mla-vinay-kulkarnis-son-injured-in-road-accident-in-bengaluru-2974632"
,"https://deccanchronicle.com/southern-states/karnataka/three-dead-six-injured-as-car-crashes-into-narayana-guru-circle-in-bantwal-1917287",,"Three Dead, Six Injured as Car Crashes into Narayana Guru Circle in Bantwal
Innova traveling from Bengaluru to Mangaluru loses control early Saturday, claiming three lives and leaving six seriously injured
A devastating accident on early Saturday morning left three people dead and six others critically injured when an Innova car lost control and crashed into the Narayana Guru Circle at BC Road in Bantwal, about 20 km from Mangaluru.
The vehicle, traveling from Bengaluru to Mangaluru on NH 75, reportedly went out of control as it reached BC Road, resulting in the tragic collision.
Of the nine passengers onboard, three Bengaluru residents — Ravi (64), Nanjamma (75), and Ramya (23) — succumbed to the accident. The remaining six passengers — Sushila, Keerthi Kumar, Kiran, Bindu, Prashanth, and the driver Subrahmanya — sustained serious injuries and have been admitted to a local hospital for treatment. All those involved were family members.
Bantwal Traffic Police have registered a case under Sections 281, 125A, and 106 of the BNS in connection with the accident.","1074","CBMi1wFBVV95cUxQNnlfb1JiSFVJejJ1ZjREUHduamI4aXpjZ0otNHBYMVJIUXhHdFdVaU0xWVdqN0FwMUVnT3A5eFRhMzlCY3RNTXFmWkl4d200cEhjX09nZUtMdWhZbXJISTU1cnFBa1pMc1hLb1hXV3FhU0V2OUx1TXBXdHdRZmhycWZOUGkxMXdHckFMd2hQSnR4c25FbVZySkV5S1RFYVdJU1ZGa3NmdENGUENvRi14UERTYm0xbWJ2Mk9id0dIVzVjWEdfVzQ4dmV6bEhWaVl4SWhtbkVUd9IB3AFBVV95cUxNbnRva0ItSlNDc2ZyQlRnMXR3dG9lOGZ0U1A4Qnl0MmtXYUk3YTNDNXJwV1hSZlRJaG0yenVDOEhNYkE2OW5BaXp1REMwSGtZU1NUMXBTTGwtV3lvT2lsd3UtcDl0OVFqVGJQSFY5djNtZlRTLWRYTHEyLTVhNnhVNXZQaDNYbVdVWTg3RGpGQ0Z6emJHNFFkdUhsNFJkNjg1OEo2LUhYRmFRS3p0VDc4TW4zRWhCVnlfbXNYTGtxYnpHYmI1ZVRtYzNYSWpFVFBoTGotTFFSOXpzUlQ4","",,"2025-11-15T08:00:00+00:00","""road accident"" ""Bengaluru"" ""Karnataka"" after:2022-12-31 before:2026-01-01","true","2026-09-24T19:04:05.588459+00:00","google-news","deccanchronicle.com","Deccan Chronicle","Three Dead, Six Injured as Car Crashes into Narayana Guru Circle in Bantwal Deccan Chronicle","Three Dead, Six Injured as Car Crashes into Narayana Guru Circle in Bantwal - Deccan Chronicle","https://www.deccanchronicle.com/southern-states/karnataka/three-dead-six-injured-as-car-crashes-into-narayana-guru-circle-in-bantwal-1917287"
,"https://timesofindia.indiatimes.com/city/bengaluru/bengaluru-shocker-woman-dies-after-being-assaulted-by-husband-he-stages-it-as-road-accident-cops-cite-money-dispute/articleshow/126134594.cms",,"BENGALURU: City police have arrested a 64-year-old private company employee for allegedly murdering his wife and attempting to stage the crime as a road accident. The victim, Gayatri, was a government school teacher, police said.
According to investigators, the incident occurred near an under-construction building in the Mittiganahalli–Bagalur area, where the accused, identified as Anant, allegedly assaulted his wife. 
 Heartbreak, divorce & deadly crimes | Dark Truth Of Failed Marriages | Ft. Anand Handa
When she collapsed, he called an ambulance and shifted her to a hospital, where she later died on Saturday.
Doctors at the hospital reportedly grew suspicious after noticing the nature of her injuries and alerted the police. 
A post-mortem examination, along with sustained questioning of the accused, revealed that the death was a case of murder, police said.
Preliminary inquiries suggest Anant was upset with his wife, believing that she was ignoring him and did not give him money, which allegedly led to the crime.","1030","CBMinAJBVV95cUxOb0l3V3VSejNsZ0N1WkpXbnJFbTlSVjBEVktncjRWR2M5MzdJeU00Y3ZHbzNIWm43OTBzVXJpM0lEXzFuLXlhaVBlS0Y2Tk02bkhRODdWM3pHTnNXVXREMW5sTU5VN0pJUHpJS2NIaG1seWJvNy1LZ1RvdzFaYW5rSGRVa0pPWTVYRWJTaU14MHBDUE9QVXpnT0tzaUU2LVQzV3pVMm9wcy03XzdSUEVlZDBUX1d0eVlja2JnSDNXNEdIa09OVVE3ellMdnpiMWcyaDNoU2pVVU5SbGFMUjR3NjczSVlaamM5bEk1TldlN01ZNlJGcWFsNVR6UUFVbWpCSFFFOXZTWXY4UThTTS1RZk1KMHZDS3dlNFN3ctIBogJBVV95cUxOZ0hzV2RDd0VWblluTno3MkVWd0htVkJFZVJOam05ZVZOSHVmSW9ieFhxc0VwQ0ozOXprTWJESzAyQWFueklnMTdQMXFRQ0JNZ1NaWGFVSDFwS0E0SmRRZTZmdFhIc3R6cnFjYzdycS1kZFQ0Nl9Fbk9zbEp6VmNaYTdLaURxTHdFdDhQR256Z0RzeDNiZ2VfdXR6RXh3cDFYY2drYzljQjI3Nk45SHc1ekNoUHYtTXFBSnI3am0tZjF0Vm1QQzZSMlhJRWxMaHM1VGtNM1U4UlpvLVVfaWZyU3RKZnhuOENQOC1XZ3FvNUtQbmszMFFzUUhTeC0wYndPRzhPMjllYzhIVS1zTXVQTFJNdjNKejJqdHh4alFtc0xEdw","",,"2025-12-23T08:00:00+00:00","""road accident"" ""Bengaluru"" ""Karnataka"" after:2022-12-31 before:2026-01-01","true","2026-09-24T19:04:05.588664+00:00","google-news","timesofindia.indiatimes.com","The Times of India","Bengaluru shocker: Woman dies after being assaulted by husband, he stages it as road accident; cops cite The Times of India","Bengaluru shocker: Woman dies after being assaulted by husband, he stages it as road accident; cops cite - The Times of India","https://timesofindia.indiatimes.com/city/bengaluru/bengaluru-shocker-woman-dies-after-being-assaulted-by-husband-he-stages-it-as-road-accident-cops-cite-money-dispute/articleshow/126134594.cms"
,"https://deccanherald.com/india/karnataka/bengaluru/bengaluru-techie-dies-in-bike-crash-3807354",,"Bengaluru: A 25-year-old techie from Infosys was killed instantly in a tragic road accident early Friday morning while returning home from work. The incident occurred around 3.15 am near the Bommasandra Metro Station..Madivala traffic police stated that preliminary investigation points to overspeeding as the primary cause. Akshay, a resident of Banaswadi, allegedly lost control of his motorcycle and violently struck a stationary goods truck parked on the roadside..Bengaluru researchers achieve breakthrough in converting waste heat to power.The severe impact resulted in fatal head injuries, killing him on the spot. Police officers investigating the crash noted that the deceased was not wearing a helmet at the time of the collision, a factor that likely contributed to his instant death.","795","CBMinwFBVV95cUxNUWJnU2ZBWVJxT2M3dUE5MU5RUjd4ZzlGc3R5SHI1TW1nT25PQU9aX0RVSmR5azFuSGpLVG1GV2k3ZHZoVHp0dFJSVXU4LXB1YlVqMk1HeGNSWlp1alNtMG5LR1F5TDBiQjZCWVZMZkVWRjBQU21uakFfYzdvZlZlejZ3bE5tWTd2aEFtSzVvN3I3REZmM3h4RWJNTDFOeVE","",,"2025-11-22T08:00:00+00:00","""road accident"" ""Bengaluru"" ""Karnataka"" after:2022-12-31 before:2026-01-01","true","2026-09-24T19:04:05.588708+00:00","google-news","deccanherald.com","Deccan Herald","25-Year-Old Infosys Techie Dies in Bengaluru Bike Crash Near Bommasandra Deccan Herald","25-Year-Old Infosys Techie Dies in Bengaluru Bike Crash Near Bommasandra - Deccan Herald","https://www.deccanherald.com/india/karnataka/bengaluru/bengaluru-techie-dies-in-bike-crash-3807354"
,"https://india.com/news/india/major-road-accident-in-karnataka-chikkaballapur-12-killed-after-suv-rams-into-stationary-truck-nh44-6446398",,"Bengaluru: At least 12 people were killed after the SUV they were travelling rammed into a stationary truck on the outskirts of Chikkaballapur, around 50 kilometer from Bengaluru. Preliminary investigations revealed that the vehicle was heading to Bengaluru from Bagepalli and the driver of the vehicle failed to notice the parked truck by road side due to thick fog. One person was critically injured and is undergoing treatment in a nearby hospital.
VIDEO | Several dead after a car collided with a truck at NH 44 (Bangalore-Hyderabad) Highway in Karnataka’s Chikkaballapur. More details are awaited. pic.twitter.com/mlimpt7mQA
— Press Trust of India (@PTI_News) October 26, 2023
Citing sources, news agency PTI said that the 12 victims, who died on the spot, include four women.
#WATCH | UPDATE | Karnataka | Death toll in Chikkaballapur road accident rises to 12. Among the deceased are 9 men and 3 women. Visuals from the hospital. https://t.co/hy6d8WKBPF pic.twitter.com/Ev1qZ5fFbP
— ANI (@ANI) October 26, 2023
In another tragic incident in Karnataka, three differently-abled children, including two brothers, were run over by a suburban train near Urapakkam on the city’s outskirts on Tuesday, October 24. The three, aged between 11 and 15, were from Karnataka. They were run over by the train while crossing the track.
For breaking news and live news updates, like us on Facebook or follow us on Twitter and Instagram. Read more on Latest India News on India.com.
By clicking “Accept All Cookies”, you agree to the storing of cookies on your device to enhance site navigation, analyze site usage, and assist in our marketing efforts Cookies Policy.","1657","CBMi2AFBVV95cUxNd0U5bnQxQUJ3RkhadXRGcE52RVFhSkVlWlBJanhMOGJ2UUk3Tjk1dzZlY2xFRnBka2QyMDBCV1FEcWJPX0JNZzFCMTF4akg1YkREN00zMElKRDhvemRrQlZLanh1UUZHNFhvQlFoQXFiMVRnZHZQbFh3Y0FVQ2QyX0YzVXZyRHN3aXc3T1hVbGNWcTBlZDFDTDFyS0ZVSGR4NlUtWDNPeTdCZGppWVI4UzVhSlBIZ2N3UjItSm01WUFuVHdnWG4wLW5ESUc2QU1pamE0bl84d0vSAd4BQVVfeXFMTmVlX0w4cWkzNTVxOUVnRmpPN19oRXI3dDIzX2JzS0p0Y25uVDQ4V2ZRVDdtMDlDLWFieWphMHYzVGRpQWp4MTNYZTJ1OEc0bnF3UFRzZmdKSUQzWkFqNzFWZDVJdDN0ZFp6ZUo1bVh2MHJ3TE9JT2hOQnB0OWtkd1lvektyTUdVbUFndFYyOUEzaDRKN3htcDlkejRpZ1k1dmVrLTVCa3ZDNlV6SGhYaG9jdmtFN29fRUpXMGJaZFN2RkJDcUh6NTRscjZvMl9WcktaLWZOVC04SjhaS1Bn","",,"2023-10-26T07:00:00+00:00","""road accident"" ""Bengaluru"" ""Karnataka"" after:2022-12-31 before:2026-01-01","true","2026-09-24T19:04:05.588895+00:00","google-news","india.com","India.com","Major Road Accident In Karnataka: 12 Killed After SUV Rams Into Stationary Truck In Chikkaballapur India.com","Major Road Accident In Karnataka: 12 Killed After SUV Rams Into Stationary Truck In Chikkaballapur - India.com","https://www.india.com/news/india/major-road-accident-in-karnataka-chikkaballapur-12-killed-after-suv-rams-into-stationary-truck-nh44-6446398/"
,"https://livemint.com/news/bengaluru-bus-driver-suffers-seizure-mid-route-loses-control-near-chinnaswamy-stadium-watch-chilling-video-of-crash-11760335662280.html",,"A tragic road accident near M Chinnaswamy Stadium shocked Bengaluru residents. The incident was reported on Saturday, October 11, after a Bangalore Metropolitan Transport Corporation (BMTC) electric bus driver collapsed mid-route after suffering a sudden seizure while driving. The chain collision involving multiple vehicles, including two-wheelers, was caught on camera.
The nerve wrecking incident was caught on camera and the video clip has gone viral. The CCTC footage of the incident shows bus driver accidently pressing the accelerator after sudden seizure. As can be seen in the video captured on the camera installed inside the bus, the vehicle goes out of control and rams into nine vehicles ahead of it.
An account named Karnataka Portfolio in a post on X stated, “CCTV footage surfaced today shows the BMTC bus driver suddenly suffering a seizure, accidentally pressing the accelerator and losing control of the vehicle. The conductor tried to stop the bus, but the incident happened too fast.”
“Fortunately, no injuries were reported. The driver, who experienced the medical emergency, was immediately shifted to a nearby hospital and is out of danger,” The Hindu quoted a BMTC official as saying.
According to BMTC officials, the road accident was caused by the driver’s sudden health condition, but all affected vehicle owners are safe. BMTC official noted, “No harm was caused to anyone, and all are safe."" As per PTI report, the driver was taken to the hospital and is out of danger.
BMTC bus runs over nine-year-old
In another unrelated incident, a nine-year-old girl was allegedly killed on the same day after being run over by a BMTC bus near Panchajanya Vidya Peeta School in Rajajinagar. The victim, identified as Bhuvana, was crossing the road with her two sisters when the incident occurred.
According to senior police officer, she sustained severe head injuries in the incident and was rushed to a nearby hospital but was pronounced dead on arrival.
A case has been registered for further investigation and to trace the absconding driver, police said.","2076","CBMi-AFBVV95cUxOMzlhV1hYbDltTTd2ejJhQzlqM1JpTkdDNzZTX2drQkVIaldaMV80MVhpaVh6S1d6cW0yaWx5d0RTcUxVbXhBSUNNdjk5Q2dLYl9tUUQ0NkNtTWZHR3B5akRPTXJ3SnhCaXJuTUk3LVRIWEtCN2hiMUlMQlNPYmdkNnAxX2hQN3llU2o3MWg5WEpDcU1EVThOYkc5OEdSYzRvYW4yVjNpc2pmaXZHTWNwX1F2X21SMGQ2WkFKZ205QU56YWY5UHIxdUVrVUNBUlE1ajhLVWxiYU5lR01uc2tJUk0tN2NHeWd5bnB5V1UtUHJieW9rYmJvcdIB_gFBVV95cUxQeWFna2h5TGFGUnJTVDVIbHhKaFZqbnRFR2dXODZmLXhqcVNHQ3hrLU9pU1BjMlV4RTdldWFMZmd0WnBKeHVjeHJmQUpfSnlxZ0lQMkItQ2hOZTl5RVpGeDQ2XzVRU0tXSFZPd1hYb2EtRGhEY3FTM3NieVFsRk1EeUZSaXo0Zk9GQ09EMUJ2T2M1aXZZcktXSmMza1BTOG44NXBycFhHSl9oNk1NZmtPZjUwMWtnQkVnR0YzcERpNEVlbVkxZkR1YkJyMm1rV3VBYUYwLWtKYUl0bnFDTy1QNHlrQUxkYmdJNy1MNG90Smh2b1BWSEd2Q0tnd1NhZw","",,"2025-10-13T07:00:00+00:00","""road accident"" ""Bengaluru"" ""Karnataka"" after:2022-12-31 before:2026-01-01","true","2026-09-24T19:04:05.588941+00:00","google-news","livemint.com","livemint.com","Bengaluru bus driver suffers seizure mid-route, loses control near Chinnaswamy Stadium, watch chilling video of crash livemint.com","Bengaluru bus driver suffers seizure mid-route, loses control near Chinnaswamy Stadium, watch chilling video of crash - livemint.com","https://www.livemint.com/news/bengaluru-bus-driver-suffers-seizure-mid-route-loses-control-near-chinnaswamy-stadium-watch-chilling-video-of-crash-11760335662280.html"
,"https://deccanchronicle.com/southern-states/karnataka/5-mit-engineering-college-mysuru-students-killed-in-road-mishap-1864270",,"5 MIT Engineering College Mysuru Students Killed in Road Mishap
The identity of the deceased has been identified by the police which include Suhas, Shreyas and Nitin, all belonging to Mandya district while Nikhita and Srilakshmi belonged to Mysuru.
BENGALURU - Five engineering students including two girls were killed on the spot near Chikka Hinduvadi of Kollegal taluk in Chamarajanagar district on Saturday and the accident is said to have occurred owing to a speeding 10-wheel truck hitting the car head on leaving five dead. The dead were students of MIT Engineering College in Mysuru.
The identity of the deceased has been identified by the police which include Suhas, Shreyas and Nitin, all belonging to Mandya district while Nikhita and Srilakshmi belonged to Mysuru. They had left Mysuru to reach Male Mahadeshwara Hills to attend chariot fest atop the hills, a popular Hindu pilgrimage centre.
The accident occurred on a narrow bund road from Kollegal leading to Male Mahadeshwara Hills. It is said the accident occurred when the truck tried to overtake a car and collided head-on with the car having students. Owing to the impact of the collision, both the truck and the car were thrown off the road. The truck got overturned and fell in a ditch while the car got into thick vegetation growth of vegetation in a water canal.
The truck driver fled the scene after the accident and search is on to trace him by the police. Chamarajnagar Superintendent of Police Dr B.T. Kavitha visited the spot.","1504","CBMiyAFBVV95cUxQYTZoQ20wYjVfXzc4LTlOM3dGR2JxSnRReUZ4TEljOW5LazcwaHVSZnZsYUxjRDhvek45eXpFRTdpUmd5MV90ZE1Kb1Z0VWlMeWVNajViQlQxMVZKWVRmSEJ4eGludmVRczNSeGhtMzhYMUdWNjR2UmNtTmdUQi1IV0NHQ0k5Y3FRMVdjbURpSXVrSW0zT0JyQk9yUE4wdlNsWEVnQk9fZTVSZ29iTTVhY19DS3ZZWEZHYTlPa1FJMlpEaHcxTmdlTtIBzgFBVV95cUxORk1HTzFTaWpsb19BVHdRNlM5d3VIYi01ZEMxZkFTQWtKQ1BXeFJuN1N0UlktMGVrN2ZlRUxONWhlU3U0bm9FVTVkZUVOcl9sa3VhNXdWSU9yWUdzdzEzM1dEaC16ZTBFQWQzaWtoNlA1RDlVYTNidWNrYlRwUkdPZ3pDdjlCemJhc1RpZVFtNmJhZS0yTnlmVTItX05sQ1ZTTTBKMnlqbjZhb2FoVlphSTlrTHg0QlpRRWlKdG9XckpadkI1RDJkSGJFaTIyQQ","",,"2025-03-01T08:00:00+00:00","""road accident"" ""Bengaluru"" ""Karnataka"" after:2022-12-31 before:2026-01-01","true","2026-09-24T19:04:05.588990+00:00","google-news","deccanchronicle.com","Deccan Chronicle","5 MIT Engineering College Mysuru Students Killed in Road Mishap Deccan Chronicle","5 MIT Engineering College Mysuru Students Killed in Road Mishap - Deccan Chronicle","https://www.deccanchronicle.com/southern-states/karnataka/5-mit-engineering-college-mysuru-students-killed-in-road-mishap-1864270"
,"https://english.varthabharati.in/karnataka/bengaluru-indigo-airlines-employee-killed-in-road-accident",,"Bengaluru: IndiGo Airlines employee killed in road accident
PC: @shukla_tarun/X
Bengaluru, Apr 8 (PTI): An IndiGo Airlines customer executive was killed, while her colleague and the driver sustained serious injuries after the car they were travelling in crashed into a stationary bus on Monday, police said.
According to police, Sneha I (24), a native of Madurai in Tamil Nadu, was working as a customer executive with IndiGo.
In the early hours of Monday, she was returning home with her colleague Kausar Khanum in a cab.
The accident occurred at around 4.30 am, when the car hit a stationary bus on the ITC Factory service road near Tarabanahalli Gate, police said.
All three occupants sustained injuries in the crash and were rushed to the hospital. Sneha, who was critically injured, succumbed to her injuries.
The driver and Khanum are currently undergoing treatment.
Police have registered a case in connection with the incident.
Sneha’s father, Illangovan Ramadevar, alleged in his complaint that her death was caused by the driver's ""rash and negligent driving"".","1070","CBMiowFBVV95cUxNeGpMWElOTzR3U2czWmQ1ZXNWaHBXSVljOFFhOC1DZ0FYMEhBVXRXLUhaNlZKTUM3MXlFZEZfRm5KRTNSX3N1bWxEUktnWUVSaUJ1cWNtaG5GeUF3dDZXYy1jbWRmVnp2eGVFSFFTaS1CRmx1ckFYVS1MRVktTjJ2ZlJxNUtaWVNXMEkyc0FIZHRpM3p2RTZyZUlSY1lHVHFFWlRJ0gGoAUFVX3lxTE52RmJwdmNkRzZkb3NQNEhsQkRmRWJQbmVheFBBa0d0dzQ2RFZQelJoLWM0b0tKdFpYejhpLWs2YjREVEhfdENGTUY3SGhIMzl5RGhfZHlNT0g5SlByVDR4eEc3ZnhHT3hHODJGUTVRbW9QWDlMdnVtNEJ4cHRpTW9OUUVYUU5TY3BDR0kwMlh6eVRfUzdDNE5STzVHYUFWSjFSYmNGUWxNdg","",,"2025-04-08T07:00:00+00:00","""road accident"" ""Bengaluru"" ""Karnataka"" after:2022-12-31 before:2026-01-01","true","2026-09-24T19:04:05.589104+00:00","google-news","english.varthabharati.in","English Varthabharati","Bengaluru: IndiGo Airlines employee killed in road accident English Varthabharati","Bengaluru: IndiGo Airlines employee killed in road accident - English Varthabharati","https://english.varthabharati.in/karnataka/bengaluru-indigo-airlines-employee-killed-in-road-accident"
,"https://kalingatv.com/nation/four-including-woman-killed-in-road-accident-in-karnataka",,"Four including woman killed in road accident in Karnataka
Four people were killed on the spot after their speeding car hit by KSRTC bus near Bellur cross on Bengaluru-Mangaluru National Highway
Mandya: Four people were killed on the spot on Wednesday after their speeding car hit a Karnataka Road Transport Corporation (KSRTC) bus from behind near Bellur cross on Bengaluru-Mangaluru National Highway in Mandya district of Karnataka.
According to police, a woman and three men died in the incident. The identity of the deceased is yet to be ascertained.
The bodies were pulled out from the mangled car.
The accident occurred when the bus, proceeding towards Bengaluru from Hassan stopped near the Adichunchanagiri Medical Hospital for the passengers to alight. The over speeding car driver lost control over the vehicle and rammed into the bus from behind.
Belluru police have registered a case and taken up further investigation.","930","CBMikAFBVV95cUxNeWhpcEd6NFZUTzU4aTJZdWh6azBvMUlRS0pKUFRLLTlOYXFUZGdVRXF6NGJNQkpQOGJQYXRQZnE0VHpKTWtlYTE1QXAwXy1jazdpTVByS0tNUE1icmp0SjN1a0hLbFFkWUkxMTBhSmw2X3pRQ3VURkF5aHdlSzFkYXlKVnh5dXlOTWl5X2JyM1E","",,"2023-09-27T07:00:00+00:00","""road accident"" ""Bengaluru"" ""Karnataka"" after:2022-12-31 before:2026-01-01","true","2026-09-24T19:04:05.589153+00:00","google-news","kalingatv.com","kalingatv.com","Four including woman killed in road accident in Karnataka kalingatv.com","Four including woman killed in road accident in Karnataka - kalingatv.com","https://kalingatv.com/nation/four-including-woman-killed-in-road-accident-in-karnataka/"
,"https://indiatvnews.com/karnataka/karnataka-road-accident-chitradurga-bus-truck-collision-death-count-casualties-live-updates-2025-12-25-1023203",,"More than 10 people were charred to death after a private bus caught fire following a collision with a lorry near the Gorlathu village in Karnataka's Chitradurga district on Thursday morning. According to initial reports, the lorry crashed into the bus on the National Highway 48, leading to the accident.
The accident also left several people injured who have been admitted to hospitals in Hiriyur and Chitradurga, but officials suspect that the death count may rise. Meanwhile, senior officials, including North Eastern Range Inspector General of Police (IGP) BR Ravikanthe Gowda and Chitradurga Superintendent of Police (SP) Ranjith Kumar Bandaru, have also arrived at the spot.
The bus, which was carrying 32 people, was travelling to Shivamogga from Bengaluru and it belonged to a private service named Sea Bird.
'Lorry driver's negligence cost the accident'
Initial reports suggest that the accident, which happened under the jurisdiction of the Hiriyur rural police station in wee hours of the day, happened due to the negligence of the lorry driver. The lorry had crossed the divider and crashed into the bus, which resulted in a fire that claimed over 10 lives.
The police suspect that the driver of the lorry may have fallen asleep, saying that a probe is underway.
""The accident happened around 2 am on NH-48. The truck was heading to Bengaluru when its driver fell asleep and crossed the divider before hitting a bus. The bus immediately caught fire. The truck also caught fire and its driver died immediately,"" Bandaru said while speaking to reporters.
""The bus was carrying 32 people, including the driver and the conductor. Of them, 21 have been pulled out. Five to six people have suffered injuries and they are getting the treatment. However, their condition is not serious,"" he added.
Mohammed Salim, who was the conductor, of the bus said he sleeping when the accident occurred. He said he heard a loud noise and fell out of the bus after the accident.
""This is all I remember; I don’t know what happened after that. Some people brought me to the hospital. I have injuries on my hands and leg,"" he told reporters.
PM Modi, CM Siddaramaiah condole Chitradurga accident
Prime Minister Narendra Modi has condoled the loss of life in Chitradurga and announced an ex gratia of Rs 2 lakh from the kin of those who were killed. Rs 50,000 would also be given to the injured.
""Deeply saddened by the loss of lives due to a mishap in the Chitradurga district of Karnataka. Condolences to those who have lost their loved ones. May those injured recover at the earliest,"" the Prime Minister's Office (PMO) said.
Karnataka Chief Minister Siddaramaiah has said that a proper investigation will be conducted into the Chitradurga bus accident. He has also expressed grief over the loss of lives in the accident.
""My heart shook hearing the news of the horrific accident between a lorry (container truck) and a bus near Chitradurga in which many passengers were burnt alive. It is regrettable that the journey of those who were going home for the Christmas holidays ended in such a tragedy,"" Siddaramaiah posted on X.
Deputy CM DK Shivakumar also expressed shock over the accident and loss of lives. ""I express my condolences to the deceased. I wish the injured a speedy recovery. May such tragedies not recur,"" he said.","3322","CBMi4gFBVV95cUxOWjBLMjBfTmdqMG1DRUpoNW5PWXNTUlNTYzJDVXhfRExvam1uNlJqaVh6dWFSSTh2cWt6Vk1VR042QjBaQTVfTmktUVRmRjFQZGxlenFkZEhoSk5oRHd3QkNmRVBMWmxmRHJMZkNRZ1FVYURkOU84SXdmVU9TSWpwS0lCcjVjSWswc0dfWVV3MHNldS1mNEhQTFBTWlRLQTdiRUU4OU5IeTgzRnpPSVNSbjNoNGZ1VFc0N3QwWXZVcy1ZdnVfWHp6UndraFd2YXo0S2s0QXNNU0hiSnMtSnh6c2tn0gHnAUFVX3lxTFBQbndDUWZpancxYzN4Zl9qSXBocEYyVGNhYUdJUlZYXzlVbW1MWERjbENnLXNSa0JTUkQ5eG5JdHl0UGU2Tm9aaGxfSHUtQ2E4OUE2aHF5b2tTVHhSb3dOSVltcDJ6RzF3Rm9VNHgtejh4VG9leGtfd0ZDb0RJZzJvWWhEVElvMUctSng2ZmZRWVBpNUx5MGxGeUk0U3FWOUY0OWN5VmpCajZMY2ZWYkRfREpLSGJiV1N5VGhjcGItWktHblhJVGRPUU1ya09XTDMzOVhuTGFMdVF3MHR3UjUxUUZvNTk3RQ","",,"2025-12-25T08:00:00+00:00","""road accident"" ""Bengaluru"" ""Karnataka"" after:2022-12-31 before:2026-01-01","true","2026-09-24T19:04:05.589204+00:00","google-news","indiatvnews.com","India TV News","Karnataka road accident: More than 10 killed as sleeper bus collides with truck, catches fire in Chitradurga India TV News","Karnataka road accident: More than 10 killed as sleeper bus collides with truck, catches fire in Chitradurga - India TV News","https://www.indiatvnews.com/karnataka/karnataka-road-accident-chitradurga-bus-truck-collision-death-count-casualties-live-updates-2025-12-25-1023203"
,"https://indiatvnews.com/karnataka/reckless-lane-change-leads-to-major-accident-on-bengaluru-mysuru-expressway-horrific-video-goes-viral-latest-updates-2025-08-21-1004451",,"A shocking accident on the Bengaluru–Mysuru Expressway was caught on a dashcam, and the video has now gone viral on social media, sparking outrage over reckless driving and poor lane discipline. The accident, which took place on August 15, involved a government bus and a tempo.
The horrific collision between a government bus and a tempo was captured in the dash cam of a car coming behind the vehicle.
Watch video here
The footage shows a tempo attempting a sudden lane change, cutting across traffic at high speed. In a split second, the tempo collides with a truck moving in the adjacent lane, leading to a major crash also involved a nearby car. The impact left the vehicles badly damaged and caused panic among commuters on the busy expressway.
Fortunately, no casualties were reported in the incident, though some passengers sustained minor injuries, according to initial reports. The incident had caused brief traffic congestion on the expressway.
Netizens call for strict enforcement of highway safety regulations
The viral video has triggered a wave of criticism online, with netizens slamming the dangerous driving practices often seen on the expressway. Many demanded stricter traffic enforcement and harsher penalties for rash driving.
An X user wrote, ""Omg so deadly! One reckless lane change can cause such massive accidents Luckily dashcam caught it — clear proof of how careless driving risks so many lives. Strict action is a must""
""Looks like Break failure. Fortunately no major casualty, only one person injured,"" said another user.
""I ply this route almost everyday. And, whenever I catch a Bus in my rear view mirror, I try to switch lanes if possible. Skilled drivers or otherwise, these buses look a bit intimidating on a typical congested ORR,"" said a user.
""Common man is always like playing Khatron ke Khiladi on Bengaluru Roads. You win you reach home or else die,"" another said.
Also Read: Bengaluru Tragedy: 58-year-old biker killed in fatal road accident near Cholan Lake | Video
Also Read: Bengaluru: Cylinder blast in Wilson Garden kills 10-year-old, injures 12; multiple houses damaged","2119","CBMigwJBVV95cUxQY0ZCNlNLUC00R0wybnBrNWdlbFBFZ3RNNTdDV0pSWVJXcGlnajFFd3JxN2tLWHptcF9DdE5ZcjMwSm0yOVd0SUtwMTdtbnlaQV9aMlV3QWxPVmpoTjNJT0NITURXNC1CNHBmaDc5R29LRDR6WWNkbmViM1d5NmNLdktwS1FuZlpPU1FBUkpsZVJIWU9MSW9VMlRhU2lNZUtsaHNLclBtOURyVlU2dE1GalRrQ3kzUGl1bnR5dUtmWWN1Vkt2X18wZG4yVzE4a3RoZ3FWQzJNWW1HYU1nS3RiOFJVRG9qeF9wVmJEQWRfd3FzZ1ZKbWRBTzVtMGVUd05Obkt30gGIAkFVX3lxTE12S1NSMUxGaWVpeUt5aWFRSkdzblBGbHp3bUpndWx5eG1vWnV3dEJ3NUdSeTJDLUNHcU9oc1NTQkpxMThYaUIwTnc4MTRaWExEdjVNYkZOd2pQSTZUWVROYzlySUlPaUJNeFNfTGtoWXlPckxXUTlKbWh5cWtjQTZlWkZXSFZGekZPNUZnTDh1dndNMFNWUUhfaXJWZ1VNT1BNS081dkNXd0ktNnJ1QnRpb21mVVRvWEl4aGlReHZNTlAzR2I1eV9IUUpRRVVFd0NNVlBWZkNoWFNCR0hNcGQwM0xKYnZMalRGUVV5MkhsRXp5enlFRzIwUjhRbnI0dnAySVhzbk5hMQ","",,"2025-08-21T07:00:00+00:00","""road accident"" ""Bengaluru"" ""Karnataka"" after:2022-12-31 before:2026-01-01","true","2026-09-24T19:04:05.589312+00:00","google-news","indiatvnews.com","India TV News","Reckless lane change leads to major accident on Bengaluru–Mysuru Expressway | Watch viral video India TV News","Reckless lane change leads to major accident on Bengaluru–Mysuru Expressway | Watch viral video - India TV News","https://www.indiatvnews.com/karnataka/reckless-lane-change-leads-to-major-accident-on-bengaluru-mysuru-expressway-horrific-video-goes-viral-latest-updates-2025-08-21-1004451"
,"https://english.mathrubhumi.com/news/kerala/kerala-victim-of-bengaluru-road-accident-donates-organs-bringing-hope-to-eight-lives-4c87efd8",,"Bengaluru: The organs of Malayali student Alan Anuraj, who tragically succumbed to brain death following a road accident on New Year's Day, have given new hope to eight individuals. Alan, a 19-year-old first-year physiotherapy student, was severely injured in a motorcycle crash on January 1, 2025, in Bengaluru. Despite medical efforts, he could not be saved and was declared brain dead at SPARSH Hospital in Yeswanthpur.
In a remarkable display of courage, Alan's family consented to donate his organs, including the heart, two kidneys, pancreas, lungs, liver, and corneas. Six major organs and two eyes were successfully transferred to various hospitals across Karnataka. The organ donation was facilitated under the Karnataka government's 'Jeevasarthakathe' initiative, ensuring a seamless and efficient process.
Kerala Health Minister Veena George expressed deep gratitude to Alan’s family for their selfless act, extending her condolences during this difficult time.
Alan is survived by his parents, Anuraj Thomas and Bini Anuraj, and his siblings, Amal and Alvin.
Published: 04 Jan 2025, 08:17 pm IST
Related Topics
Get Latest Mathrubhumi Updates in English
Disclaimer: Kindly avoid objectionable, derogatory, unlawful and lewd comments, while responding to reports. Such comments are punishable under cyber laws. Please keep away from personal attacks. The opinions expressed here are the personal opinions of readers and not that of Mathrubhumi.","1454","CBMi0wFBVV95cUxQUUtPYjZlcVJBcTdLSDh1T3d3cEprQ3ptZk1wLVBXWkFWUEdoa0p2d1VtcU5lNHJxR3BQUzZaVDFtNk5IRmxMamdSNzJtcm10ZzFLVmIzLWlqZ0RhblU1Ul9EbVV3MkpraF93eVVBblFvNm0yVEtVSnYwdjJCZlhXZ2g2eXpiRkp2eUdEd1dxTUFHMHBwQUVpLXB5bVpxbjVwUUVCVEtkTXF5S09lRVpJZWNOWGpzTlJtSTBkZVFSTGszN2VTczRCaGNsLWl0UktOLW1F0gHYAUFVX3lxTE56WHc4bDRHSVpmajFoUmRORWs0M19Pem5LRk9MczRMZ000Y3UtRjhHa3N2MS05cGU1RnAxRzhFTUtzLWNpbHE2dlhUcVBDNDlrYTFiN2I2MkJBbVA0dGZoSUFpZGhTLU9DN2FDcWZiVGptekFCS0RnVENlTVRiajA2QXUySmJES1lDZTk0ZGdTelQybGdVZk5wbDZEY2xlTjRhUklPTFlNZ1oza3lOX29IMGtGdlNucEFwLXd4M0ZQT2xnU0Y4Zk1FWjFYWHJoWmVHUlYxZXloTw","",,"2025-01-04T08:00:00+00:00","""road accident"" ""Bengaluru"" ""Karnataka"" after:2022-12-31 before:2026-01-01","true","2026-09-24T19:04:05.589427+00:00","google-news","english.mathrubhumi.com","Mathrubhumi English","Bengaluru accident claims Malayali student’s life, his organs offer hope to 8 individuals Mathrubhumi English","Bengaluru accident claims Malayali student’s life, his organs offer hope to 8 individuals - Mathrubhumi English","https://english.mathrubhumi.com/news/kerala/kerala-victim-of-bengaluru-road-accident-donates-organs-bringing-hope-to-eight-lives-4c87efd8"
,"https://thehansindia.com/bengaluru/4-dead-16-injured-in-bengaluru-rural-road-accident-involving-apsrtc-bus-and-truck-979483",,"4 Dead, 16 Injured in Bengaluru Rural Road Accident Involving APSRTC Bus and Truck
In Short
A tragic road accident near Bengaluru claimed four lives, including two children, and injured 16 others. The APSRTC bus collided with a truck in Hoskote Taluk. Police suspect driver fatigue as the cause.
In a tragic road accident that took place on Friday, four people including two young children died, and sixteen others were injured, when an APSRTC bus collided with a truck in Bengaluru Rural district.
Where It Happened
The accident took place at Gottipura Gate, located in Hoskote Taluk on the National Highway, which connects Kolar and Hoskote, near the outskirts of Bengaluru.
Victims Identified
The police confirmed the identities of the four people who lost their lives:
Keshava Reddy (44)
Tulasi (21)
Pranathi (4)
Maria (1)
All victims were residents of Chittoor district in Andhra Pradesh.
Injuries and Medical Status
Among those 16, two are in critical condition and are being treated at Hoskote.
What Caused the Accident
- The APSRTC bus was going from Tirupati to Bengaluru.
- The driver lost control while trying to overtake a truck and hit it from behind.
- Police think the driver may have fallen asleep, which caused the crash.
- The front part of the bus was badly damaged in the accident.
Police suspect the driver may have fallen asleep, causing the collision. The front of the bus was heavily damaged in the impact.
Police Investigation
The Hoskote traffic police have registered a case.
Officials are investigating whether the driver violated any road safety norms or driving rules.","1598","CBMixgFBVV95cUxOcENYcmN2V2QzQUhacXRPTXdaUVVscG1MSDBaSEQ5ZWt2dTlHb3AyRlR3dy1ZZmM3SVRtMFczdDM2VHI1QkNCbHVsLVpSZlpMTWRjNEFCRTBXNVd1dXNOVkQ0QWw5T2tIM3VkQzBscXFlX0JDMi1NSnZRcG1QREEwSTllVWdQOU5VcWZsT0NnU2E2RFRhQjJMNGJ3alVsMWdJT0pYcWRxNG9UWlNKV1lheU1QOXBXRGNiM1c0dURqenJlSFJiVUE","",,"2025-06-13T07:00:00+00:00","""road accident"" ""Bengaluru"" ""Karnataka"" after:2022-12-31 before:2026-01-01","true","2026-09-24T19:04:05.589476+00:00","google-news","thehansindia.com","The Hans India","4 Dead, 16 Injured in Bengaluru Rural Road Accident Involving APSRTC Bus and Truck The Hans India","4 Dead, 16 Injured in Bengaluru Rural Road Accident Involving APSRTC Bus and Truck - The Hans India","https://www.thehansindia.com/bengaluru/4-dead-16-injured-in-bengaluru-rural-road-accident-involving-apsrtc-bus-and-truck-979483"
,"https://indiatvnews.com/karnataka/three-killed-as-car-collides-with-ksrtc-bus-in-karnataka-s-chikkaballapur-2025-12-11-1021218",,"Three people died and many were injured in a tragic road accident that occurred late at night on the highway in Karnataka’s Chikkaballapur district. The collision took place near Lalgondonhalli Gate on the outskirts of Devanahalli. The car, bearing registration number KA 50 MA 0789, was traveling at high speed from Chikkaballapur toward Devanahalli when the driver lost control, hit the divider, and collided head-on with a KSRTC bus. The impact completely destroyed the car, leaving all three passengers dead at the scene.
Bus passengers injured
Several passengers on the KSRTC bus sustained minor injuries and were admitted to nearby hospitals for treatment. The Devanahalli Traffic Police have taken control of the scene. The identities of the deceased are yet to be confirmed, and authorities are investigating the cause of the accident.
Past instances of road accident in Karnataka
This comes months after three people lost their lives and 20 others were injured when a vehicle collided with a stationary tractor-trailer on National Highway 48 in Karnataka’s Haveri. The incident took place near Kakola in Ranebennur taluk on Thursday.
According to police, the group was returning home after attending a Dibbana program when the accident occurred. The injured were rushed to the Ranebennur Taluk Hospital by ambulance and are currently receiving treatment.
Ranebennur Rural Police visited the accident site and have begun investigations into the incident
Moreover, Lokayukta Inspector from Haveri, identified as Inspector Salimath had also died after an accident near Annigeri in Dharwad district. According to initial information, the Hyundai i20 he was driving is believed to have struck a divider on the national highway. Soon after the collision, the vehicle caught fire.","1782","CBMiygFBVV95cUxQYnZaRzk5dGNqZDNzcUZpVW9vc2pmcEFjZUNLR3NNbVhuTGlGZzBROU5RbnhJajhVYl9yS1J2WC0wX19wQUZzc2ZEb0hNN290X2NySUZmR21lYVhyOXhyWEFQd2R1OVF1TjBGcVZPbml0enR0RGJTX253cnJvNDJlaUpoWUpRSE5CN1FtM2p6M2FWNVBaeFVJOHAyTXNzaFhQYUFNMjhiZ0F0Wnd4YnBMOS03NkZ2SzQwQWxqRnowd2hqRG5vMmZLb01B0gHPAUFVX3lxTE5pcUN5WlY1Q1kwX3BDTDdKcXF3Sjd6a05zMEdYRFhDV010MkFuWDAzNGxVNGlyTER4MTc5ZDVVcVR5MDlDOTZFOUlDTkFCWUdReGNqbXlTcVRkWWJFR3N2SHJHRHppXzI1MmxDSU56WllSb3dFbDVwcWhfandaTHVlZ21sQV9FRXVwZzdmX2NoNnRnTGxqWUwwZnZCV2NuS1V0QlN3aXYxbzBabEsteUZpNEhlZlU5cDViUFp3WW1HWWk2Tnk1d1NHcEsxUGJibw","",,"2025-12-11T08:00:00+00:00","""road accident"" ""Bengaluru"" ""Karnataka"" after:2022-12-31 before:2026-01-01","true","2026-09-24T19:04:05.589610+00:00","google-news","indiatvnews.com","India TV News","Three killed as car collides with KSRTC bus in Karnataka's Chikkaballapur India TV News","Three killed as car collides with KSRTC bus in Karnataka's Chikkaballapur - India TV News","https://www.indiatvnews.com/karnataka/three-killed-as-car-collides-with-ksrtc-bus-in-karnataka-s-chikkaballapur-2025-12-11-1021218"
,"https://thehansindia.com/news/cities/bengaluru/another-accident-on-bengaluru-mysuru-expressway-ksrtc-bus-conductor-killed-806091",,"Another accident on Bengaluru-Mysuru expressway: KSRTC bus conductor killed
In Short
Another horrific accident took place on the Bengaluru-Mysore Express Highway on Wednesday when a KSRTC electric bus collided
BENGALURU: Another horrific accident took place on the Bengaluru-Mysore Express Highway on Wednesday, when a KSRTC electric bus collided with a Bolero vehicle loaded with plywood, killing the bus conductor on the spot and seriously injuring the driver.
Boloro luggage vehicle which was moving in front of the KSRTC EV Powerplus vehicle coming from Madikeri to Bangalore on Mysore-Bangalore highway was overloaded with 20 mm plywood sheets inside and on the top, suddenly the Boloro vehicle's tire burst and its speed decreased. When the EV bus coming behind hit Boloro, more than 17 plywood sheets in the Boloro vehicle hit the front glass of the bus, hit the bus driver's chest and lost complete control and crossed the right side divider and entered the service road.
In the accident, the deceased Ramesh G, Driver Cum Conductor, Age 51 Years, had 19 Years service. Around 22 passengers in the bus sustained minor injuries and were admitted to Ramnagar Government Hospital for treatment.
The driver and three passengers sustained serious injuries and were shifted to a Bangalore hospital for further treatment.
Chief Traffic Manager (Operations), Chief Security and Vigilance Officer, Divisional Controller, Ramnagar Division, Bangalore Central Division and other officials have visited the spot and the hospital and arranged for further treatment of the injured.
The KSRTC in a release stated, The Corporation deeply regrets this accident. The loss of our staff has caused great pain and the officers of the corporation are in touch with his family and are taking further steps. The Corporation bears the medical expenses of passengers in hospital.","1861","CBMizAFBVV95cUxQY045ZkVFOTltZzR2X0FOWDc5azkyWXI0c0IwdHZRVFNJMm5Bb19ZSzNPU3dhT2FZRER3Tk1jal9GSVkyRF8wZy1tUTBLcFNlcEJCaTA0VW40U3E4eFM0emRnXzNaRTJxTkIxRGhXbDc3Rk5MMUZJbFhwWXFoX2sxN1hhVmN6TmpNNUlIS2YxbGMzd1VxVTVaYWtRcXZ5TmFfMEt2WUZpYnQtc2V2aldmNGpWRS1Gc1laM3RwX0lBbmFpN3ZNMkhJMzdFRkQ","",,"2023-06-28T07:00:00+00:00","""road accident"" ""Bengaluru"" ""Karnataka"" after:2022-12-31 before:2026-01-01","true","2026-09-24T19:04:05.589653+00:00","google-news","thehansindia.com","The Hans India","Another accident on Bengaluru-Mysuru expressway: KSRTC bus conductor killed The Hans India","Another accident on Bengaluru-Mysuru expressway: KSRTC bus conductor killed - The Hans India","https://www.thehansindia.com/news/cities/bengaluru/another-accident-on-bengaluru-mysuru-expressway-ksrtc-bus-conductor-killed-806091"
,"https://timesnownews.com/bengaluru/road-accident-fatal-bike-bus-collision-near-bengaluru-3-bikers-killed-were-riding-without-helmet-kalaburagi-karnataka-article-110455572",,"Kalaburagi: Three men died in a road accident near Bangalore Cross in Kamalapur in Karnataka's Kalaburagi district on Sunday after their bike collided with a government-run bus (Kalyana Karnataka Road Transport Corporation-KKRTC). The deceased have been identified as Vishal Jadhav (17), Chandrakanta (20) and Sameer (23).
The horrific visuals show the men lying dead on road with severe injuries on their bodies. An eye of one of the victims could be seen popped out while the legs of another are in deformed condition suggesting the intensity of the collision. Apparently, none of the victims was wearing a helmet and they were all on a single bike.
A woman is also seen explaining in local language how the incident happened and said the the men were riding the bike in a rash manner. The deceased came from Kinni Sadak village and were going to Kalaburagi on a bike while the KKRTC bus was going from Kalaburagi to Humanabad.
Meanwhile, the Kamalpur police have visited the place further probe is on.
Get Latest News Live on Times Now along with Breaking News and Top Headlines from Bengaluru and around the world.","1118","CBMihAJBVV95cUxPRzhONW9NQ1RScUV5Q0dFRHRxOFdpVlBmMEw3RFJvME1fN1pDZk1xVXIxejdUTnByYk9HbGw4QlNrOXE4dko0YmpSdVhvaWcwQlZLM3lMM2xrdENMbFNnenpNM2ppY1Q2aUtxbC1XY2xfeTc3bUFQcVZNM1hIeWQxMG1KMjJXb01LRHF2MC1LWkxZeEU0MHozOWhkVXdjUFJYSER6ZmI2MHQ5dHpObi1acjVTeS1uT2k3M05TdUJTdEVzaWNfeW9FZ1JqZ2plTUF4MGZUa2pORDJCWDZwby1UdTNKMzFGUUdhNURyM3JmM2xWWHpTUlcxNXUwQkVtSnpMeEJiaNIBigJBVV95cUxQb3NGVHdhWTB4Ml9PMVY3eFdwWkpreFRHcC1zNHROX2M4OWltVUtlRzVmb1RabkJybzZqblRTOFVEWWNRSFF5S1llTGotNFhicDhxU1VqellTUDVYLXBPWjF1Y2VjS2tYTkdXclp5TVl5N09kRlVwMFd3ZnBfMDRBWjBSTFdJNTd1S1RibUdVcUViZTBCWkF3VDFXb1JmTXVrRW1wcnNHcHNCMDFkcXpkZzZ5RzA2QURlS2pHQ3JiM1dsTjRKRXZ2eUdYQmRZcHdzWmtxMjNRUGIyLUV1bkdlUXN6TGJrLTJtTXgzZVRDVWp0cklXWkRZdm9WekVWQk5DRTVwd1RmMEd2Zw","",,"2024-05-27T07:00:00+00:00","""road accident"" ""Bengaluru"" ""Karnataka"" after:2022-12-31 before:2026-01-01","true","2026-09-24T19:04:05.589699+00:00","google-news","timesnownews.com","Times Now","No Helmet, Rash Driving, And Then The Fatal Accident: 3 Bikers Dead After Crashing Into Bus Near Bengaluru Times Now","No Helmet, Rash Driving, And Then The Fatal Accident: 3 Bikers Dead After Crashing Into Bus Near Bengaluru - Times Now","https://www.timesnownews.com/bengaluru/road-accident-fatal-bike-bus-collision-near-bengaluru-3-bikers-killed-were-riding-without-helmet-kalaburagi-karnataka-article-110455572"
,"https://indiatvnews.com/karnataka/senior-ias-officer-mahantesh-bilagi-dies-in-road-accident-in-karnataka-two-more-killed-2025-11-25-1019037",,"Senior IAS officer Mahantesh Bilagi and two others were killed in a road accident in Karnataka’s Kalaburagi district. Bilagi, who was serving as the Managing Director of the Karnataka State Minerals Corporation, was travelling from Ramdurg to Kalaburagi to attend a family wedding when the incident occurred.
Everything you need to know about the incident
According to initial information, Bilagi was accompanied by his brother and another person when their vehicle met with the accident near Gaunalli Cross in Jewargi taluk. A stray dog reportedly ran onto the road, and while trying to avoid it, the driver lost control of the car. The vehicle thus overturned.
The accident resulted in the deaths of Mahantesh Bilagi, his brother Shankar Bilagi, and Eranna Shirasangi. Shankar and Eranna were declared dead at the spot.
Mahantesh Bilagi was rushed to a private hospital in Kalaburagi, but despite medical efforts, doctors were unable to save him. Senior officials, including IGP Shantanu Sinha and the Kalaburagi Deputy Commissioner, reached the hospital soon after the news broke.
Deputy Chief Minister DK Shivakumar expressed his condolences through a post on X, calling the loss deeply saddening.
Who was Mahantesh Bilagi?
Mahantesh Bilagi was born on 27 March 1974 and belonged to the 2012 batch of the Karnataka cadre. At the time of his passing, he was serving as the Managing Director of the Karnataka State Minerals Corporation. He held several key positions, including Managing Director of BESCOM. He also served in districts such as Davangere and Udupi.","1565","CBMi2wFBVV95cUxPWVV2RjQyMkxLaWpsSlZlY0wyUDhoOEdyd1ZZdVd5LXJkYmhwMXA5ak5zOXJaQTlPMHlneHZ4bDVFS2cySWttQVdwbXdFSDFBZUdfVTJoOGduZ0xsOWNfNmRhRmt3TzVZMTZxOE9HNUt4bkVVY21kOFpxZ3RzUXRLMFlJTjZuLXpQWU5lVDljR25lbG5lTVFrenJqZ0NwTWFDLWh4MUwtdEVURnR2ZFkxeGJTUTZPaEhscXRWRWYwMmRfTDA5QzktMDNFR3drNEhFS3R6eUc3NndzVmPSAeABQVVfeXFMT1hQN0xOUmtVSWJRV2NhNkpEd21vQktmZkxiWnJhWGxwSmM2Y19uWTMxQWduc002NFJwTjRxMDFKZTFuQkUyN3pmLVMzak82bTN5VkNrMU5jMFNMMXBJQjAzS2N2NTdCQ1gwbE8wVmNBOWxPcGtSUUh2Z3hrZ2RVSW1mYWJPNWV5MjJRQjJvQUpPTWlQWHZnTmtlNnRQVzFsSXV5amFwNS10ay1OQzRLUkRBOWd5TEkzbnBOQU14VFloOFZuUWtxOWZXMFRzSlVXR0lUc1Z1X3BEeDdZMGx2VS0","",,"2025-11-25T08:00:00+00:00","""road accident"" ""Bengaluru"" ""Karnataka"" after:2022-12-31 before:2026-01-01","true","2026-09-24T19:04:05.589750+00:00","google-news","indiatvnews.com","India TV News","Senior IAS officer Mahantesh Bilagi among three killed in road accident in Karnataka’s Kalaburagi India TV News","Senior IAS officer Mahantesh Bilagi among three killed in road accident in Karnataka’s Kalaburagi - India TV News","https://www.indiatvnews.com/karnataka/senior-ias-officer-mahantesh-bilagi-dies-in-road-accident-in-karnataka-two-more-killed-2025-11-25-1019037"
,"https://latestly.com/india/news/karnataka-road-accident-four-killed-others-four-injured-in-multi-vehicles-collision-on-bengaluru-mumbai-national-highway-in-dharwad-5674273.html",,"Karnataka Road Accident: Four Killed, Four Others Injured in Multi-Vehicles Collision on Bengaluru-Mumbai National Highway in Dharwad
At least four people were killed on the spot in a road accident involving two cars and a truck on Bengaluru-Mumbai National Highway in Kundgol in Karnataka's Dharwad district on Saturday.
Hubballi, January 6: At least four people were killed on the spot in a road accident involving two cars and a truck on Bengaluru-Mumbai National Highway in Kundgol in Karnataka's Dharwad district on Saturday. The deceased have been identified as 26-year-old Manikantha, 23-year-old Pavana, 31-year-old Chandana, all residents of Hassan, and 34-year-old Prabhu from Bengaluru. Horrific Accident Caught on Camera in Karnataka: Two-Year-Old Boy Playing Outdoors Crushed to Death by Car in Bidar, Disturbing Video Surfaces
Other four who got seriously injured have been rushed to KIMS Hospital in Hubballi city. One of the cars was on way to Goa from Hassan while another was moving towards Shirdi from Bengaluru. Dharwad SP Gopala Byakod has rushed to the spot. Karnataka Road Accident: Four People, Including Three School Students, Injured After Speeding Car Collides With Bus in Haveri District
State Labour and District in-charge Minister Dharwad Santhosh Lad visited the injured at the KIMS hospital. ""After the collision of cars, the truck mowed down those standing on the roadside. The truck driver has been arrested. It is not yet known how the accident had taken place. The police are verifying whether the incident took place due to the fog,” Minister Lad said.
(The above story first appeared on LatestLY on Jan 06, 2024 11:41 AM IST. For more news and updates on politics, world, sports, entertainment and lifestyle, log on to our website latestly.com).","1783","CBMijAJBVV95cUxPdVUwOUpMMXZ5di1oVmtGVEhONEowX0RrR3FoV0t1Mjg3bWRYOGUyNUZVQkxfVmw3NG5ub0c2ZFBRcE1ud1BHWkp3UTUySWpmS3hXb0lkODhabUdRVlE1RkZnd09jYnprWWFpV1l2T2gtTHRCSUxLd2JsOUVrY0pucWE1ZTNpYWlJNTY0elpxVU12ZTJLaFV0Q2NBZ3lpQnlLQkNxQWFRZ2xRaU5uNFQzYkVmVndNS3dJYnN1NkktR3p0Mm1Sanc4eDJlZ2w2c1NtY2NjZlMtbjZzTTJEYmphSXFCMFdJWG9seDJnZjc5Y0YtWGlhSFZCRUItRml6OTFobVdGdjJhZ1dZaW9i0gGSAkFVX3lxTE5SQ2VlQ2RjUkFTemQwZmFhdVdzZndCV3AtNXZ6ZHVkbWdWWTIxUG9fVHBsNGZ4R3J5enRkUTVrQnVzNlVPUl9aQkEtVndGLVhqOU9LQlN3WmVpLXNSS01VNTNSWEZFMDZqajFfbnRvZEw5YmpjdDAtakhEcnZFeS1kOHdkQWhmMF82ZG9lckIwYUpCVFBtY1NFakxJa2FXSl9fbjR2RmF0WW5pZ2hxTGo4bmpfekMydExvSnFJcDU2dm1TVlR2czdQVVFkV0RicTd1Tkpxell1R01pZi1iYXBtZXl4V3U1WmNtM2NaVElhV01fRnA2bFQtVC1SaGctOWtHS1VuM0lBX19icFhjUTh0a3c","",,"2024-01-06T08:00:00+00:00","""road accident"" ""Bengaluru"" ""Karnataka"" after:2022-12-31 before:2026-01-01","true","2026-09-24T19:04:05.589857+00:00","google-news","latestly.com","LatestLY","Karnataka Road Accident: Four Killed, Four Others Injured in Multi-Vehicles Collision on Bengaluru-Mumbai LatestLY","Karnataka Road Accident: Four Killed, Four Others Injured in Multi-Vehicles Collision on Bengaluru-Mumbai - LatestLY","https://www.latestly.com/india/news/karnataka-road-accident-four-killed-others-four-injured-in-multi-vehicles-collision-on-bengaluru-mumbai-national-highway-in-dharwad-5674273.html"
,"https://deccanherald.com/india/karnataka/bengaluru/trio-killed-in-road-crash-on-airport-road-in-bengaluru-3187343",,"Bengaluru: Three students were killed in a road crash on the airport road near the Chikkajala fort in the early hours of Thursday.According to Chikkajala traffic police, the incident occurred around 1.30 am, when the trio identified as Suchith, Rohith, and Harshavardhan, fourth-year BSc students at the College of Horticulture, GKVK, were riding a bike towards the city.Police suspect the initial crash into a heavy goods vehicle happened when Suchith, the bike rider, was trying to switch lanes at a high speed. Just a few minutes after they fell, an unidentified vehicle ran over them and sped away. Police are yet to identify this absconding driver and his vehicle..Serial accident on Bengaluru's E-City flyover disrupts traffic.There were reportedly two other friends on another bike but they have not been traced as on Thursday evening, noted a police source.The trio died on the spot. “They might have sustained grievous injuries, owing to the impact of the goods vehicle. We don't know the exact speed they were riding at,” said the source. Their bodies were taken to Dr B R Ambedkar Medical College and Hospital, KG Halli, for post-mortem and their blood samples have been collected to check for alcohol.'Had gone towards the airport'Professors from the college told DH that the students had just begun their seventh semester this Monday.Suchith lived in Hebbal in Kempapura. He was celebrating his 21st birthday on Wednesday and most likely wanted to spend time with his friends, said a professor. Both Rohit, who hailed from Chikballapur, and Harshvardhan, who hailed from Srinivaspur, Kolar, lived in the hostel.Dr GSK Swamy, dean, College of Horticulture, explained that the hostel held a Ganesha idol immersion programme within the campus on Wednesday night, after which the students would have left.""Normally, nobody is given permission to leave the campus after 10 pm according to our security guidelines. They reportedly informed the security that they wanted to drop someone at the airport and left. We learnt of the incident around 3.15 am and rushed to the hospital,"" he told DH.The college held a public mourning on Thursday morning.Police have filed a case under sections 106 (causing death by negligence) and 281 (rash driving) of the Bharatiya Nyaya Sanhita (BNS) and have launched an investigation to nab the absconding driver.","2352","CBMiuAFBVV95cUxQenMwV0NUZ3FCZ1RZWlppSENRMXdURDlOX2twWTNvRTM2UUFLT19iMy03X3JicThQanRkS0g4N0NYdHlXRkJpeXp0aFlsNU9RQTliakhvUnhLeENhcE5GdDhoNk1hOW43R1U1enNkRG5BenNuajZzM3Q1bkpGWG53WUp0RlRqT2NBLTkzSEdMQjZuWVM0TUFTeW05aGtOcTRMQ1psdG9MalhnUkE2UGUwenliZGs0WWRU","",,"2024-09-11T07:00:00+00:00","""road crash"" ""Bengaluru"" ""Karnataka"" after:2022-12-31 before:2026-01-01","true","2026-09-24T19:04:06.299455+00:00","google-news","deccanherald.com","Deccan Herald","Bengaluru airport accident news: Trio killed in road crash on airport road in City Deccan Herald","Bengaluru airport accident news: Trio killed in road crash on airport road in City - Deccan Herald","https://www.deccanherald.com/india/karnataka/bengaluru/trio-killed-in-road-crash-on-airport-road-in-bengaluru-3187343"
,"https://timesofindia.indiatimes.com/city/bengaluru/karnataka-road-crash-sr-ias-officer-mahantesh-bilagi-among-3-dead-in-kalaburagi/articleshow/125577457.cms",,"KALABURAGI: Senior IAS officer Mahantesh Bilagi and two of his family members died after their car crashed into a median and veered off the road in Jewargi taluk of Kalaburagi district Tuesday evening.
Mahantesh, 51, was managing director of Karnataka State Minerals Corporation and a 2012-batch officer.
 Bengaluru Headlines Today — The Biggest Updates You Need to Know.
Police said the accident occurred when the car, carrying the Bilgis from Ramadurg in Belagavi district to Kalaburagi for a family wedding slated for Wednesday, tried to avoid a stray dog near Gaunahalli in Jewargi taluk. The driver lost control of the vehicle and rammed the divider around 5.30pm.
Mahantesh's brother Shankar Bilagi, 55, and their relative Iranna Bilagi, 53, died on the spot. Mahantesh succumbed to injuries at a private hospital in Kalaburagi.
Born on March 27, 1974, in Ramadurg, Mahantesh came from an impoverished family. His mother worked as a household help and ensured her son received an education. He later cleared the KAS exam. ""The motivation he provided to young students is remembered by many,"" said Ganesh Kadam, an associate of Bilagi from Dharwad. 
Mahantesh served as assistant commissioner in Dharwad and was promoted to the Indian Administrative Service of the Karnataka cadre in 2012. Over the years, he served in various administrative roles across the state, including a stint as deputy commissioner of Davanagere district. 
He later took charge as managing director of Bangalore Electricity Supply Company (Bescom) before being transferred to Karnataka State Minerals Corporation in Jan 2025.","1605","CBMi7AFBVV95cUxNMWgxOEtlbXVKUzFZc1l2MnFWSXUycVU1Q0c2ZmYwZlh5bFBPYWRfdUF1WXdiVm90amdZQ2lUSk9XUW9RYXYxWW1QVUozUHNmTUs2bTRGNFA3bmNiVjFob1lfQ0tqMVFYcURjTEE5ZnF4VE5FRmdiLXV3LVFLZnpFMGxUUERQZDJIMFdjdGxXZ3BkdU9ab29ka2NTWU1KWXZUbFZRLUtPR21PYXd5ajdzeDBxeUd5UklzQUgxaDRPa3lVTC1kaE55YTNEQ3I1V184bTRfQW5FX3J1TnJHSmgyTERYSm9XWldNVFc3StIB8gFBVV95cUxOR0d2VDlNckhFeUFidlBpcVB6UENONm9Sd2x3MHBkUFdQNl93eTY0akhtbzRvMGt4Z2RxZTRJMWZtUnlqaWF3WXFNT0VCUXlPeWJRckNxZFRSUGdEcEh5Zm94N2VxbGc0MVd3UlRNRjBvNmtBTGlzNkRaQ1hzX2ZxRnRsSmJUb0I2VzZCM1BDOXN0aVN2cERjVTgyRkVaRWlhQUt5bFliQUM1Z0Q1LVIxbXhNV2h3QTlKOE9xVkFyeGg1RmZTd1hxakRTQzByMDZkVU5tNHdLbXp2X0JBRWxDQmdZMFZRLWxkYzN4ZE52YzM0UQ","",,"2025-11-26T08:00:00+00:00","""road crash"" ""Bengaluru"" ""Karnataka"" after:2022-12-31 before:2026-01-01","true","2026-09-24T19:04:06.299609+00:00","google-news","timesofindia.indiatimes.com","The Times of India","Karnataka road crash: Sr IAS officer Mahantesh Bilagi among 3 dead in Kalaburagi The Times of India","Karnataka road crash: Sr IAS officer Mahantesh Bilagi among 3 dead in Kalaburagi - The Times of India","https://timesofindia.indiatimes.com/city/bengaluru/karnataka-road-crash-sr-ias-officer-mahantesh-bilagi-among-3-dead-in-kalaburagi/articleshow/125577457.cms"
,"https://deccanchronicle.com/nation/crime/261023/13-die-in-road-accident-in-karnataka-after-car-rams-into-truck.html",,"13 Killed in Chikkaballapur Road Accident
Chikkaballapur MLA Cites Over-Speeding and Fog in Fatal Car-Truck Collision
Bengaluru: As many as 13 passengers died, 12 of them on the spot after the car in which they were travelling collided with a parked truck on National Highway-44 near Chitravathi of Chikkaballapur taluk close to Bengaluru city on Thursday at around 7 am. A woman seriously injured in the accident died at a hospital unable to respond to the treatment.
Some of the names of the deceased identified by the police are Narasimhappa, Perumal Pawan Kumar, Shanthamma, Subbamma, Narasimha Murthy, Aruna, Nanjundappa, Naveen Kumar, Padmavathi and a year old child Rutwik. It is said that the car was from Gorentala in neighbouring Andhra Pradesh and were on their way towards Chikkaballapur when they met with an accident.
Chikkaballapur MLA Pradeep Eshwar who visited the spot told reporters that over speeding of the car might have caused the accident owing to poor visibility as thick fog had surrounded the region. The truck driver had parked it to answer nature’s call when the car collided with the truck.
The MLA said he collected details that the car driver had covered Gorentala to Bagepalli in about 20-minutes while at a normal speed it would take about 45-minutes to reach Bagepalli Toll Plaza. Besides, the MLA said, the car driver had no permission to board passengers to ferry them.
He asked the National Highways Authority of India officials to construct a truck terminal to avert such accidents in future and said that he has spoken to Chief Minister Siddaramaiah to announce ex gratia for the kith and kin of the deceased.
Responding to the plea of the MLA, Chief Minister Siddaramaiah announced Rs 2 lakh ex gratia for the deceased families. Superintendent of Police Nagesh and other officials visited the accident spot.","1848","CBMiuwFBVV95cUxNQlpMNW5PaHlPT2ExTXk1UDljc2E4YnhEWGtSWWVqMjNBaG8wd18wYV80Y2JrYW5vVFVHcWVvVmlkbl9LX0o1eUNVb19MQ2dOb3JuSmFDSnlrRExPZExmNUFZalBGZk9ZcGxmMWQ5NWF4bHlwVGVpWWU1dFNaRVVPbUkwRE5GWFB2TG9GOHdvRzVzNldDc0Z3YzRhazN0MjVudXlPZDVYcThRVWo5dnFzd2tqVW5MMks1OGFj0gHAAUFVX3lxTE5NZ2hGTkVCV1ltNEY4R0x1NnhPUktLZzNYa21rd3ZWS3R1alQtY0Y5cDhNbXhKdlVSWllFdWVucjEzc29ZQmJQWlBMVWNuNmVBSGdvVjlpZUNQVldCdlEwZXFHSmtucXltbEZHQW5IN2NvaHVNVUtlRmRXQUhqdEc1a3ZhTHVvSExrLUtmNEVjZVBsamhWazlhZUNRbDFBVlMybGdON0lTdzdUNmEtZ241MWd0eXNKLXlabTlYTk5RLQ","",,"2023-10-26T07:00:00+00:00","""road crash"" ""Bengaluru"" ""Karnataka"" after:2022-12-31 before:2026-01-01","true","2026-09-24T19:04:06.299772+00:00","google-news","deccanchronicle.com","Deccan Chronicle","13 Killed in Chikkaballapur Road Accident Deccan Chronicle","13 Killed in Chikkaballapur Road Accident - Deccan Chronicle","https://www.deccanchronicle.com/nation/crime/261023/13-die-in-road-accident-in-karnataka-after-car-rams-into-truck.html"
,"https://timesofindia.indiatimes.com/city/vijayawada/4-of-andhra-pradesh-family-killed-in-road-crash-in-saudi-arabia/articleshow/103099119.cms",,"VIJAYAWADA: Four members of a non-resident Indian family from Andhra Pradesh died in a road accident near Riyadh in Saudi Arabia on Friday. 
Dandu Ghouse Basha (35), a native of Madanapalle in Annamayya district, who was working in Kuwait, went to Saudi Arabia along with his wife and two children. The family was returning to their home in Kuwait when the accident occurred. The car they were travelling in collided with a truck and was gutted in a fire.
M Venkata Ramana Reddy, a senior official in Andhra Pradesh Non-Resident Telugu Society (APNRTS), told TOI that Ghouse Basha's family migrated to Bengaluru when he was a child. After completing high school in Bengaluru, Basha pursued his bachelor's degree in electronics and communications engineering at Anna university in Chennai in 2009 and started working at a private company as a database administrator in Pune.
Later, he completed his master's in project management from Anglia Ruskin university in London in 2019 and left for Kuwait where he worked with multiple companies.
Around 10 days ago, Basha along with his wife Tabarak Sarwar (31) and two sons, Ehan (4) and Dameel (2), went to Mecca in Saudi Arabia in a recently purchased car.
Family was returning to Kuwait after visiting Madina when tragedy occurred
After performing Umrah and visiting Madina, the family was returning to their home in Kuwait when the tragedy occurred. The car was gutted in the mishap on the Hafna–Tuwakh road, nearly 120 kilometres away from Riyadh. 
The bodies were shifted to Rumah general hospital and legal formalities are yet to be completed. The parents of Ghouse Basha were admitted to a hospital in Bengaluru after hearing about the tragedy.
 Ramana Reddy also said it was difficult to identify the victims since most of their belongings, including travel documents, were burnt when the car caught fire. APNRTS officials are coordinating with the Indian embassy in Riyadh to repatriate the mortal remains.","1959","CBMi2AFBVV95cUxObEdvbDhTNk5rSkZwN1NJV0x2ZUkybFowd2t4UUNRdXFPTEVCOVN6N1FBNi1WZHZ5c3dsZDJ0QTBZR1pZQTk2MzNVcldEWjBwYmNRaUMyMGNWWUpZME4yNTBBdWZTeWF4MEJHVE5ldU5oVmdhSWkxelFyVjJmYjFxUHhOWUExaXoxdER5SDVodXN1amFQd190RWRWR2syZTM4czljODlZcVFJR0hYbkRtN2RobFJ0WE5telJzcDVleHlxWVB2UzRqYVM5aDdoQVNSMWE2ZDNsR3rSAd4BQVVfeXFMTnMyNkVCTWxHWjVYdWZBNElzajd4ODF0OENmcXhIUVhZeXJJeUE3T3NfRDI2X1Qya2VWQWtCRmI3OFhQRDctaWRDbThuTUR4X2k4Zzg5RC1LZ3VFQlJnbi15SXRtbkZfU05XUzhDeEpxc0FMUTF4YlVqZ1ROMUp0Zy1YVHlyYU9NRWxudlBMNWg2akxmMGtubzByT2piVzVJS3BsMnBEb1BXQlVoSTZlLVFkR3hDd2stRzlLRW84U29NZHNvcGxTVS04MmhDUTBWRG92ekJ0UXNqaDhqRkpn","",,"2023-08-27T07:00:00+00:00","""road crash"" ""Bengaluru"" ""Karnataka"" after:2022-12-31 before:2026-01-01","true","2026-09-24T19:04:06.299878+00:00","google-news","timesofindia.indiatimes.com","The Times of India","4 of Andhra Pradesh family killed in road crash in Saudi Arabia The Times of India","4 of Andhra Pradesh family killed in road crash in Saudi Arabia - The Times of India","https://timesofindia.indiatimes.com/city/vijayawada/4-of-andhra-pradesh-family-killed-in-road-crash-in-saudi-arabia/articleshow/103099119.cms"
,"https://deccanherald.com/india/karnataka/bengaluru/techie-who-also-worked-as-rapido-driver-dies-in-road-crash-3315755",,"Bengaluru: A 24-year-old techie, who also worked as a Rapido bike taxi driver, died in a road accident on SJP Road in Bengaluru during the early hours of Thursday..Kumar, a native of Andhra Pradesh and residing in Marathahalli, was travelling from KR Market towards home when a tipper lorry carrying tar collided with his bike, around 12.55 am. The police confirmed there was no pillion rider at the time..The impact of the crash caused Kumar to fall off his bike, and the lorry ran over him, resulting in fatal injuries. “The lorry driver, a man in his 30s, has been detained,” said an officer from the Halasuru Gate traffic police station..Whitefield accident .Hours later, a second fatal accident occurred on Nallurhalli Main Road, Whitefield, involving a Canter truck carrying chickens and a parked tipper lorry..The crash took place around 5 am when the speeding Canter rammed into the stationary tipper lorry, which had been parked on the right side of the narrow one-way road..The driver of the Canter, Lakshminarayan (39) from Andhra Pradesh, and his co-passenger, Sahil (23) from Manipur, were killed. Two other passengers, Mohammad Zakir Hussain and Rejis Khan, both 23 and hailing from Manipur, sustained injuries and were rushed to a nearby hospital..The driver of the tipper lorry, Dashrath (20), has been detained, and the police are investigating.","1362","CBMivgFBVV95cUxOVC1TVERhektHb3oxOElaOHVNakxLaHFJci1QZ1QzMThEMW5IaUduVzdjQ2xmUkZhdGtGQnl0aG9fNldxN3dNWnhtU0JhbWc0bjdoYXUyRmJGTXFKUTd3b2pHTTRrMFNJYWlCbnhyeVhJbFVjdGNWY3VuTmFnUXN1QzVjNlF1SGUtU0Rfb1dnX3JRQi1PYzZrV09uSTJPTkZyRkxDOGhoOUlVN0MxNFBNdzhYQlhINFRwZWJTd1dn","",,"2024-12-12T08:00:00+00:00","""road crash"" ""Bengaluru"" ""Karnataka"" after:2022-12-31 before:2026-01-01","true","2026-09-24T19:04:06.299981+00:00","google-news","deccanherald.com","Deccan Herald","Techie, who also worked as Rapido driver, dies in road crash Deccan Herald","Techie, who also worked as Rapido driver, dies in road crash - Deccan Herald","https://www.deccanherald.com/india/karnataka/bengaluru/techie-who-also-worked-as-rapido-driver-dies-in-road-crash-3315755"
,"https://deccanherald.com/india/karnataka/bengaluru/bengaluru-two-bikers-killed-in-crash-on-bgs-flyover-another-seriously-injured-3568906",,"Bengaluru: A road crash involving two bikes on the BGS flyover, in the early hours of Tuesday, killed two people and left one person seriously injured.The incident was reported around 1.30 am.According to the police, the control room received a call around that time about a crash on the BGS flyover on Mysuru Road. A police officer deputed to visit the spot found that a pair of two-wheelers had fallen on the road, and three men lay on the road, while one sat on the side..Five killed in road accident in UP's Hardoi.Everyone was shifted to Victoria Hospital for treatment. Upon arrival, Akash, the rider of one of the bikes, was declared dead. His pillion rider, Mani alias Sanju, told the police that they were riding Akash’s bike (KA 02 KW 4546) and speeding on the flyover when Akash lost control of the vehicle and crashed into an electric two-wheeler in front of them.Both vehicles fell on the road. While Mani sustained injuries to his left leg, Akash suffered injuries to his face, head, and legs. The two riders on the electric two-wheeler (KA 19 HS 9534), Afzal and Qasim, also suffered serious injuries. Their friends took them to a private hospital in Goraguntepalya for further treatment, where Afzal was declared dead. Qasim is undergoing treatment in the intensive care unit.Akash was a resident of KP Agrahara and worked as a mechanic. Afzal hailed from Mangaluru and worked in a clothing store, staying in Vijayanagar.A case has been registered at the City Market traffic police station.","1506","CBMi1wFBVV95cUxQMkcyaDEtRHhwdGYtNVNOb21Ra3VXcXdJR3hfZjF4bmhoaGVqN3ZFcnRKU1ppaEhXaVBVVGVTVXhoZ2xieEdpbTZsRW4xcjFTR3d4ZzNudXl3czBMbS1tSlB2ZWxmSlI3WWdqWGFMejNmREF5OHhyMTk2Z3ZEdm0yZHNud2hNVmNzTHB2anVCVWVLMXZYR2EtRGZoQW04ZkVMbUZrMnVoSkNCTU01LTgyRHFEbEFhUVEwclZLbnc3dTZiSWhJVjVoN09hSWV3OTJqUWk3eDJsdw","",,"2025-06-02T07:00:00+00:00","""road crash"" ""Bengaluru"" ""Karnataka"" after:2022-12-31 before:2026-01-01","true","2026-09-24T19:04:06.300027+00:00","google-news","deccanherald.com","Deccan Herald","Bengaluru: Two bikers killed in crash on BGS flyover; another seriously injured Deccan Herald","Bengaluru: Two bikers killed in crash on BGS flyover; another seriously injured - Deccan Herald","https://www.deccanherald.com/india/karnataka/bengaluru/bengaluru-two-bikers-killed-in-crash-on-bgs-flyover-another-seriously-injured-3568906"
,"https://deccanherald.com/india/karnataka/bengaluru/food-delivery-boy-dies-in-road-crash-1225396.html",,"A 23-year-old delivery boy died early Tuesday morning after sustaining severe head injuries from a fall the previous day in southeastern Bengaluru..Halesh, a resident of DC Halli, worked as a food delivery boy for Swiggy and Zomato..The police stated that around 1.30 am on Monday, a goods pickup truck was traveling from Bommanahalli on Hosur Road towards Silk Board Junction..As the truck was about to turn left at Roopena Agrahara, Halesh, who was on the wrong side of the one-way service road, accidentally hit the truck's mirror in an attempt to avoid a collision..The impact was such that the victim fell onto the road and sustained severe head injuries. He was immediately taken to hospital, but succumbed to his injuries after failing to respond to treatment.","767","CBMipwFBVV95cUxNdVktQ0lvT1F6ZGdpa01Kd3pRdUNkZzB0ZVZldnlaTnRzWV9jYjJFYlFTVHlmOG1NNGFnV3hvLURGX3RHYmZTdlRYTTh6Rm45c1lPN2RzQVdmSEpMd3o1a0x0WEM2eTBwa3ZmVmttSVR3dDd0bk15ZVpzQnRTRlNLOHpvaHoyTkFYMWxpeHhYbU9JR2h1a2lmY2JQOHRMUEtKREhZYVJXZw","",,"2023-06-06T07:00:00+00:00","""road crash"" ""Bengaluru"" ""Karnataka"" after:2022-12-31 before:2026-01-01","true","2026-09-24T19:04:06.300146+00:00","google-news","deccanherald.com","Deccan Herald","Food delivery boy dies in road crash Deccan Herald","Food delivery boy dies in road crash - Deccan Herald","https://www.deccanherald.com/india/karnataka/bengaluru/food-delivery-boy-dies-in-road-crash-1225396.html"
,"https://deccanherald.com/india/karnataka/bengaluru/nelamangala-crash-tech-firm-ceo-family-laid-to-rest-at-native-village-3328870",,"Nelamangala crash: Tech firm CEO, family laid to rest at native village
Chandram Yegapagol, his wife Gaurabai, 40, their children Gyaan, 16, and Deeksha, 10, sister-in-law Vijayalakshmi, 35, and niece Arya, 6, were killed after a container truck lost balance, jumped lanes and toppled on their Volvo car on the Bengaluru-Tumakuru section of National Highway 48 on Saturday.","373","CBMizAFBVV95cUxNams2SUtnNVZrTkx4OHRvcXluZDViMzNySXlUWlgwcVhJLWlTM2NtWUxuUUh2LVphUDlpeU9hTTQ1V19vS1ZMdVBSMG4tUjgwR3JMZXpxNWlfSXVFVEpKMjl2cXNBcWRTdWhRdzJtWGdNSW9FcFIxWUtiY2ItZ3NzUVdtXzVFRnd6WnRYTkVKeDUyRXVOeThseXk4QTRHODFrVmgycmlJb1ZVVDBjWEFrTWE2bnZ5X2ZWQ29jdDRSWnJQb0NrT1J2eTNpY0c","",,"2024-12-22T08:00:00+00:00","""road crash"" ""Bengaluru"" ""Karnataka"" after:2022-12-31 before:2026-01-01","true","2026-09-24T19:04:06.300268+00:00","google-news","deccanherald.com","Deccan Herald","Nelamangala crash: Tech firm CEO, family laid to rest at native village Deccan Herald","Nelamangala crash: Tech firm CEO, family laid to rest at native village - Deccan Herald","https://www.deccanherald.com/india/karnataka/bengaluru/nelamangala-crash-tech-firm-ceo-family-laid-to-rest-at-native-village-3328870"
,"https://deccanherald.com/india/karnataka/five-killed-in-bus-lorry-crash-near-hoskote-3585395",,"Bengaluru: Five people, including an 11-month-old baby, died in a road crash involving an Andhra Pradesh state transport bus and a lorry on the Bengaluru-Chennai National Highway 75 in the outskirts of the city in the early hours of Friday morning..An APSRTC bus from the Chittoor depot crashed into a West Bengal-registered lorry carrying an iron consignment while attempting to overtake it from the left. The bus was reportedly headed to Bengaluru from Tirupati, said Hosakote traffic police. .Rajajinagar road accident: BWSSB says ‘not our fault’.""The goods in the lorry got entangled with the bus, which was dragged at least 50 metres,"" a police officer told DH..The incident occurred at the Gottipura gate near Hoskote, Bengaluru Rural district, around 1.50 am. The deceased have been identified as Keshavulu Reddy (54), Tulasi (21), Yuthwik (11 months), Pranati (4) and Sharadha (43). .According to the police, eight people, including the bus driver, were injured, two of whom are in critical condition.","1009","CBMinAFBVV95cUxOU1A4c18xa1o2UVRCQ2JIcVN4UG1vODh6VjlBajczMmp3SDJEVXo1NjRvNmxUY3BKNjFQRXdzdWFEQnhhb3lnRUVmZWZfREJZWUMwWHZfN3FaU2laSDdHSzJDNjdBMDZnNG9ITGtlZ0tuWEFhNC16SS1OUUJSNDItaWJpNy13UmlnRmJEbnR0cGRTTjBuNkxkdTV0RFM","",,"2025-06-13T07:00:00+00:00","""road crash"" ""Bengaluru"" ""Karnataka"" after:2022-12-31 before:2026-01-01","true","2026-09-24T19:04:06.300360+00:00","google-news","deccanherald.com","Deccan Herald","Five killed in bus-lorry crash near Karnataka's Hoskote Deccan Herald","Five killed in bus-lorry crash near Karnataka's Hoskote - Deccan Herald","https://www.deccanherald.com/india/karnataka/five-killed-in-bus-lorry-crash-near-hoskote-3585395"
,"https://deccanherald.com/india/karnataka/karnataka-ips-officer-on-way-to-take-up-first-posting-dies-in-road-crash-3299374",,"Karnataka IPS officer on way to take up first posting dies in road crash
The driver — a District Armed Reserve (DAR) constable named Manjegowda — lost control of the car due to a reported tyre burst, causing the vehicle to crash into a roadside tree and a house before coming to a halt, according to an officer in the Hassan district police.","341","CBMiwwFBVV95cUxORlFJZGlxNktDMXZmeGxkMWlYRWpwa1lUMFBYZGxXaXo4anlFeEZERUpZVzVxd2doUk5tRmJCUjY2Mk1rbU9IUjBvbnJEWXd0dDlTZEVhWjF5Wi1nMU9kZ1lzU0ZLRW90dWRGZVA3Y2dUbDFlU0FLWk1xeF9FRnd1OXpBaC1BaGNNMU0zNUhhaE1lVWFLb1Z0WFlOcTBidUdUSFlNeU1RVkJlRHpuRFFUbVlHVmhENENVZnlPS2RTcmZtNzQ","",,"2024-12-01T08:00:00+00:00","""road crash"" ""Bengaluru"" ""Karnataka"" after:2022-12-31 before:2026-01-01","true","2026-09-24T19:04:06.300479+00:00","google-news","deccanherald.com","Deccan Herald","Karnataka IPS officer on way to take up first posting dies in road crash Deccan Herald","Karnataka IPS officer on way to take up first posting dies in road crash - Deccan Herald","https://www.deccanherald.com/india/karnataka/karnataka-ips-officer-on-way-to-take-up-first-posting-dies-in-road-crash-3299374"
,"https://hindustantimes.com/india-news/students-returning-from-lonavala-trip-ram-into-a-truck-in-pune-2-killed-101758197431848.html",,"Students returning from Lonavala trip ram car into a truck in Pune, 2 killed
The students, in a Maruti Swift car, rammed into a stationary container truck near Eidgah Maidan in Pune at around 5.45 AM.
Four students from Pune's Symbiosis International University were involved in a tragic road crash, resulting in the death of two students, while two others were injured early on Thursday morning.
The group was returning to the campus from a 90-minute drive to Maharashtra’s Lonavala when the crash occurred on the Mumbai-Bengaluru highway. The group had left the campus during the night and was returning early in the morning.
The students, in a Maruti Swift car, rammed into a stationary container truck near Eidgah Maidan in Pune at around 5.45 AM.
The deceased were identified as Divya Raj Singh Rathod and Siddhant Anand Shekhar, both 20 years old. The two others, 21-year-old Harsh Mishra and 20-year-old Nihar Tamboli, suffered minor injuries. The four were pursuing Bachelor’s in Business Administration (BBA) from the Symbiosis International University in Pune.
According to the police, the injured have been admitted to a private hospital.
Truck driver taken into custody
Police have taken the truck driver, identified as 39-year-old Manish Kumar Suraj Manipal, a resident of Wadala in Mumbai, into custody. They are investigating the cause of the accident.
An official from Dehu Road police station, quoted in a PTI report, said the car hit a container truck from behind.
Visuals from the spot show heavily mangled remains of the car. One side of the vehicle was crushed from the front, and the car's chassis was twisted, showing the extent of damage caused during the accident.
""Due to the impact of the collision, Divya Raj Singh Rathod (20) and Siddhant Anand Shekhar (20) died on the spot, while two others -- Harsh Mishra (21) and Nihar Tamboli (20) -- suffered minor injuries. The injured persons have been admitted to a hospital,"" the official said.
The cops have launched a probe into the matter and are investigating all the angles, including the role of the truck driver.
- ABOUT THE AUTHORShivam Pratap SinghShivam Pratap Singh is a digital journalist who works as a Deputy Chief Content Producer with Hindustan Times. Having previously worked with various platforms covering national, international as well as sports events, he blends in various topics to easy to read news pieces for the benefit of the reader. Shivam holds a Master's degree in International Relations from Jamia Millia Islamia, bringing in a unique perspective for whatever is happening around the world. An avid reader, he can be seen immersed in books and book shops while not working. Shivam treats every topic almost equally but loves to right about foreign affairs and politics of India. He has over half-a-decade of experience in digital journalism though his career started in print.Read More","2891","CBMizwFBVV95cUxQZ0RvekpqS3RvLXVfMnQ2STlPaTFiRlRNcmxLTkF1cFhiaUtGWVpQM0xCbFg1OWdBNlJSekRjUlIwLVZaTU82ZDUzRHJZb2NKd2NOM09aS0N2T3JtdXh5Yk5RZ2JPMHA0bGJPMklxSzRqNmVjb1lPZjdqSnpaMnVobEVSa0FkWTlNd2twYTdpUk56VzlXcF9DX2RYS1doLS1wdjVxRWFHMnpWSHJLYVRoUzBCNzdwSjEyYU1zd01YblVyTHY0QnhWY3l4UTRkaG_SAdQBQVVfeXFMTV9EMGh1Tl9hbE1mZXJkWkxXOUY4WGNPMFZLLXBINWQ1enZJVG52bFd5bFZibm1OWHNSVE1xU3dZdmtxZVRVZ3U3eW9GYXFlZ1dnaHNEUzRxZjdnMTFhRmdqYVBnSkVpQm93blItZzFwR2ViRjRVdVZ4dXBFVlFzNzg1UWQwNXI5c055cWk5TkNZdThJbFZjYURFZ2szTU5mNTdCVmIwdXFfZm0wcE9kMWhMWnlzb3FOYmZfUGJHaXZzTDBvMGE1QWpXMkZLUGs0VndUd3A","",,"2025-09-18T07:00:00+00:00","""road crash"" ""Bengaluru"" ""Karnataka"" after:2022-12-31 before:2026-01-01","true","2026-09-24T19:04:06.300720+00:00","google-news","hindustantimes.com","Hindustan Times","Students returning from Lonavala trip ram car into a truck in Pune, 2 killed | India News Hindustan Times","Students returning from Lonavala trip ram car into a truck in Pune, 2 killed | India News - Hindustan Times","https://www.hindustantimes.com/india-news/students-returning-from-lonavala-trip-ram-into-a-truck-in-pune-2-killed-101758197431848.html"
,"https://timesofindia.indiatimes.com/city/mumbai/mumbai-shiv-sena-mp-ravindra-waikars-car-involved-in-road-crash-at-goregaon/articleshow/116789832.cms",,"MUMBAI: Shiv Sena MP Ravindra Waikar's car, driven by his chauffeur, was involved in a road-related crash at Goregaon East on Sunday night. Nobody was injured.
Police said the incident occurred around 7.45 pm near the State Reserve Police Force grounds gate. 
A motorcyclist tried to overtake Waikar's car from the right. Waikar's driver swerved left to avoid the motorcyclist and ended up brushing a truck. This caused damage to Waikar's car, and its door handle broke. Waikar was inside the car but was unhurt.
Vanrai Police charged the motorcyclist under the Motor Vehicles Act. They are examining CCTV footage before taking any further action.","647","CBMi4wFBVV95cUxOTXpUQWttTWkyc0MyZW9tSzVzOGJuMC1BR3lla1EtWmVhQWdLM3A2MTZFbjA4Yms1S0ZHYkhaMnk1ZE04TFVZRjRyMWJlc1Nrc0pONURGR1BUYkVKajdMeFJiSGNsbk1na3FfMmVkNHFkTGJLUG9JNUVqNkFYcGJOUndpc1ctQlVaWjJzTnZrRGFQRFRsLUh0b19TWFFnR09JaGg3a2JBVVNDOW50b3JIOGxRUWIwZlZBR3l2R2tmSVFQclZPNEpUREpuZmVEOVdkVk5WTmJKQk9KYlpoUVdGYnVjc9IB6AFBVV95cUxPYU5IRnJHRURMMjg1eDF0aktvdHlVd3FWdlZQMUxzc1lya1Uya2t0V3JQT2NITVh1bXNkeFJmNzNHQVgwNlplbVdjc1B5MWtfc0pxUlI5VXJGT2JCX2dSLWpSMmt5aUpPZ2RCT3pWSmNlcUJfRFRQY3VHaTRmX3IxbHhVREhoYXdRc3NYeVoxR1o4UU5nNEhZY1RFdjFEZzl2a3R0SC1UQTdRbGs3azZmSnp5aElUNUhNeGJGcHdTUmVBb3F5VThEMmVZSnV0NWlMdmZJN2NNeHVoMjV2dVZJVGpZNUdENmZU","",,"2024-12-30T08:00:00+00:00","""road crash"" ""Bengaluru"" ""Karnataka"" after:2022-12-31 before:2026-01-01","true","2026-09-24T19:04:06.300867+00:00","google-news","timesofindia.indiatimes.com","The Times of India","Mumbai: Shiv Sena MP Ravindra Waikar's car involved in road crash at Goregaon The Times of India","Mumbai: Shiv Sena MP Ravindra Waikar's car involved in road crash at Goregaon - The Times of India","https://timesofindia.indiatimes.com/city/mumbai/mumbai-shiv-sena-mp-ravindra-waikars-car-involved-in-road-crash-at-goregaon/articleshow/116789832.cms"
,"https://firstpost.com/explainers/what-caused-andhra-pradesh-bus-fire-kurnool-13944587.html",,"Andhra bus fire: What caused the deadly blaze that killed 20 passengers?
Tragedy struck on the Hyderabad–Bengaluru highway when a private bus, carrying over 40 passengers, went up in flames near Chinnatekur village in Andhra Pradesh’s Kurnool district. The bus, operated by Kaveri Travels, collided with a two-wheeler during early hours on Friday (October 24). At least 20 people were burned to death, while others jumped out of the vehicle
In the early hours of Friday, tragedy struck on the Hyderabad–Bengaluru highway when a private bus suddenly went up in flames near Chinna Tekuru village in Andhra Pradesh’s Kurnool district.
The massive blaze claimed at least 20 lives and left many others injured, according to a NDTV report. While around 21 passengers jumped out of the window, saving their lives.
Police said the Volvo bus, operated by Kaveri Travels, was en route to Bengaluru when it collided with a two-wheeler during early hours on National Highway 44 near Kurnool. The impact triggered a fire that started in the front section of the vehicle and rapidly engulfed the entire bus within minutes.
Here’s what we know so far about how the tragedy unfolded.
What caused the Kurnool bus fire?
A preliminary probe has found that the tragic blaze began after a motorcycle collided with the Kaveri Travels' AC bus, leading to a chain of deadly explosions.
Officials believe the two-wheeler’s fuel tank ruptured on impact, spilling petrol on the road. The leaking fuel, combined with the friction from the crash, sparked the flames. Within moments, the bus’s fuel tank also exploded, setting off a fire that spread rapidly and trapped the passengers inside.
Kurnool District Collector A Siri told reporters that 41 passengers were on board the bus when the accident occurred, most of them asleep. The blaze was immediate, leaving little time for people to escape, he said.
At least 21 passengers survived, including both bus drivers, who managed to flee as the fire spread.
Of the 20 victims, the bodies of 11 have been identified so far, according to officials quoted by PTI. The rest are being identified through forensic tests due to the extent of the burns.
Survivor recalls horror
Jayant Kushwaha, one of the survivors, told ANI that he was in shock after seeing the bus engulfed in flames. He said the bus had its last washroom stop around 12:30 am, but at around 2:30 am, the bus suddenly came to a halt.
""I didn’t realise what was happening at first. There was panic everywhere as people began to wake up. That’s when we saw the fire. The main door was jammed,"" he recalled.
Passengers later learned that the driver had collided with a two-wheeler and dragged the rider under the bus, which triggered the blaze.
“The front and left side of the bus caught fire. When the main door wouldn’t open, I went for the rear emergency exit. With a lot of effort, punching, hitting it with my shoulder and head, we managed to break the back window, which was about eight or nine feet above the ground. I threw my carry-on bag with my laptop out and jumped. Around nine or ten others jumped too. Many were injured when they landed. The driver who caused the crash escaped, as did the second driver. Around 19 or 20 of us survived,” he said.
Jayant, who is a frequent traveller on the Hyderabad-Bengaluru route, added, “Maybe the bus was old. It looked old. The emergency window, the driver’s cabin, everything was jammed.”
Another injured passenger, Harika, recalled that the blaze started and spread across the bus within seconds. ""The back door was broken, so I jumped out from there. In the process of jumping, I got hurt,"" she told NDTV.
Locals rushed to help, hearing people cry for assistance as they tried to escape. They aided the injured until the Kurnool fire department arrived with four fire engines, but by then, the bus had already been reduced to ashes.
The tragic fire had claimed the life of a family from Nellore. As per local media, Golla Ramesh (35), wife Anusha (30), children Shashank (12), and Manyata (10), all from Gollavaripalli in Vinjamur mandal of Nellore district, died in the accident.
Jayant said that by around 9:30 am, eleven passengers had been taken to the hospital, while a few with minor injuries managed to reach Hyderabad or Bengaluru on their own.
“The ambulance and fire trucks arrived nearly an hour later, around 2:30 or 3 am. Thankfully, a policewoman passing by in her private vehicle stopped and called for help. The fire was finally put out by about 4:30 am. We gave our statements to the police,” he added.
The Andhra Pradesh transport authorities have now launched an inspection into the bus’s safety condition and whether it complied with fire and maintenance regulations.
Also read: How Indian-origin truck driver caused 8-car crash on US highway, killing 3
PM Modi condoles deaths, announces ex gratia
Prime Minister Narendra Modi expressed his sorrow over the Kurnool bus tragedy and announced ex gratia compensation from the Prime Minister’s National Relief Fund (PMNRF). Families of the deceased will receive Rs 2 lakh, while those injured will be given Rs 50,000.
The Prime Minister’s Office said on X, “Extremely saddened by the loss of lives due to a mishap in Kurnool district of Andhra Pradesh. My thoughts are with the affected people and their families during this difficult time. Praying for the speedy recovery of the injured.”
President Droupadi Murmu also conveyed her condolences and wished for a “speedy recovery of the injured.” She said, “The loss of lives in a tragic bus fire accident in Kurnool, Andhra Pradesh is deeply unfortunate. I extend my heartfelt condolences to the bereaved family members and pray for the speedy recovery of those injured.”
State leaders joined in expressing grief over the tragedy. Karnataka Chief Minister Siddharamaih and Andhra Pradesh Chief Minister N Chandrababu Naidu also shared their condolences.
Congress leader Rahul Gandhi reacted on X, writing, “The tragic and painful incident of a bus catching fire on the Hyderabad-Bengaluru highway in Kurnool, Andhra Pradesh, resulting in the death of many innocent people, is deeply saddening. I express my heartfelt condolences to the grieving families of all the passengers who lost their lives in this tragedy and hope for the speedy recovery of the injured.”
With input from agencies","6341","CBMimgFBVV95cUxONVdDVng2RTV3NzU2UVFHbW9NVGExc3JwemlKRzJkbmF3dGdybkFTVjVBZEE2Tk1uOUloWEJJZ2hJSjJJdFd6cGpYWXprc1JuUi1nWWlmWFViOXltWkVpakdQQ1pJSGJaYWd3Ym1kSHpzdDhuZDc1Mm1nbDNnV0JZRWxaRlpPUm04MmNJME1oWW5meTJLWmRTZjJR0gGfAUFVX3lxTE83UkxCakpPTmY5eV9zbUE2dlVnVUZReWxnQkI5VG52d1BDREhiV0dEWEhaV0l0cmdBaGRZWTdXd1RvNlBCQTR5eGVBY3JaMDlyUERRbm5sNklJcDZjYUlSQlRQdG9FUDlOZU52Y1ZjUTdBOXlLUGUxOWFvRlBDSTg5aVpQdnRTZGdqUHpWazAwT2ZFdURwTVZSQkxIa1U4OA","",,"2025-10-24T07:00:00+00:00","""road crash"" ""Bengaluru"" ""Karnataka"" after:2022-12-31 before:2026-01-01","true","2026-09-24T19:04:06.301050+00:00","google-news","firstpost.com","Firstpost","Andhra bus fire: What caused the deadly blaze that killed 20 passengers? Firstpost","Andhra bus fire: What caused the deadly blaze that killed 20 passengers? - Firstpost","https://www.firstpost.com/explainers/what-caused-andhra-pradesh-bus-fire-kurnool-13944587.html"
,"https://indiatvnews.com/karnataka/karnataka-accident-death-count-injured-multi-vehicle-collision-near-gobbur-village-kalaburagi-road-crash-latest-updates-2024-12-25-967899",,"Karnataka accident: At least three people lost their lives and nine got severely injured in a collision between a sugarcane-loaded truck, a tour travel vehicle and a bike near Gobbur village today (December 25).
Kalaburagi Superintendent of Police (SP), A Srinivasulu visited the accident spot to inspect for the cause of the accident.
4 of the family killed in Haveri car crash
In another incident, four people of a family died in a road accident under the Tadasa Police Station limit near Belligatti village in Karnataka's Haveri district. Additional Superintendent of Police, Haveri, informed that a white vehicle going towards Hubballi lost control and jumped the divider and collided with a red vehicle coming from Hubbali and going towards Bengaluru near Haveri-Dharwar border.
There were four persons in the red vehicle including one child of 10-12 years old, all of them died in the accident. two persons died on the spot and two persons were declared dead at the KIMS hospital Hubballi.","995","CBMihgJBVV95cUxNSnJZRkhGZFc5SWJqLXU1QktXZWlvblBqN2g3SGZRWjNYYW1iV3d2QnNJcG1RRHhidzF5XzBmVEFSX1lQQkM3OTJnM2NHV0ZFS0kwVXZUVHJqVHR5dXJMUzg2VE8tVWdtS0dXVWJBenI5alczTjZ2X3M4aEpwNnNBTG5vMlpEbzVpOG5jNzV5VjBvTjZKWjFwaTBQWVZXRHV1RWM0VExnM2lSOUZBamRRcVVrRnpkSXlYY21XUWRxMThEVW1LTFpxdkR4NmFwcTVWQTIzS29NQ00wVWRGeGZZX1RVUFZWU2FJMUdxcmpfOGxvMm1Va1Z1VEQ5aHlKV2xQZTlTSDB30gGLAkFVX3lxTE1jUEJLOHdqZmFaV2xHUG9IVlA3d2FFdVZmTmMtNWhzeHRHYlpTdVI2YjAtZ3pGSlRaMnplZDAweDM2a0pOUUIzcGlXb1ZmNFM4WXllODBSOVpkQ2w2VVVuM2VwSWFGRDNxcU91Q1J2aXhhREN1eDdxZE5XR2ZIMUg2YXpiVDVMWWgwbEpwdEVCNnlQUW5iTVBwbmc3LUh3Zkt5NU4tdXl6QXRoY2RnZlJVVzM2MlZCeS1YVW9DZnBvUFk5UjJCdjJTdmgxNTlOeFM0ZkJyY2pIbVkydExZeXYyb1NBNEdKSjZGeVhrQkJJNlZkbzdrTGxyYUF2QjJNaU42aG5DZXhhZUZEaw","",,"2024-12-25T08:00:00+00:00","""road crash"" ""Bengaluru"" ""Karnataka"" after:2022-12-31 before:2026-01-01","true","2026-09-24T19:04:06.301160+00:00","google-news","indiatvnews.com","India TV News","Karnataka: Three die, nine injured in multi-vehicle collision near Gobbur village India TV News","Karnataka: Three die, nine injured in multi-vehicle collision near Gobbur village - India TV News","https://www.indiatvnews.com/karnataka/karnataka-accident-death-count-injured-multi-vehicle-collision-near-gobbur-village-kalaburagi-road-crash-latest-updates-2024-12-25-967899"
,"https://newskarnataka.com/vijayanagara/karnataka-gang-kills-disabled-man-fakes-bike-crash-for-%E2%82%B95-25-crore-insurance/06102025",,"Bengaluru:
A shocking insurance fraud has come to light in Karnataka’s Vijayanagara district, where police uncovered a plot involving the cold-blooded murder of a disabled man to claim insurance worth ₹5.25 crore. The accused allegedly staged a motorcycle crash to make the death appear accidental.
Disabled man targeted for fraud
The victim, identified as 34-year-old Gangadhar, was reportedly paralysed on his left side following a stroke three years ago. He was lured by a gang that promised him help and later used him to execute a meticulously planned fraud. Investigations revealed that the accused had taken multiple life insurance policies in Gangadhar’s name, naming themselves as nominees.
Fake marriage and staged accident
Police said the accused, including a woman named Huligemma, posed as Gangadhar’s wife to validate the insurance claims. They even registered a fake marriage certificate to make the documentation appear legitimate. After securing policies from various insurers, the gang hatched a plan to kill him and claim the insurance money.
According to investigators, Gangadhar was taken to the outskirts of Hosapete, where he was murdered using blunt objects. His body was then placed on a rented Bajaj Excel motorcycle, which the gang rammed with a car to simulate a road accident. To make the scene convincing, they left the body by the roadside, hoping police would record it as an accident.
Investigative breakthrough
The plot unravelled when officers from the Vijayanagara police noticed inconsistencies in the scene. The motorcycle key was found in a pouch rather than near the ignition, raising suspicion. Forensic examination also revealed that the injuries on Gangadhar’s body were not consistent with a road crash.
Further investigation exposed that the accused had opened bank accounts in the victim’s name, paid insurance premiums, and appointed themselves as beneficiaries. Police confirmed that at least six people were involved in the conspiracy.
Key accused and arrests
Those arrested include Krishnappa, Ravi, Ajeya, Riyaz, Yogaraj Singh, and Huligemma. Among them, Yogaraj Singh, reportedly an Axis Bank employee, is believed to be the mastermind. He allegedly identified vulnerable individuals, including orphans and persons with disabilities, as potential targets for fake insurance schemes.
Police suspect that the same group may have been involved in similar insurance scams across the state. The authorities are now coordinating with insurance companies to verify other suspicious policies linked to the accused.
Ethical and systemic concerns
The case has raised questions about the ease with which fraudulent insurance policies can be obtained. Experts argue that such incidents underline the need for stronger verification mechanisms in the insurance sector and better monitoring by financial institutions.
Vijayanagara Superintendent of Police said the case highlights a “disturbing exploitation of the vulnerable for financial gain.” He added that efforts are underway to track other members who might be connected to the racket.
Conclusion
The grisly incident has not only shocked Karnataka but also exposed a dangerous trend where criminals exploit insurance loopholes for profit. Police continue to investigate possible links between this case and other similar deaths reported in recent months.","3348","CBMizgFBVV95cUxOU3VWSlJwcGY4MFJ2MEFFQ2VWaDlnOUNENEVvdUlCRUM4R1ZpeDdnbTZFcFlXUWw1TldMRzhTY1ZEcDNGOUc5WkY5WEZXd25hVnBUeXBiWkEwZnZpOXlIRHZQUThmenQ0Njd1Q1MwcnRnaHZlY0pmZ19JQ1QxT3RJNlBVeFBrc1U0cFF6TjdOTzZ5cnN0alN1WUhOSGdOM29WN3pmQlVUck5JeXpkbHlLa2FxTk1QRDRyTzFRTEUxc2stNnpnc3BHXzZ2ajl4QQ","",,"2025-10-06T07:00:00+00:00","""road crash"" ""Bengaluru"" ""Karnataka"" after:2022-12-31 before:2026-01-01","true","2026-09-24T19:04:06.301263+00:00","google-news","newskarnataka.com","newskarnataka.com","Karnataka gang kills disabled man, fakes bike crash for ₹5.25 crore insurance newskarnataka.com","Karnataka gang kills disabled man, fakes bike crash for ₹5.25 crore insurance - newskarnataka.com","https://newskarnataka.com/vijayanagara/karnataka-gang-kills-disabled-man-fakes-bike-crash-for-%E2%82%B95-25-crore-insurance/06102025/"
,"https://deccanherald.com/india/karnataka/bengaluru/64-year-old-man-run-over-at-jayanagar-ttmc-3rd-fatal-bmtc-bus-crash-in-8-days-3690124",,"Bengaluru: A 64-year-old man died while trying to board a moving BMTC bus at the Jayanagar TTMC in southern Bengaluru on Wednesday morning, officials said. .This was the third fatal accident involving BMTC buses this month. .The deceased was identified as Sampangi, a daily wage worker from KR Market. He is survived by his wife and three children. .Three dead after KSRTC bus collides with parked truck.The police said the driver — Madhwaraj, 46 — did not notice Sampangi trying to board the bus from the front door and had switched it off. .Sampangi's hand got stuck between the door slides, and he fell down. The bus ran him over, and he died on the spot, the police added. .A senior BMTC official said that the driver had already closed the central sliding door as the bus departed from the TTMC. .""The driver was about to close the front door, too, when the deceased suddenly came in the opposite direction. The driver did not notice this,"" the official told DH. .According to the official, drivers are usually trained to focus on the front right-side during the journey. .The BMTC will pay Sampangi's family a compensation of Rs 1 lakh, he added. .The driver may be suspended for six months, if a preliminary inquiry finds that he was negligent. During suspension, he will receive 50% of his gross pay as subsistence allowance. He may also face a departmental inquiry, resulting in him losing up to three increments or being dismissed from service, the official explained. .3rd fatal BMTC bus crash in 8 days.A senior BMTC official conceded that buses were involved in three fatal accidents in the past week, but maintained that drivers did not appear to be at fault in any. .On August 13, a two-wheeler rider died after coming under the front wheels of a BMTC bus on Hosur Main Road in Roopena Agrahara. .A BMTC official said the victim had tried to overtake the bus from the left, but was struck by an oncoming car. He fell down and came under the bus. .On August 19, a 37-year-old scooter rider died while trying to overtake a BMTC bus in Sadashivanagar, but was struck by an oncoming car. ""Our bus was on the left lane and was going slow,"" he stated.","2160","CBMi1wFBVV95cUxPcExhOG95THpTcXQxTFZkbnRkNHJmOTNGSzhjMlk0eE9KTllOb3NEV3N1V1pZMFhhMjQwWHk4YlVzQ1E4UW9oX2tNbmdTUXE5MVBmTFdja2JoRDFheXp1cE90Yl80UzdCMHBRS1lxa29mU19iV2RGb0ppV1h6YWtGWnJRV0dsR0R1dXpXSlpWUHhRa1RYX0tqVjFYemhZSGNvNzdaTFJHWU52Q0QwSTBOWHpwTW9JZVZGLXEzUDBuLWNRWFFuRlV6Z1FoUFhPaFNKaTZzZHVyaw","",,"2025-08-20T07:00:00+00:00","""fatal accident"" ""Bengaluru"" ""Karnataka"" after:2022-12-31 before:2026-01-01","true","2026-09-24T19:04:07.060991+00:00","google-news","deccanherald.com","Deccan Herald","64-year-old man run over at Jayanagar TTMC; 3rd fatal BMTC bus crash in 8 days Deccan Herald","64-year-old man run over at Jayanagar TTMC; 3rd fatal BMTC bus crash in 8 days - Deccan Herald","https://www.deccanherald.com/india/karnataka/bengaluru/64-year-old-man-run-over-at-jayanagar-ttmc-3rd-fatal-bmtc-bus-crash-in-8-days-3690124"
,"https://thehindu.com/news/national/karnataka/bmtc-probe-gives-clean-chit-to-driver-involved-in-fatal-accident-on-jc-road/article69974737.ece",,"Officials of the Bengaluru Metropolitan Transport Corporation (BMTC), who analysed the fatal accident where a 11-year-old boy was crushed to death under a BMTC bus near Jamia Mosque near K.R. Market, have concluded that the driver was not at fault and blamed the scooter rider for the death of the boy.
In an official press release issued on Monday, the officials said that they have verified the CCTV footage and found that the couple along with 11-year-old boy were riding the scooter and tried to overtake the bus from the lift side. In the melee, the rider noticed another two wheeler ahead and applied brakes. The scooter rider lost control and all three fell on the road. The boy sitting in the middle rolled under the rear wheels of the moving BMTC and was crushed.
The boy was rushed to Victoria Hospital where he succumbed. The Halasuru Gate Traffic Police had arrested the bus driver Santosh and conductor Bhaskar for further investigations.
Senior officials of the BMTC visited the accident spot and conducted a probe, and have claimed that their driver was not at fault.
Meanwhile, the corporation has said that they are also conducting training sessions for the staff to prevent accidents and improve road discipline among the staff. The sessions also include counselling to provide necessary assistance to the staff. The BMTC warned of strict action against the staff involved in violations of traffic rules and road accidents.
Published - August 25, 2025 07:15 pm IST","1482","CBMi3AFBVV95cUxOaUt1VWpZY2lWLUtKYWEyNGxKWUNnUnlhTU5oNC1BTDhMb0pzc0VEZHh3RTNKV294cm5GLXBUM1VSU0Q5RlVtTUlRbEYwNDFBLXRRaTJpay1KdzJaZm0wVllPMHVoWGQ2R0RlbmJUTkdKcXRLbHR5NWN1ajJUejBpY01TejJreFpTMzdkQUZzWjNhaEYwYmNPb211ZVRYT1kxQ2FVajNfaGgyNWhGeUNRc3FSY3F6ZWUtQkprSzkyb3RqcnRpX3pHUmJoS0ZKSzh6T2FVMnpETlR1blJ40gHjAUFVX3lxTE80SzRZV0t4YW5KNG1uMzdJRzVwZE9qMzRtQTBuMGM0bGI2X2pKLV9WT1l5dWlZRWJ1VnJxSk1vMFRocG9NNFZYNUw4cUtIV21QeFBENVBrZXA4RnFmNFRza1JPMUlCU0xkLXhEdUdBeko3dWdzVGNDeWcxdjdsUFBBWHJUQUhXVENCd0hWV0ZLZmRrdlMtU0V0RGZ2Ri1FSjVwT0lXQm9veGRrel8wR19MM0hwaVJndldWU1g3VVByV2c5bnM3SFFSbFBZWGpEbXM2TGd1ZGJ4LTJVdUVETW10NERJ","",,"2025-08-25T07:00:00+00:00","""fatal accident"" ""Bengaluru"" ""Karnataka"" after:2022-12-31 before:2026-01-01","true","2026-09-24T19:04:07.061070+00:00","google-news","thehindu.com","The Hindu","BMTC probe gives clean chit to driver involved in fatal accident on J.C. Road The Hindu","BMTC probe gives clean chit to driver involved in fatal accident on J.C. Road - The Hindu","https://www.thehindu.com/news/national/karnataka/bmtc-probe-gives-clean-chit-to-driver-involved-in-fatal-accident-on-jc-road/article69974737.ece"
,"https://thenewsminute.com/karnataka/another-accident-bengaluru-mysuru-highway-ksrtc-bus-driver-dies-25-injured-179096",,"A driver of a Karnataka State Road Transport Corporation (KSRTC) electric bus died in an accident on Wednesday, June 28, while 25 passengers sustained injuries after a pickup vehicle's tire burst, causing plywood sheets to collide with the bus and the driver.
The fatal accident occurred near Ramanagara on the Bengaluru-Mysuru expressway. The KSRTC bus, en route Bengaluru from Madikeri, collided with the road divider after being struck by the flying plywood sheets. The driver, identified as 51-year-old Ramesh G, died on the spot.
The KSRTC said that three severely injured passengers were immediately rushed to a hospital in Bengaluru for further medical treatment. Additionally, 22 passengers with varying degrees of injuries were admitted to a government hospital in Ramanagara district.
KSRTC issued a statement, explaining, ""A Bolero pickup vehicle, leading the convoy, experienced a tire burst, causing the plywood sheets it was carrying to collide with the KSRTC electric bus and its driver. The impact caused the bus to veer out of control and collide with the road divider, resulting in the fatality of the driver.""","1128","CBMivgFBVV95cUxNNGlTU3RiOXg5aG9VeE5CMkdlQ2pLU2lISjB0QWdFYTRweC1wZV9BdDMySEZoYjg2dXZVakY4WG1RVG8tcUt2X0d6MTNTclozVnlYbTlDN1FhTTB2WEtWUlZlemREcWZ0OG9yd19LX202VnFuOHkyQm8yR0E3X29USXVYYTdKWnQyZWNKSVpXY1B6dkFWMVZGd1Fpc2ZLc3FoaGUwbzI1TUlGOUR3d19MUHVsdHpqYTJvNEFJeHpB","",,"2023-06-29T07:00:00+00:00","""fatal accident"" ""Bengaluru"" ""Karnataka"" after:2022-12-31 before:2026-01-01","true","2026-09-24T19:04:07.061180+00:00","google-news","thenewsminute.com","The News Minute","Another accident in Bengaluru-Mysuru highway: KSRTC bus driver dies, 25 injured The News Minute","Another accident in Bengaluru-Mysuru highway: KSRTC bus driver dies, 25 injured - The News Minute","https://www.thenewsminute.com/karnataka/another-accident-bengaluru-mysuru-highway-ksrtc-bus-driver-dies-25-injured-179096"
,"https://inshorts.com/en/news/techie-from-andhra-pradesh-dies-in-fatal-accident-in-bengaluru-1718815245019",,"Techie from Andhra Pradesh dies in fatal accident in Bengaluru
A 28-year-old techie from Andhra Pradesh, V Rudrani, employed at a software firm in ITPL, lost her life after being hit by a tanker in Whitefield. The accident occurred around 5.45 pm on Varthur-Gunjur Road near Prestige Lakeside Habitat apartments while Rudrani was returning home from work. 
read more at News Karnataka","384","CBMiqAFBVV95cUxOaGIzRlo0QjhSYjhJVS03OVhBTWp0TkNsWHJwTER0Q3plZ0w2eXlza2dlOERWRnBXYWhhbkJHellyejZWQnZfRHdGMG9scTdiNjR1VnJtaTA0YzVJU0ZLUnVIRUdaUEs0emRIdHlKZnZHMkpvejgwOXJ4MThoQXhYakt1NFJtLWdEaEFpOWpPU0lseWxYNjlqZXJEbF9zenZUeC0zVFVXWkPSAa4BQVVfeXFMTllxeXdzSFBWdG52WVlxT1J0cVFQNS1DY2FQd1BSRFNhYUhIOFUxWUsybTdqZ1puQnF4V0hzQThYdUxCQWZfZG5ERTlTTFpiUS1hTHZubkJxWGJlRnRwdTE0cDc5MFhSdlFJN192N0M4VlV3TTU4d2RDY1NLS0ZZa202TFQwcmRZNDVubDBEWktQSzc1bjVLdnZmZElKQndjTHBZVWVkWEhBdzNxU0xB","",,"2024-06-20T08:04:17+00:00","""fatal accident"" ""Bengaluru"" ""Karnataka"" after:2022-12-31 before:2026-01-01","true","2026-09-24T19:04:07.061227+00:00","google-news","inshorts.com","Inshorts","Techie from Andhra Pradesh dies in fatal accident in Bengaluru | Tap to know more | Inshorts Inshorts","Techie from Andhra Pradesh dies in fatal accident in Bengaluru | Tap to know more | Inshorts - Inshorts","https://inshorts.com/en/news/techie-from-andhra-pradesh-dies-in-fatal-accident-in-bengaluru-1718815245019"
,"https://thehindu.com/news/national/karnataka/four-of-family-killed-in-accident-in-haveri-district-of-karnataka/article69025980.ece",,"Four persons of a family, including an 11-year-old boy, were killed in a head-on collision involving an SUV and a car in Haveri district of Karnataka in the afternoon on December 25.
The fatal accident occurred at Belligatti village near Tadas-Thimmapur on the Haveri-Dharwad district border on the Pune-Bengaluru national highway.
According the Superintendent of Police of Haveri district Anshu Kumar, the SUV was heading towards Hubballi from Haveri. The driver lost control, jumped over the divider and collided with a car that was heading to Bengaluru from Hubballi.
All the deceased were travelling in the car. While two persons were killed on the spot, the other two were declared brought dead at KMC-RI Hospital in Hubballi.
The deceased are Chandramma (59) of Chamarajpet in Bengaluru, her daughter Meena (38), son-in-law Mahesh Kumar C. (41), and grandson Dhanaveer (11), all residents of Harihar in Davanagere district.
SP Anshu Kumar visited the spot. The Tadas Station Police have registered a case.
According to sources, three persons were in the SUV. They reportedly fled from the scene after the accident.
Published - December 25, 2024 04:19 pm IST","1163","CBMizwFBVV95cUxPSF9DWmVsV2ZmWWtDTm5qc2ltSU4yUjVPTEsybjdTQWQzWjlBVWFVQUFkX01zUE5NcmRuZTFtMVRGV2Zzeng4RG1uRDZTRXVZaG1MR3kzNm1oYXNrVWJ2UGdTdzA3WGVkRk1jcHpsSXVqaGJMSnRiUlFaNE1HaHAyQzBfZWhXVDZjOUVQdUdLdko5dGJ6ak1RTlBteldTYnJVMFB2QTZ4SlA2b2p1cGJjQklCTmRYdVZ0WS1iUkJXdWJSeHgzTzh3RWF2ZGtSNUHSAdYBQVVfeXFMT0JTVDJremdWcXFWamxmN1lkcGdoa1owUmVDclVnVzV0SGtjdW1kdnlmcTQyN1JZd2M0a3VZbEd5OXRULWhPMzJRblNLbDVBbWdTNnlFMDR4T2VYUDk5dzY2YWFYU1JGZnZyVGRWMF9ZRnkwVVlXTGJ4dGJVeTM3eVNQRzZkV1hYaGpwR3B2SWRRWHpIYWhseHRFdG1VODZaMjZzTkdRbkpHN2RydVpLNVl1cFpPMUM4c2ZaTlpMR1hOSndCTEExYndwejhBWUlZWDZPcjJOQQ","",,"2024-12-25T08:00:00+00:00","""fatal accident"" ""Bengaluru"" ""Karnataka"" after:2022-12-31 before:2026-01-01","true","2026-09-24T19:04:07.061408+00:00","google-news","thehindu.com","The Hindu","Four of family killed in accident in Haveri district of Karnataka The Hindu","Four of family killed in accident in Haveri district of Karnataka - The Hindu","https://www.thehindu.com/news/national/karnataka/four-of-family-killed-in-accident-in-haveri-district-of-karnataka/article69025980.ece"
,"https://thenewsminute.com/karnataka/six-from-a-family-killed-after-container-truck-overturns-onto-car-near-bengaluru",,"Six members of a family including three children, were killed on the morning of Saturday, December 21, when a container truck overturned onto their SUV near Bengaluru’s Nelamangala, on the National Highway 48.
The deceased have been identified as Chandrayagappa Gaul (48), Gaurabai (42), Vijayalakshmi (36), Jaan (16), Deeksha (12), and Arya (6). The family was traveling to Vijayapura when the fatal accident occurred.
The truck, carrying a heavy cargo container, collided with a milk tanker belonging to KMF (Nandini) while both vehicles were traveling towards Tumakuru. The collision caused the container truck to topple onto the SUV moving alongside, crushing all six occupants inside, officials said.
The accident took place at around 11 am, according to preliminary reports. Emergency services rushed to the scene, cleared the debris, and sent the bodies for postmortem examination.","888","CBMivAFBVV95cUxPS3p0QmJBbFQxSEs2Y0JrM1BHUmdOemJjVlZMTDVYRkxNQlFKUkpBcHVyYVdIZ3oyT1JMUUZndS0zb21nQ3NudHA2c0IxWlc4VUl0cTNxbTBkUmJwZmN0V2NURllEeGFaSUdNY09XWjVCNExDLWtFcUdScm0xZHZ0VmtKV1FEQm1TY3N2WjV2OFlJUU1JajR6Rl9hRTBBYXpLN1RWcEtkRkJHWGJsRGI5NmRFSmpGUWg1SmdJbdIBygFBVV95cUxNUmlDOTZ3SFpfaGtidGIwbWE0QWpGamI2ZTVTbDNUbXU4aW9LdmhKMVpMd29SX0p5NEtPLXhlenVFTmRlUWVaWUdxNG44M09TVVRhamJQQ2poREFMOU9kYWUwaXkwd09DaVVYazZ0UEthMnhZcUpRVk9nUTBocVBmVVk5dHY3aE12dTBGT1dUZGw0S2dOeHZFNU1hajJ3dHpTX0p4Q3JWT08wRE1KSVdOa3NHVUs4V3E4bEhwS083cUdjWWVkUk9MWjNR","",,"2024-12-21T08:00:00+00:00","""fatal accident"" ""Bengaluru"" ""Karnataka"" after:2022-12-31 before:2026-01-01","true","2026-09-24T19:04:07.061461+00:00","google-news","thenewsminute.com","The News Minute","Six from a family killed after container truck overturns onto car near Bengaluru The News Minute","Six from a family killed after container truck overturns onto car near Bengaluru - The News Minute","https://www.thenewsminute.com/karnataka/six-from-a-family-killed-after-container-truck-overturns-onto-car-near-bengaluru"
,"https://timesofindia.indiatimes.com/videos/city/bengaluru/dashcam-records-fatal-accident-in-bengaluru-mother-and-daughter-crushed-by-truck/videoshow/98341664.cms",,"- News
- Videos News
- Dashcam records fatal accident in Bengaluru: Mother and daughter crushed by truck
Trending
514 views | Mar 01, 2023, 08:57:29 PM | TOI.in
- Share
On Wednesday, a cement-mixer truck, driven recklessly, fell onto a car carrying a 47-year-old software engineer and her 15-year-old daughter, killing them instantly. The incident occurred at Byalamara Doddi on Kaggalipura-Bannerghatta road around 7.35am, as the mother Gayatri Kumar, who worked at a private IT firm, was dropping her daughter Samatha off at Sherwood High in Basavanapura. The car and truck were travelling towards Basavanapura, and when the truck driver attempted to brake while navigating a curve, he lost control of the vehicle, causing it to tip over onto the car. The driver fled the scene, leaving the cement-mixer truck behind. Gayatri and Samatha were residents of Concorde Napa Valley, situated on Kaggalipura main road.
- 03:24Haryana: 25-Year-Old Woman Crushed To Death After Drunk Cop Rams Car Into E-Rickshaw In Ambala1 week ago
- 04:19Deadly Joyride: Teen Driving SUV At 160 Kmph Triggers Chain Crash In Bengaluru, 6 Students Dead1 week ago
- 03:19Bhopal Tourist Killed In Goa SUV Crash, Family Injured, Video Surfaces Online3 hours ago
- 03:486-Year-Old Dead, 5 Injured As Speeding Car Hits Pedestrians On Busy Lucknow Road; CCTV Shows Horror1 week ago
- 03:57Finance Ministry Official Killed, Wife Injured After BMW Hits Motorcycle In Delhi's Dhaula Kuan5 months ago
- 03:00Bengaluru Road Rage Horror: Delivery Boy Chased, Crushed To Death By Martial Arts Trainer Couple3 months ago
- 03:04Sydney Horror Crash Kills 8-Month Pregnant Indian After Teen BMW Driver Slams Into Family Walk3 months ago
- 03:46CCTV Captures Delhi Teen’s Speeding SUV Seconds Before Fatal Dwarka Crash6 days ago
- 03:17Hyderabad-Bengaluru Bus Tragedy: 20 Passengers Burnt Alive in Minutes, Andhra CM Naidu Orders Probe4 months ago
- 01:45Pune Road Accident: At Least 6 Dead, Several Injured After Truck Rams Multiple Vehicles3 months ago","2014","CBMi8wFBVV95cUxQR2loN0dkS09TZ1dtNHpfNUkzazRHblNMQkdTSlhiWjdBRV9WU0c1N0puVWNkNUw0TG5MUXhrTkkyOFFsWk9scHI1LU4yV0tBc09JOFIzOGVYLWtBS1dqZ1hwZl9FNmlMcEdvbkVQZTdPT003SWVjTVViVGpzUHFqSVU0cVpxdTVGdTMxM041M1FVd1RyWU5UTnpfQld3d1JVMHBVMjl1NmhYYlgwUWo5dy1qMERZcUZfLWFlVjJTazF6VTJZOXYydXFZWHRRTGg3eXQ3SlFpdXdvVy1CU3ZFZ1UyRVRxRXRiYVJJMHhoc0xqV0XSAfgBQVVfeXFMUHN3VHJUQXprSDJzQk13aDlWdGM3ZjFRYzY5NGNVeEdOTVRXZEFzREVCUEYwcVUyYXp2RWJRY281V2Rld2tPaldHNVpoeWVISmVBeFNEeERkemlzS2pBUXRPYVBSeFBSczdiV2RCbjBaUG9DT2k3Zll3ZFBuNFdINlNLaF9YenVrLTl3WUV3Z0o1Y3I3ZDlpOE5IU3hOOFBtdDJNRnNFeURqanM0M1o3Q2d0dURrOUtsbFZ4aWVHQzlkYWhYdGhmbjVzS1dJOVJMREg0aGV0ZzVkSnlNTWk2ZjNCME9NWWthMXJjSnFJM09wZ1VYYjc0YlA","",,"2023-03-01T08:00:00+00:00","""fatal accident"" ""Bengaluru"" ""Karnataka"" after:2022-12-31 before:2026-01-01","true","2026-09-24T19:04:07.061508+00:00","google-news","timesofindia.indiatimes.com","The Times of India","Dashcam records fatal accident in Bengaluru: Mother and daughter crushed by truck The Times of India","Dashcam records fatal accident in Bengaluru: Mother and daughter crushed by truck - The Times of India","https://timesofindia.indiatimes.com/videos/city/bengaluru/dashcam-records-fatal-accident-in-bengaluru-mother-and-daughter-crushed-by-truck/videoshow/98341664.cms"
,"https://thehindu.com/news/national/karnataka/fir-filed-against-bengaluru-pg-owner-manager-after-techie-killed-in-cylinder-blast/article70452911.ece",,"A day after a techie was killed and three others were injured in a cylinder explosion at a paying guest (PG) accommodation, the HAL police have registered an FIR against the building owner and the manager, invoking charges of culpable homicide not amounting to murder.
The police said the accused have been identified as Vishnu, the building owner, and Roja, who was managing the Seven Hills Sai Co-Living PG near Kundalahalli.
Preliminary probe revealed that the accused were allegedly negligent and failed to maintain the PG properly, which led to the fatal accident.
According to the police, fire and thick smoke were noticed around 6.15 p.m. in the six-storey building housing the PG, which had 43 rooms. The fire was caused by the explosion of a commercial gas cylinder, the police said.
The blast claimed the life of Aravind, 23, a native of Ballari, who was working as a senior analyst at a private firm in Bengaluru. Three others sustained injuries, Venkatesh, 28, from Kurnool in Andhra Pradesh; Vishal Verma, 23, and C.V. Goel, 25, both from Uttarakhand.
“The probe revealed that a gas leak was detected around 2 p.m., but it was allegedly ignored. There was also no proper ventilation in the building. Two commercial gas cylinders and one domestic cylinder were found at the spot,” a senior police officer said.
The duo was taken into custody.
Published - December 30, 2025 05:58 pm IST","1397","CBMi5gFBVV95cUxObGZQM1RrTFR6ZWV4MVl3aU1TREpKTlFJLUdPMnpINENYaTI2bWlNTXVSeEFpVHFlQnZHUzZwVks0OElYUU9lSnRsR3k2blpXdlVCSC1LbXl5QlUxdFNnOFJUSzVBS0pQYk9VYkVvdFdBSldwVkplc0p1WG5RX1VRZ0pKQ2RjdVZybGpvQUhBN0ZaRkt5Skp5Sk5kTDJpNzJWWVhUajdNYWptSS1zcmhIRkxCZWJQampSQkUzM3o0WEpFeTdZVm91RjdXM09qZzFLZGpFeVd4R2pIVVJ6V1BObDdvcE5aUdIB7AFBVV95cUxQVmZRUXdPeU9uZ1R5eTkxaElkbDJiOEtkdURBYVA2Qm85Z3NqNnI1NUc1dVFsTmE2NTFCQnJMdWU0cnNXa2NtTmV4MlBfUUliY1lNcS1RMWhXeEJ2djFkZVVfRlM3YmxnNW43a1lvMEFieW5kb25JRHdBbU9mQThPZ1dQQmowUm96b1UxU2R4V0ZQWnNIa3g0eDRIR3ZESmdIcF9rLUVHV244eklJTEI0OE1mMjlpUVpEZkZ0YUtkaVpQUlFkNHN2YUo5bGxiUEhmV1NQNjZyZVdvRlRndmNpRWhmOVhybnl3VFNLWQ","",,"2025-12-30T08:00:00+00:00","""fatal accident"" ""Bengaluru"" ""Karnataka"" after:2022-12-31 before:2026-01-01","true","2026-09-24T19:04:07.061641+00:00","google-news","thehindu.com","The Hindu","FIR against Bengaluru PG owner, manager after techie killed in cylinder blast The Hindu","FIR against Bengaluru PG owner, manager after techie killed in cylinder blast - The Hindu","https://www.thehindu.com/news/national/karnataka/fir-filed-against-bengaluru-pg-owner-manager-after-techie-killed-in-cylinder-blast/article70452911.ece"
,"https://newindianexpress.com/states/tamil-nadu/2025/Oct/12/four-techies-killed-in-multiple-vehicle-collision-near-hosur",,"KRISHNAGIRI: Four persons were killed in a road accident near Berandapalli in the early hours of Sunday following a multiple-vehicle collision in Krishnagiri district.
The deceased have been identified as T Madan alias Madan Kumar (28) of Erode, a techie; K Gokul (28) of Kannakurichi in Salem, a techie; M Mukilan (30) of Pachagoundanur in Salem; and P Manivannan (27) of Pannapatti in Salem, a techie.
According to police sources, “Madan Kumar, who got married five months ago and was working in a software company in Canada, was returning home for the Deepavali festival. On Saturday late night, his three friends went to Bengaluru airport to pick him up in a car. While returning near Berandapalli, an unknown container vehicle allegedly applied sudden brakes and left the spot.""
""This caused a pile-up involving several vehicles, including a small commercial truck, a container lorry and a car. The car in which the four persons were travelling was caught in the collision, and a lorry trailing behind rammed into it. All four occupants of the car died on the spot. The lorry was allegedly driven by N Girish (30) from Karnataka, who was transporting a paper load from Malur to Shoolagiri.”
Subsequently, police, fire service personnel, rescue teams and ambulances rushed to the spot. The bodies were sent to the Government District Headquarters Hospital in Hosur. Krishnagiri SP P Thangadurai and Hosur ASP W Akshay Anil also reached the accident site.
Sources further added, “Madan Kumar’s wife, Sruthi, had returned to her native place only two months ago ahead of the Deepavali festival from Canada. Manivannan, who was driving the car, was scheduled to get married on October 31. Mukilan had written the UPSC main examination and was awaiting the results.”
Based on a complaint filed by B Sathish Kumar (40), brother of Manivannan, HUDCO police registered a case against lorry driver Girish, who was arrested. Police are currently enquiring with him.
Police sources further stated, “The NHAI should speed up the flyover construction work in Gopachandram, which is about 150 metres away from the accident spot. Due to the ongoing construction work and the low gradient of the Krishnagiri–Bengaluru National Highway, many vehicles have been involved in accidents. In the past four months, three persons have died in two separate accidents at the same location, and in the third fatal accident on Sunday, four persons were killed. The NHAI should also designate specific lanes for heavy vehicles.”
When TNIE contacted NHAI Krishnagiri Project Director Ramesh, he said, “Within two days, lane deviation for cars, buses and heavy vehicles will be fixed. Apart from this, three persons will be deployed to regulate traffic and control speed. Sometimes, lorry drivers operate vehicles in neutral gear, and awareness will also be given to them.”","2847","CBMiwAFBVV95cUxPc2hianVzUXlmbldjTTFLRFlOM0lqUTNFTGpKZmVOWGJpeEotTF9SVlFmc0FWeDUwSVJKU1BnLXVPQW1qbENzamsyLUxaYVlxYmZaT0RwWjlwNWFoY05CeDVqZEhEM0RvOUc5RnViMUFNaVF5RWVIcUZBaWlOU3Q1Zm1kWUpRYVRfZl9jMlRyZk9LSUREa1IxNWQ4TFhqSDZCNU1YY2ZNQ01LWmdPNGdaR3FwZ0hGUUVyR0JjTmlfSmvSAc4BQVVfeXFMT1ZjQUhNLURLSjRaSjJMYUZhU0hETU9QYlN5T29RQjY5N3JVb1pmY25YY2ljVHVJRnF0YndQTElDMHhneS1YTnBVZjVwSDJtdldSdmNtZE40dUh4eVJ2MUFhSURpTGFGLVdaUHVKZFZOb1d1NkQ4cXZ1NDh3R3Bjdnk1dFh2ZFNETlctZGhnMDAwd0hBbm81ZnY2bU1JS1MzRjhESDc5QzFYU1ZjdEVXX1J3SFZrakVUVE5FUmh2dHpTYkJUbmo5aWhXOV9ZOVE","",,"2025-10-12T07:00:00+00:00","""fatal accident"" ""Bengaluru"" ""Karnataka"" after:2022-12-31 before:2026-01-01","true","2026-09-24T19:04:07.061683+00:00","google-news","newindianexpress.com","The New Indian Express","Four techies killed in multiple-vehicle collision near Hosur The New Indian Express","Four techies killed in multiple-vehicle collision near Hosur - The New Indian Express","https://www.newindianexpress.com/states/tamil-nadu/2025/Oct/12/four-techies-killed-in-multiple-vehicle-collision-near-hosur"
,"https://latestly.com/socially/india/news/fatal-accident-in-nelanamangla-6-family-members-from-vijayapura-killed-as-container-truck-crashes-into-volvo-car-near-bengaluru-watch-video-6508109.html",,"Fatal Accident in Nelanamangla: 6 Family Members from Vijayapura Killed as Container Truck Crashes into Volvo Car Near Bengaluru (Watch Video)
A fatal accident near Nelamangala resulted in the death of six family members from Vijayapura when a container truck crashed into their Volvo car. The victims were traveling to Bengaluru.
A horrific accident occurred near Nelamangala (T Begur) in Bengaluru Rural, where a container truck fell on a Volvo car, resulting in the death of all six passengers on the spot. The victims, a family from Vijayapura, were travelling in the car when the tragic incident happened. According to reports, the container truck lost control and crashed into the Volvo car, causing severe damage. The accident took place on a busy stretch of the road, with local authorities and emergency teams quickly arriving at the scene. However, despite efforts, the six family members were pronounced dead at the spot due to the impact of the crash. The family was reportedly on their way to Bengaluru when the tragedy struck. Child Cheats Death in Bengaluru: Accident Video of Riderless-Bike Travelling 300 Metres With Kid Goes Viral.
6 Family Members from Vijayapura Killed as Container Truck Crashes into Volvo Car Near Bengaluru
Karnataka: A tragic accident occurred near Nelamangala (T Begur) in Bengaluru Rural, where a container fell on a Volvo car, killing all six passengers on the spot. The victims, a family from Vijayapura, were traveling in the car when the incident happened pic.twitter.com/U6dQtpYHze
— IANS (@ians_india) December 21, 2024
(SocialLY brings you all the latest breaking news, fact checks and information from social media world, including Twitter (X), Instagram and Youtube. The above post contains publicly available embedded media, directly from the user's social media account and the views appearing in the social media post do not reflect the opinions of LatestLY.)
(The above story first appeared on LatestLY on Dec 21, 2024 02:41 PM IST. For more news and updates on politics, world, sports, entertainment and lifestyle, log on to our website latestly.com).","2108","CBMiowJBVV95cUxPNGszOFkzYzctbmxNejBRbkVpSXctY2g4UW5xMEhsTV9EM3JMdGhDdThWN3J4ZnByenNMSlpxRUZHV3RKSnJaX0tURmxiZW1IQVktWFZSQ3FqMXNTLXdEZFFuN2JaOUpqSUJfMlhqU2RIbUtmMlhDWFlJLUJwMUlLODJJMmlWSjlLTVlyZmVXTEI1NXREb3hBQnE5REI1aW1QWC1DZm0yOU1wM29kUW5sNGcyWDV5VW1ScF9COVl6V1BlMGVGblZVZzB4aFpHWGN1VHRGR2FaM05DNktldXh6c2FRN2wyNVl1MEFYX0M4WVdRQkVEbGxiaXZwSGVTb3UyTFRDa3doeEVNUTF5UlFwWVpqWS1EQkphYmJWUDNDckV1aVXSAagCQVVfeXFMUENJS3RsSjg3WHBCcWVGWjBtWVFXZm5BVHpVN0ZuTFlRcGI0LWdhRVF1WHZBVWx2QkxBeXBsT3VKblU4Vy1KT3hVN0FudjgxUlFJWnlaYWxJaHo1V2JnR1VwOGVJbWJ5WDJnN2x0YUE5MHo4VXVsZUp1VlhvMW1TRWQyUmdzajRCRkxkUi02OGdvVUdHY2ZqcURWMkF5UTNzNGJBcUR3RGRoR0RBUzRRajlyc0lHZVBWVTZEaDJwMkE5TW9yaWFPWVlEMG9qOUd2WHpadFF4WXp5TjgtNWM0Q01kaXpsN1psbGxZb2JMcFRLQUVRQjlhem1jVTgycFRhY0hraWtjSlpfaXh6R1M2Q3RrMm1Ld0pNRlktbUlyMjNqUjBWRzc4dVM","",,"2024-12-21T08:00:00+00:00","""fatal accident"" ""Bengaluru"" ""Karnataka"" after:2022-12-31 before:2026-01-01","true","2026-09-24T19:04:07.061887+00:00","google-news","latestly.com","LatestLY","Fatal Accident in Nelanamangla: 6 Family Members from Vijayapura Killed as Container Truck Crashes into LatestLY","Fatal Accident in Nelanamangla: 6 Family Members from Vijayapura Killed as Container Truck Crashes into - LatestLY","https://www.latestly.com/socially/india/news/fatal-accident-in-nelanamangla-6-family-members-from-vijayapura-killed-as-container-truck-crashes-into-volvo-car-near-bengaluru-watch-video-6508109.html"
,"https://newskarnataka.com/bengaluru/pregnant-woman-killed-by-lorry-near-bengaluru/08082024",,"Bengaluru: In a devastating accident on Wednesday morning, a pregnant woman lost her life after being struck by a lorry. The incident occurred near Edehalli village in Nelamangala taluk, situated on the outskirts of Bengaluru.
Details of the Incident
The woman, identified as Sinchana, and her husband, Manjunath, were travelling home on a motorcycle after visiting a temple when the collision occurred. The lorry struck them from behind, resulting in the fatal accident. Both Sinchana and Manjunath were residents of Thotanahalli village in Nelamangala taluk.
Immediate Aftermath
The force of the collision was severe, leading to the tragic loss of Sinchana’s life. Her husband, Manjunath, sustained injuries and was rushed to a nearby hospital for treatment. The authorities have responded promptly, and the lorry driver involved in the accident has been apprehended. An investigation is underway to determine the exact cause of the accident and to assess any negligence on the part of the lorry driver.
Community and Family Reaction
The local community and the family of the victims are in mourning. Sinchana’s death has shocked many in her village and surrounding areas, with residents coming together to offer support and condolences to the grieving family. The tragic loss of both a wife and unborn child has left a significant void in the lives of those who knew them.
Authorities’ Response
Police officials have stated that they are conducting a thorough investigation into the incident. They have assured the public that all necessary measures will be taken to ensure justice for the victims. The authorities are also looking into potential safety measures that could prevent such accidents in the future.
Call for Road Safety
This tragic event has highlighted the urgent need for improved road safety measures. Accidents involving lorries and two-wheelers are not uncommon, and there is a growing call from the community for better enforcement of traffic rules and enhanced road safety awareness.","2006","CBMilAFBVV95cUxQbERzWUdldlBiVG9SdzVOZV9UdURTZmc0Z01uVDBOY2x5TkJBZVdzNnVNUnZtWE9ScFVOdXdkNUdVenlSLUctaWJZNjJ4M1lmZGRtVS1qRHVLX1V5MmZLdzFpbjBZOG1ZXzhlUzdGN25idkl3aDNBTWhZMWRCd3VDeF9tT0FhZjBNYlhfdUJteTRrMHdq","",,"2024-08-08T07:00:00+00:00","""fatal accident"" ""Bengaluru"" ""Karnataka"" after:2022-12-31 before:2026-01-01","true","2026-09-24T19:04:07.062105+00:00","google-news","newskarnataka.com","newskarnataka.com","Pregnant Woman Killed by Lorry Near Bengaluru newskarnataka.com","Pregnant Woman Killed by Lorry Near Bengaluru - newskarnataka.com","https://newskarnataka.com/bengaluru/pregnant-woman-killed-by-lorry-near-bengaluru/08082024"
,"https://deccanherald.com/india/karnataka/bengaluru/two-killed-in-separate-road-accidents-in-bengaluru-2651676",,"Two people were killed in separate road accidents in northern Bengaluru..In a case filed in the Devanahalli traffic police station limits, Naveen Kumar, a 51-year-old auto-rickshaw driver, was killed after a drunk car driver crashed into his auto on Wednesday night. .Around 10.45 pm, Steven Santosh, the 19-year-old car driver, crashed into the rear of the moving auto near the Reva College junction..The impact left Kumar with severe head injuries. He died instantly..Devanahalli traffic police said that Santosh, a BTech student at a private university nearby, was under the influence of alcohol..He was reportedly driving back alone from a friend's birthday party. .Police have filed an FIR against Santosh under IPC sections 279 and 304, and Section 185 of the MV Act. .Kumar lived with his wife and daughter in Kamakshipalya after having moved from Sarjapur. His wife, Suvarna, is a BMTC bus conductor..Helmetless rider .A few hours later, a man died in an accident near the Jalasoudha building on HMT main road. .Jalahalli traffic police said that Samuel (34) was riding his bike without a helmet. He hit a footpath curb and fell down..The accident occurred between 12 am and 1 am. .He was initially shifted to KC General Hospital, where they suggested moving him to Nimhans for his head injury..He was declared brought dead at Nimhans..He owned a business in the city and was a resident of Nandini Layout.","1413","CBMiswFBVV95cUxOR1ZMMll1TTNQNGRRYjlmVzE0UUVtVjR4Q0VHbm1MZHRtd2hxOU5NeHZYcmNJWFh2aTNrUGRlbnhYaUNUVENRRVdUbi02YURvUlVQLWpyUHI1WkJzNTVrNVNZWFhBVzA0UnQxOWlHWXFNNEIyWTNpeU1ZWE4wcmdqNWhvWk44Y2xwaFNXWlNPd1pzX2VvWXhtYlFnc1lZY2x1SjRIcDhqbnVJWGd1cHFJcmJNOA","",,"2023-08-17T07:00:00+00:00","""two killed"" accident ""Bengaluru"" ""Karnataka"" after:2022-12-31 before:2026-01-01","true","2026-09-24T19:04:07.862839+00:00","google-news","deccanherald.com","Deccan Herald","Two killed in separate road accidents in Bengaluru Deccan Herald","Two killed in separate road accidents in Bengaluru - Deccan Herald","https://www.deccanherald.com/india/karnataka/bengaluru/two-killed-in-separate-road-accidents-in-bengaluru-2651676"
,"https://newindianexpress.com/states/karnataka/2025/Nov/09/hit-and-run-two-killed-in-separateaccidents-in-bengaluru",,"In two hit-and-run cases, two persons have died in Harohalli and Kudur police limits in Bengaluru South district.
SC Nirvanappa, 63, a resident of Lakkammanahalli in Chikkamagaluru district, died when an unidentified car hit him on Bengaluru-Mangaluru highway (NH 75) near Thippasandra in Magadi on Thursday around 9.30 pm.
The victim had come to his son’s house on Hesaraghatta Road to deliver furniture and other household items in a goods carrier. While returning home, he stopped at Talekere handpost for dinner.
The car, which was proceeding towards Hassan from Bengaluru, hit him when he was crossing the road. He died while being taken to Kunigal Government Hospital. Based on a complaint by Nirvanappa’s son SN Chetan, Kudur police under Magadi sub-division have registered a case.
Efforts are on to trace the car and its driver. Shivaraju, 50, a resident of Kaggalahalli in Harohalli police limits, died when an unidentified SUV hit him in front of ‘Muneshwara Chicken Centre’ on Harohalli Road on Wednesday around 6.15 pm.
He was crossing the road when the SUV, which was coming from Harohalli, hit him. S Kiran, 24, Shivaraju’s son, who was drinking tea at a nearby hotel, rushed to the spot on hearing a loud noise. He was shocked to see his father dead on the road. In his complaint, Kiran stated that he could not see the registration number of the SUV as it was dark.","1382","CBMiugFBVV95cUxQS3g2QkJpX0xTVXRUdHBSLVU5SHl4MXI4NXZnNlgzU0lYZFFDSkdWUWNDdXhBYVZCTzdrcjk5WWdKXzhtZTJKalVidDh1MkhudEV4dlRsZElwSXBJT0xTTWE5UkNkSTl6ZlI1U2liZUctZGhNa0ZWcWJjdjl4QjBodU5DUk56OTU0a29iX1I1d3JjRzBmRHYxUWtFVWhUU04xOUlYSi05Um9GYkc4eldLUG10RTUwRkpOMFHSAccBQVVfeXFMTXVGTWVJTWdfcHVMYkdMQmZhUDZxX2p3Y2ZzSl91ZFpCMDRXaEk1dGFCeUxYUDVmbW5NVXZ0dXpMUDJkZUUyU1VWZ1JIUnRmR1NqQnAtbGo5cU82QWgxUElyYzBzbkVzaGVlWGdLVGd6Z2lrTnBEeTlVa3Nocmc2ZDdvdm81M3B4aHJETzk1VGVmaThmMnZLaUhWSkJyY0FsdGt4UTN5cjN1RlNWZUlEOEJVV1E0ZG5GaDNBZkRtV3BydVEzTnh2SQ","",,"2025-11-09T08:00:00+00:00","""two killed"" accident ""Bengaluru"" ""Karnataka"" after:2022-12-31 before:2026-01-01","true","2026-09-24T19:04:07.862933+00:00","google-news","newindianexpress.com","The New Indian Express","Hit-and-run: Two killed in separate accidents in Bengaluru The New Indian Express","Hit-and-run: Two killed in separate accidents in Bengaluru - The New Indian Express","https://www.newindianexpress.com/states/karnataka/2025/Nov/09/hit-and-run-two-killed-in-separateaccidents-in-bengaluru"
,"https://deccanchronicle.com/southern-states/tamil-nadu/two-killed-as-auto-crushed-between-bmtc-buses-in-bengaluru-1864169",,"Two Killed as Auto Crushed Between BMTC Buses in Bengaluru
Two persons, one of them a passenger, were killed on the spot after the vehicle in which they were travelling was crushed after a collision in between two buses to Bangalore Metropolitan Transport Corporation near Sita Circle of Hanumantha Nagar in Bengaluru city. The incident occurred under Banashankari traffic police station limits.
Bengaluru:Two persons, one of them a passenger, were killed on the spot after the vehicle in which they were travelling was crushed after a collision in between two buses to Bangalore Metropolitan Transport Corporation near Sita Circle of Hanumantha Nagar in Bengaluru city. The incident occurred under Banashankari traffic police station limits.
Police identified the deceased as Vijay Kumar (50) , an auto driver and Vishnu Bhatia (70), a passenger. It is said the auto rickshaw was behind a BMTC bus near Sita Circle when another BMTC bus coming from behind collided with it causing the mishap.
The driver of the BMTC bus in the front is said to have applied brakes of his vehicle to avoid collision with another vehicle and the sudden application of brakes resulted in collision. The BMTC bus from behind collided with the auto rickshaw and the vehicle was crushed leading to deaths of the driver and the passenger.
Banashankari traffic police rushed to the spot and registered a case.","1385","CBMiwwFBVV95cUxNNk42U0FpbVRHV1h3VWx0RDRQZU5rUzdnOU5jS3FNeHNuSnNwaG9mbl94TXNZODZpWVRka045MVFrcklDWFRhLWszYU5PakZuYmlGY3RwR0NMRkVSMEszcExQTUN0eTRnSGhnV1FYNXd6X0ZoUjQxRmFMQzc1dEVXejFUU0ZLVU5jQTZhZ2w5bnA5Z0NORjFwV3U2MFN2SkhmVmVxVi1QeXE2QkVNejNyNk12ZG5TRUR6ZzVnS0lFR2t4LTTSAcgBQVVfeXFMTUxranRDakNvV1E4NjJfM0xOcTR2ZTJoVDgzRFJZWjVnMW9qcVF2RTFfQ01uRU1jdW5BR0FGUG13RDlieHE4dWlPX3J4Q0RaVEdacGZwWEhLeU9qZ1ZXMXB0Wi10RXdESGYyVllwYng2OURuLTNvLWJybnRUVUVEeXh4bVhoTnJtMXlzcUt1TDN1eFdXWmNpMTZkcVZOc0w2RzhSSFpmM3ZnblprTVhNVjNySnI3TkFkdXFlMDZyZDd1YkZNbW5HZG8","",,"2025-03-01T08:00:00+00:00","""two killed"" accident ""Bengaluru"" ""Karnataka"" after:2022-12-31 before:2026-01-01","true","2026-09-24T19:04:07.863015+00:00","google-news","deccanchronicle.com","Deccan Chronicle","Two Killed as Auto Crushed Between BMTC Buses in Bengaluru Deccan Chronicle","Two Killed as Auto Crushed Between BMTC Buses in Bengaluru - Deccan Chronicle","https://www.deccanchronicle.com/southern-states/tamil-nadu/two-killed-as-auto-crushed-between-bmtc-buses-in-bengaluru-1864169"
,"https://timesofindia.indiatimes.com/city/mysuru/two-killed-four-injured-in-accident-on-nh-near-nidaghatta/articleshow/121735035.cms",,"Mandya: A tragic road accident late Sunday night on the Bengaluru-Mysuru National Highway near Nidaghatta in Maddur taluk, Mandya district, claimed two lives and left four others seriously injured.
The victims, identified as Masood and Ayaan—both aged between 25 and 30—were occupants of a car travelling from Bengaluru. The injured, identified as Khushi, Chikku, Mujahid Pasha, Basavaraju, and Parvathi, were rushed to hospitals in Bengaluru and Mysuru for emergency medical treatment.
Preliminary investigations suggest that the accident occurred when a speeding car travelling from the Bengaluru side lost control, crossed the central median, and collided head-on with two oncoming vehicles. Police suspect overspeeding led to the fatal crash.
The impact was so severe that Masood and Ayaan died instantly. Eyewitnesses reported a loud crash followed by scenes of chaos as bystanders attempted to help the victims before emergency services arrived. Following the accident, traffic movement on the NH was temporarily disrupted. Authorities diverted vehicles to the service road to clear the wreckage and allow rescue operations to proceed swiftly.
Maddur police have registered a case and are conducting an investigation into the circumstances of the collision. They are also reviewing CCTV footage from the area to determine the exact sequence of events. The body of the deceased was sent to Maddur taluk hospital for postmortem and later handed over to the family members. The accident has once again raised concerns over rising incidents of overspeeding and the need for stricter enforcement of traffic regulations on the newly constructed expressway.","1656","CBMiywFBVV95cUxNS3RnZUlNVFZOTFBod2wtQnpVYWVCdExpVUl2YTd3SjV0bE1IcjBkaWlJdThPNDZ3aDM2OW1rY2gtVElpd2F1Wi1pUVFnNXNtRXJ5bW0xUENHNDN6WG1UZ1V5ZDRiYzFTZU9BcVdkcENtN3o1UkRFWGRCU1BjeDlWV08yOENONkotRjVkNFFYSGxLUHh3U2UweHBvQ080bXNQUzU1RWdzNEozVXU4WGgxeHRFek8wRWVBZEFYdWhuUTl4RHQ1UEd6cjFGMNIB0AFBVV95cUxNckVkenBjMGROSkdWZ1RNb1RWd1pIOUtBLXB6UWlIUHo0UUtsSmZTSExCcndVeTlxcGxjLTNkRWFuNTROT1RUSkt4VG1aZkV2RnZibExjUldacVpOTUNwR2xzWHVMNWp1LTdBdHNWamR1MGxpTGFqVjEweXhpWXBoaWR1NGdpbkowampsYzgycjRCZVZLUklVa3JENDNYbXRGQVdHR1FZQ08wN0c0QnFhVjFFZ1hWSFIxQ09mUnV2QU5jUm9ZUUM0WUhkT1dkR05J","",,"2025-06-09T07:00:00+00:00","""two killed"" accident ""Bengaluru"" ""Karnataka"" after:2022-12-31 before:2026-01-01","true","2026-09-24T19:04:07.863109+00:00","google-news","timesofindia.indiatimes.com","The Times of India","Two killed, four injured in accident on NH near Nidaghatta The Times of India","Two killed, four injured in accident on NH near Nidaghatta - The Times of India","https://timesofindia.indiatimes.com/city/mysuru/two-killed-four-injured-in-accident-on-nh-near-nidaghatta/articleshow/121735035.cms"
,"https://hindustantimes.com/cities/bengaluru-news/bengaluru-electric-bmtc-bus-runs-over-two-wheeler-on-old-airport-road-two-killed-101743056019270.html",,"Bengaluru: Electric BMTC bus runs over two-wheeler on Old Airport Road, two killed
One victim died on the spot, while the other succumbed to injuries soon after in Bengaluru.
In a tragic accident on Old Airport Road in eastern Bengaluru, an electric BMTC bus crashed into a two-wheeler, killing two people on Wednesday night.
According to a report by Deccan Herald, the accident took place around 10 pm near the ISRO UR Rao Satellite Centre. The victims have been identified as a Rapido driver and his pillion rider.
Jeevan Bima Nagar traffic police confirmed that the rider was Tapas (33), a native of West Bengal, while the pillion rider’s identity is yet to be determined. One of them died on the spot, while the other succumbed to injuries shortly after.
""The rider’s phone and other items were also crushed due to the crash. We could identify him based on his Aadhaar card,"" a police officer told Deccan Herald.
Following the accident, the bus driver and conductor fled the scene. By Thursday morning, authorities had tracked down the driver, but the conductor remains absconding.
Passersby helped police retrieve the bodies from under the bus, and traffic movement on the busy Old Airport Road was disrupted for a while.
(Also Read: Bengaluru’s ‘Ejipura stonehenge elevated corridor' gets a Studio Ghibli makeover)
Commuters voice concerns over reckless driving
The accident has sparked discussions on social media, with many users raising concerns over BMTC’s electric buses and their drivers' handling of the powerful vehicles.
""Yes, again an electric bus… Somehow I think these BMTC guys don’t know how to handle this powerful machine. Some time back, one of these almost crashed into my car at a traffic light,"" wrote one user.
Another user claimed that BMTC EV bus drivers drive recklessly, echoing similar experiences.
Sharing a personal encounter, one commuter said, “Took an electric bus once for just three stops. Trust me, the driver was so rash, cruising like a speeding car on ORR. I was scared to stand inside and had to hold on tight so I wouldn’t fall.”
(Also Read: 'Bengaluru, hang your head in shame': Kiran Mazumdar Shaw compares city to Ecuador’s clean, well-designed streets)
- ABOUT THE AUTHORHT News DeskFollow the latest breaking news, major developments and agenda-setting stories from India and around the world with the newsdesk at Hindustan Times. Operating round the clock, the desk brings together experienced editors, reporters and correspondents to deliver fast, accurate and contextual reporting across subjects that influence public policy, governance, business, society and international affairs. The HT News Desk covers politics, elections, government policies, the economy, business and markets, science and technology, the environment, law and order, infrastructure, education, climate issues and geopolitics, while closely tracking developments across states, institutions and global capitals. The team also leads coverage of major breaking news events, policy announcements, court proceedings, natural disasters, public emergencies and significant international developments. Reports published by the newsdesk are based on information gathered from reporters on the ground, official statements, government agencies, court records, regulatory filings, recognised institutions and other authoritative sources. Stories undergo editorial scrutiny and verification processes to ensure accuracy, fairness and relevance, and are updated as events evolve and additional information becomes available. Whether covering a key political decision in New Delhi, an economic policy shift affecting millions, a landmark court ruling or a major global event, the HT News Desk aims to provide readers with reliable, fact-based journalism that delivers not only the latest developments but also the context and analysis needed to understand their wider implications.Read More","3902","CBMi6gFBVV95cUxNMTM2QVE4akl5MDJsNzh1Z1V5Zm1BUDg1X19iZ1lkdjFGTlhla2ZzdGxXNlZ3VDRUajFLclJES3pGOXNqbVdGcERCdDVrbURFUW1uM1dsVzlzWWpyT2pwdTgwOG5Ea01KMi11MVNybEstQ3pxWUtUM250V19NY3gzOGV0ZnAwcmZVWXdoU3gzQ0dNUjFSSXRYRW9NcUxfUDRVQkpfRVFDRm9oSTJrWDEtT1M1cHZVUV8weDVjRDVRZE54bWNvQ3BZYXNGbktWVkdwaU9YSDZXV2JiN2NpY0FSa0M3NE1FZ2tCQnfSAe8BQVVfeXFMTU81OElUWFhaTjZQTElsNXU3X0ZkQXdyc3Fza3BoZVgtQlgtdjBsRVVlUHRHLTJ4UWZaeHRWOE51eXZMNUU3Y1c1NHNxd3BRZ2E3REhiRzZ6YVd4eGpfSTUyZUtjb1hhX1VoR0hwcU5GOHFCVXFzNjc0UU8ySVpneU1qMnVYLTZqSGN6UkpaT21MTXhBbGNnOUE1SXlCdW40UlRoMG5wSGhIXzRobEh3VmNwSjN1aFNBcU9CcGZZb0gwcVI5MDhpOFpDYzdhN0dRNDYzbFRUMXpKUHhjSEdXV0kzZW9aR3R5emdWLU8wUjA","",,"2025-03-27T07:00:00+00:00","""two killed"" accident ""Bengaluru"" ""Karnataka"" after:2022-12-31 before:2026-01-01","true","2026-09-24T19:04:07.863222+00:00","google-news","hindustantimes.com","Hindustan Times","Bengaluru: Electric BMTC bus runs over two-wheeler on Old Airport Road, two killed | Bengaluru Hindustan Times","Bengaluru: Electric BMTC bus runs over two-wheeler on Old Airport Road, two killed | Bengaluru - Hindustan Times","https://www.hindustantimes.com/cities/bengaluru-news/bengaluru-electric-bmtc-bus-runs-over-two-wheeler-on-old-airport-road-two-killed-101743056019270.html"
,"https://bhaskarenglish.in/local/karnataka/bengaluru/news/two-killed-in-tragic-bengaluru-accident-as-auto-rickshaw-gets-crushed-between-two-bmtc-buses-at-hosakerehalli-cross-134558178.html",,"- English News
- Local
- Karnataka
- Bengaluru
- Two Killed In Tragic Bengaluru Accident As Auto Rickshaw Gets Crushed Between Two BMTC Buses At Hosakerehalli Cross
Two killed in tragic accident in Bengaluru:Auto-Rickshaw gets crushed between two BMTC buses at Hosakerehalli cross; victims had no chance of survival
- Copy link
A devastating road accident at Hosakerehalli Cross on Wednesday morning claimed the lives of two individuals when an auto-rickshaw was caught between two BMTC buses, leaving the vehicle completely mangled.
The victims have been identified as Anil Kumar, an auto-rickshaw driver from KP Agrahara, and Vishnu Bhapat, an Ayurvedic doctor residing in Banashankari. Vishnu had recently celebrated his birthday, and his son, who had traveled from the United States for the occasion, had returned just the night before the tragedy.
Accident sequence and eyewitness accounts
According to witnesses, the incident unfolded when a BMTC bus traveling from Sita Circle slowed down due to a car reversing ahead of it. Anil Kumar’s auto-rickshaw had stopped behind this bus. Suddenly, another BMTC bus, allegedly moving at high speed, rammed into the auto-rickshaw from behind, crushing it between the two buses. The impact was severe, leaving the auto-rickshaw completely wrecked and giving the victims no chance of survival.
The Banashankari Traffic Police rushed to the scene to conduct an inspection. Locals assisted authorities in retrieving the bodies, which were later sent to St. John’s Hospital for further formalities.
Family in mourning
The tragic accident has left the families of the victims in deep grief. Vishnu Bhapat’s relatives, especially his nephew Abhay Bhapat, are struggling to come to terms with the loss. Abhay mentioned that Vishnu and his wife were likely on their way to their office in Girinagar when the unfortunate incident occurred. Vishnu’s two children, both doctors, are settled in the United States.
Road safety concerns and expected action
This horrific accident has once again raised serious concerns about reckless driving and road safety in Bengaluru, particularly the driving practices of BMTC bus operators. Authorities are expected to take strict action against the bus drivers responsible for the collision. The incident has also sparked demands for improved traffic regulations and stricter enforcement to prevent such tragedies in the future.","2401","CBMimwJBVV95cUxQTWFOampMQXhlQnhrSDhwVndITHlDNGNUdHc3TkRmV2N6LUlKYmtFaUhza0Radjc3UWdQVUk4SzlOZFhfV21URVVmcDhuUzVyMkZlUjdSd2duelZ5MDRRbzFoSzJXVld3ZFQycjZaNEw5bGk3MEs2NTVNNXdrZmoxdWxSTHRyenBYS1l2RUpid2c4TXdoMGJOOWlYcjBTNWdEUTVGbTdMakxQcmNLZEJnMnZ0SmVzMGZiVWpjTzN1RDRnaDY2anJPelhSbTRKR092dDlUU19oSm9ST0YyTURXbkV6MDdZS2xkcTZ0YTdfZmRab0JveG5qUUltTnFDOFlmbTNfYXZ1YVR5LVpwd2RHZ0hDeklZQzJYMXdV0gGgAkFVX3lxTE1sT01XQ3FlanBYMXE1aXFFdjIzaXRDVGZHVEF0NTFvZTVTcV84d0FqdWl4bDlUZ2VMbG93aXBaMXotWWJvanljRDlueXNUamQ4SndFWUtsbzBHS3hmdDlWV1IzOWxRNk5SdnVWTE9FT0txLW9UZ2JnN0xxX0xSbUQ4RnpQRnl4OU4xS1o5czBxTWdGa0t0ZVdIM0dFUHB2dnhWZHlIZEh5dGxBRTdtSDF4LVZaYWJudE1TYWF4a0RzZGs1UlU4bUUzc2ZfeXdodFh5akxwQ3JEOXBLWjJDWm5RN0RtT3k3RkJ2ZHdtZ0EtdGxmQUpEYVJvQy0zM21GWVVSbDNFb1NwOGd3MERuUWM2ZGhZYlRMOXNZUXlnTUF0UA","",,"2025-02-28T18:54:37+00:00","""two killed"" accident ""Bengaluru"" ""Karnataka"" after:2022-12-31 before:2026-01-01","true","2026-09-24T19:04:07.863289+00:00","google-news","bhaskarenglish.in","Bhaskar English","Two killed in tragic accident in Bengaluru: Auto-Rickshaw gets crushed between two BMTC buses at Hosakereha... Bhaskar English","Two killed in tragic accident in Bengaluru: Auto-Rickshaw gets crushed between two BMTC buses at Hosakereha... - Bhaskar English","https://www.bhaskarenglish.in/local/karnataka/bengaluru/news/two-killed-in-tragic-bengaluru-accident-as-auto-rickshaw-gets-crushed-between-two-bmtc-buses-at-hosakerehalli-cross-134558178.html"
,"https://thehindu.com/news/national/karnataka/two-killed-in-motorcycle-accident-in-bengaluru/article69656277.ece",,"Two hotel employees were killed when the motorcycle they were travelling on lost control and crashed into the parapet wall of the Hebbal flyover in Bengaluru, in the early hours of Wednesday.
The deceased have been identified as Arjun Bishwakarma, 36, and his friend Don Bahaddur Khaka, 24. According to the police, the duo were hotel employees and the accident happened when they were returning home from Nandi Hills.
Arjun, who was riding the motorcycle in a rash and negligent manner, lost control and collided with the wall of the flyover.
The duo fell on the road and sustained severe injuries. Passers-by, along with the Hebbal traffic police rushed them to a near-by hospital where both of them succumbed.
The Hebbal traffic police have registered a case of death due to negligence, and rash and negligent riding against Arjun for further investigation.
Published - June 04, 2025 11:40 pm IST","899","CBMitgFBVV95cUxOUl9ZZHFLejZOaFBRQVpEemRyNUZLWTd3NElXM29UVlhvYlRyOS15eEFTTEk1c2dHdzVRYmRiNUhSLUUwR0FmUXRUcWU2X29CRzk5cE51QzZ2Mkk5SGxuVEg5d3pLdEVxODNkZEI5N2E4c05vT2l4QzUzTVJTOFViTUgwVXpRVjFHMkNyV2oxeHVmSk9aWlV2LUhBTzA4cTV0SXlPQWQtNVJFT2FfQzVHZmJ0VDhUQdIBvAFBVV95cUxOM2lSWnBpLWtjSFNtNmRsZ2hmYkoxM1JIVVh1TVY2WTZyMEtpSXZFUFJEMzRpQjk0WDliYjBjbkI0WHpoZS1JTVI3TXg0cllPMjlQajRNUjlYREhscHBuY3g0ZzB3c051UUdlWWFERFpSVzRScXBvTzlYeWhSY05jYjZuWjRFcmFURkJleE11VW1Xc29iTWR4VTNaaWZ2R1JnWUM2TWprenhjRUNVVjRtdERkOF9jQ2hWY2RkNw","",,"2025-06-04T07:00:00+00:00","""two killed"" accident ""Bengaluru"" ""Karnataka"" after:2022-12-31 before:2026-01-01","true","2026-09-24T19:04:07.863450+00:00","google-news","thehindu.com","The Hindu","Two killed in motorcycle accident in Bengaluru The Hindu","Two killed in motorcycle accident in Bengaluru - The Hindu","https://www.thehindu.com/news/national/karnataka/two-killed-in-motorcycle-accident-in-bengaluru/article69656277.ece"
,"https://deccanchronicle.com/southern-states/karnataka/two-killed-12-injured-as-ksrtc-bus-hits-stationary-lorry-in-ballari-1898034",,"Two killed, 12 injured as KSRTC bus hits stationary lorry in Ballari
The bus, which was on its way from Maski to Bengaluru, hit the parked lorry near Bairapur Cross on Saturday night after the driver lost control, police added
Ballari (Karnataka): Two passengers were killed and 12 others injured when a Karnataka State Road Transport Corporation (KSRTC) bus rammed into a stationary lorry near here, police said on Sunday.
The deceased were identified as Balanayak (46), a resident of Choudasandra village in Kanakapura taluk of Ramanagara district, and Shweta (42) of Malavalli taluk in Mandya district, they said.
The bus, which was on its way from Maski to Bengaluru, hit the parked lorry near Bairapur Cross on Saturday night after the driver lost control, police added.
The injured have been admitted to the Ballari Trauma Care Centre and the Siruguppa taluk hospital.
Preliminary investigation pointed to overspeeding by the driver as the cause of the accident.
The bodies were shifted to the Siruguppa government hospital for post-mortem, police further said.
A case has been registered at the Siruguppa police station.","1127","CBMizgFBVV95cUxPUER0VW1CUnBxZUlpdUNEOG9TZ2hNVThXVHpVR3o0blhHTGtTWUNhU3hxRGRHcXVDeXdTOFZ5RUhadzV2ZTM4WjFaVU0tYjVJRl9sQllaekItajhvMy1sbGEwOEdkTG1vSS1wSVpaWG1Bbm11dzRqZER2WVVKR0JPRmYwMjVNei04YVhORHpHVTRhMnRoTlBIeDctQ3NORzdtSkkwSmRvcUZLWl91TnFONHlRYjNIQnRiWW1KSll1MzJaTVN5a1dtNXNOWHFPQdIB0wFBVV95cUxNc1plUWhvWGNaelhwZnRsU3c4ajJsTWpmeU44RmRuczdJZURCM0dkdUt5ZTZaVTQxVmZlZUlkRU42Q2xlVmhhU0FqU3A3NVhTUmtqWVZsVFd6Yjg2RzZFOWpZZUl3NktpLXhqc3cxZ3ctcEJqYXc5OHI1aGpvNHdWQXdRMzZ6Q1FraGtfOUIwSGJpenAzSndBU0lBYW1QbEZlMkRDTnZnTDNVWVpNd1AtTkJMVXVOVDZzVnhFMzJLTkdWZjhkNlVKZzF6Rm5NREhyb2pN","",,"2025-08-17T07:00:00+00:00","""two killed"" accident ""Bengaluru"" ""Karnataka"" after:2022-12-31 before:2026-01-01","true","2026-09-24T19:04:07.863497+00:00","google-news","deccanchronicle.com","Deccan Chronicle","Two killed, 12 injured as KSRTC bus hits stationary lorry in Ballari Deccan Chronicle","Two killed, 12 injured as KSRTC bus hits stationary lorry in Ballari - Deccan Chronicle","https://www.deccanchronicle.com/southern-states/karnataka/two-killed-12-injured-as-ksrtc-bus-hits-stationary-lorry-in-ballari-1898034"
,"https://deccanherald.com/india/karnataka/mysuru/two-killed-several-injured-in-road-mishap-in-mysuru-district-3759368",,"Hunsur (Mysuru dist): Two persons were killed, while several passengers in the bus they were travelling in sustained injuries, a few of them grievously, in a road mishap in Hunsur taluk of Mysuru district on Friday morning..The deceased are identified as driver Shamshad and cleaner Dinesh of a private bus from Kerala. The mishap was a head-on collision between the bus and a lorry near Jadaganakoppalu in Hunsur taluk on the Mysuru-Madikeri Road during the early hours of Friday..‘Nijamahatma Babasaheba’, play on Ambedkar, to be staged in Mysuru.While bus driver Shamshad and cleaner Dinesh died on the spot, the lorry driver suffered a broken leg..Locals said the cause of the accident was a dead tree by the roadside that had collapsed on the road due to continuous heavy rains on Thursday night. When the bus driver suddenly saw the fallen tree, he maneuvered the vehicle from the left side to the right side of the road, resulting in a collision with the lorry coming from the opposite direction..Circle Inspector of Police Muniyappa expressed disappointment over the response of the ambulance service, stating that the emergency 108 vehicle did not arrive at the accident spot immediately, forcing the Police personnel to transport the injured victims to hospitals in Hunsur and Mysuru in police vehicles..Additional Superintendent of Police Nagesh visited the accident site.","1383","CBMivAFBVV95cUxQN1pwRW0wV2pOdDB3dHByWjVXbmZQNXpYOUQyZ0FMbDV0aXR3dm1vYlFKWGg3Z0JXbzJDSHVyck8zUndDQWhWb2ZfNndNN3U2UHpCai1hUGlZMlpKU0RiNmFGM1pKVU1WZ2wtZGQyb20zQ2c1bEdibUxxSG03MmtaMWVBWUFFM0hKVFhmbUZIb0pkeWh0a3hjVzA5czJJbGY3QkwtdzgwNmxieng0enZzVy00YW5aNDMwV1JIRQ","",,"2025-10-09T07:00:00+00:00","""two killed"" accident ""Bengaluru"" ""Karnataka"" after:2022-12-31 before:2026-01-01","true","2026-09-24T19:04:07.863544+00:00","google-news","deccanherald.com","Deccan Herald","Two killed, several injured in road mishap in Mysuru district Deccan Herald","Two killed, several injured in road mishap in Mysuru district - Deccan Herald","https://www.deccanherald.com/india/karnataka/mysuru/two-killed-several-injured-in-road-mishap-in-mysuru-district-3759368"
,"https://thehindu.com/news/national/karnataka/two-killed-in-separate-accidents-involving-bmtc-buses/article70304320.ece",,"Two people were killed in fatal accidents involving BMTC buses in VIjaya Nagar and Madiwala police station limits on Thursday.
According to the police, in one case, Sushelamma, 69, was alighting from a BMTC bus at Govindaraja Nagar stop when the bus moved. She lost control and came under the wheels and was crushed to death.
The Vijaya Nagar police have registered a case of death against the driver and seized the bus. The driver told the police that he failed to notice Shushelamma getting down.
In another incident, a 65-year-old vegetable vendor was killed after a speeding BMTC bus allegedly ran over him on Madiwala market road on Thursday. The deceased Venkataramanappa, a resident of Roopena Agrahara, was crossing the road.
The bus, coming from Krupanidhi junction, rammed a goods vehicle before knocking down the pedestrian. The police have arrested the driver who reportedly told the police that there he could not apply break due to technical snag, which resulted in the accident.
Published - November 20, 2025 10:34 pm IST","1036","CBMivwFBVV95cUxOQmdSZm5wLWR3YzE4VWQxRHNBQThuOUxLTWR4UTBaM2djNGJWRjFpV0VibmE1M0dieHREcnFTdXJ1VXN5cjBnYlpJMXlTeUgyLWVqUVpkVG02aHBDbmtrbmtFMnlnOVlaNGt3U3ViLUFtUDdHWWtsbTY5Y3F1Z0ozcnlCWnlZQURKT2lYNXVadkIwdHl2Ul9tUnZNcUlPZXZCNGdzVXVKZ0pyNWFSYWM3YVdCdW8zcHRlSWdpWHQ5UdIBxgFBVV95cUxNVktUTjFDYXpUUWd3UjlKWGRNdFBCcHpOcV9NS3Z6ZWlXVDBDMTNlX2FlZnBMSlBQX0FMSVZvYU5ldGVXRXhwWWFEUXBTZzVRUXdRdjhTdnVyNDhmTnBIc3JzZUNBelRSQXJ3ZE1QMFdMOUdJYXpIRHRhT2N2X3E1c1V1T2dvdlF6N3JlX29Ea2lTVm03NGlKRWNGbmZoQmRQeEpGSndhdUJGaTVnODB4b2RRT2R1V2VrTVgwT0RuSUVMejRqZWc","",,"2025-11-20T08:00:00+00:00","""two killed"" accident ""Bengaluru"" ""Karnataka"" after:2022-12-31 before:2026-01-01","true","2026-09-24T19:04:07.863589+00:00","google-news","thehindu.com","The Hindu","Two killed in separate accidents involving BMTC buses The Hindu","Two killed in separate accidents involving BMTC buses - The Hindu","https://www.thehindu.com/news/national/karnataka/two-killed-in-separate-accidents-involving-bmtc-buses/article70304320.ece"
,"https://deccanchronicle.com/southern-states/karnataka/two-killed-in-helium-cylinder-explosion-at-mysore-palace-gate-1926367",,"Two Killed in Helium Cylinder Explosion at Mysore Palace Gate
Police said a person was engaged in selling balloons on a bicycle using helium gas, and the cylinder exploded, resulting in the tragedy and people around him were injured
BENGALURU: Two people were killed on the spot after a gas cylinder containing helium to inflate balloons exploded at Jayamarthanda Gate of Mysore Palace in Mysuru city on Thursday at around 8.30 pm. In the helium gas cylinder explosion, four people sustained injuries, and the condition of one of the injured is said to be serious.
The injured were rushed to a hospital in Mysuru city. However, the identities of the deceased were not immediately established by the police.
The injured have been identified as Manjula, a resident of Nanjangud in Mysuru district, Lakshmi, belonging to Bengaluru, Shabbi,r a native of Kolkata and Kotesh, a resident of Ranebennur of Haveri district.
Police said a person was engaged in selling balloons on a bicycle using helium gas, and the cylinder exploded, resulting in the tragedy and people around him were injured. Owing to the explosion, the bodies of the deceased were strewn around the spot of the incident. There was a large congregation of people at the Mysuru Palace to visit the flower show in its premises, organised by Palace Board officials.
Devaraja police visited the spot while forensic science experts were pressed into service to gather details on the explosion. Commissioner of Police Seema Latkar told reporters that investigations are underway.
( Source : Deccan Chronicle )
Next Story","1575","CBMixgFBVV95cUxOVWlXSXFUQk8tR3Y1OTVVOVVkVkpzYTExWG9kbi13a2FSTmtkbWd5b1JVY2dEcmVpMnRVaVZ2emVfZXhTbUpYXzBPRlR6djRVRW5EdTFNNG93MW42blN4X1dJcFAtR2JmVVVBaUpTUGZwdHd5TGpHaVAtaVZaczJ2UDFqTkh2clRqdklIQ1NIcGpTSnlBVmExTWxYWURpOGFjSzdJaGFVZGtpODEyaGE5TFdTVzltYkMzdDI0SHRPcFd6TGFseGfSAcsBQVVfeXFMUGpJOTdnVlpzNTZVbTAwbGpNY0VaV20tOEdZZldaM2ZqVV90d3VQRUZyVjZJVlhiNW51Ykx1Wmt0Mi1pS09SZzVEMVliSXdteC16NmtLci0zbXhJQkJEOGZiT1FXSFIxZDRCbUF3NWpHWDVsSGF1WXloQm9hNVVBSkNnZDVrODN2Qy1tRkxpQUxlUGVubUpGejJNc2gyYjVaNVVqM1BlbVdfWDJjeTQwZ3ppdkozd3N6RDdXQzVJWllxdEdiZU9mODZiTWc","",,"2025-12-26T08:00:00+00:00","""two killed"" accident ""Bengaluru"" ""Karnataka"" after:2022-12-31 before:2026-01-01","true","2026-09-24T19:04:07.863634+00:00","google-news","deccanchronicle.com","Deccan Chronicle","Two Killed in Helium Cylinder Explosion at Mysore Palace Gate Deccan Chronicle","Two Killed in Helium Cylinder Explosion at Mysore Palace Gate - Deccan Chronicle","https://www.deccanchronicle.com/southern-states/karnataka/two-killed-in-helium-cylinder-explosion-at-mysore-palace-gate-1926367"
,"https://deccanherald.com/india/karnataka/karnataka-two-killed-more-than-75-injured-in-a-series-mishap-near-malavalli-3769786",,"Malavalli: Two women died and more than 75 people injured, in a series bus mishap, after the tyre of a KSRTC tyre burst, on the national highway, near Bachanahalli, Malavalli taluk, Mandya district, on Sunday evening.Two women admitted at the town hospital in Malavalli, and Mandya Institute of Medical Sciences (MIMS) succumbed to injuries. One of the deceased women has been identified as Rathnamma (50), treated at MIMS, and the other woman is yet to be identified.The incident occurred on the National Highway 948 near Bachanahalli, in the taluk. The driver of the KSRTC bus bound for Bengaluru from Kollegal lost control as the tyre burst and rammed into another bus coming in the opposite direction and also hit another bus from behind. .Karnataka's social-educational survey extended till Oct 31 as enumeration process lags behind.Ten passengers have sustained serious injuries and more than 65 people have suffered minor injuries. The injured were treated at the town hospital and many were shifted to MIMS for further treatment.Rural police rushed to the spot, and with the help of the people, shifted all the injured to the hospitals. The vehicular traffic on the route was disrupted for more than an hour due to the mishap. The bus driver has also suffered serious injuries.Additional SP Thimmaiah, CPI B S Sridhar visited the spot.Union Minister H D Kumaraswamy has also condoled the death of two women in the bus mishap and wished speedy recovery of others.","1470","CBMixwFBVV95cUxQOHhuM3Jyb2E3ajhVVVB1dDVrMUtTektBZTdnWFRzVldoOFJHdWFPdm5pbzZGZmNPT2JpbnBBZWlxQTdfcDMxcWtETm81dkVxS3dYVC0zcjhvcU1mR0JlUzItdDJTSGpUWUpBQ1BSeHlBNXozdVRGQzRIeVVwLTl2RGI2SWxIcTFfN29vcWYtRmQ3cENhdjVfVnMtUV9mOGQtVTkxRV9pY19tRzFCRHZGUC1id2J1VFg5S3pYeFU2UVlTM0lsR2E0","",,"2025-10-19T07:00:00+00:00","""two killed"" accident ""Bengaluru"" ""Karnataka"" after:2022-12-31 before:2026-01-01","true","2026-09-24T19:04:07.863683+00:00","google-news","deccanherald.com","Deccan Herald","Karnataka: Two killed, more than 75 injured in a series mishap near Malavalli Deccan Herald","Karnataka: Two killed, more than 75 injured in a series mishap near Malavalli - Deccan Herald","https://www.deccanherald.com/india/karnataka/karnataka-two-killed-more-than-75-injured-in-a-series-mishap-near-malavalli-3769786"
,"https://thehindu.com/news/national/karnataka/two-killed-in-bus-truck-collision-near-hunsur/article70148679.ece",,"Two persons were killed and several others were injured when a private bus and a cement-laden truck collided near Madhugiri Koppal Gate in Hunsur taluk in the early hours of Friday.
The bus, which was on its way to Bengaluru from Kozhikode, and the truck, which was heading towards Hunsur from Mysuru, collided head-on around 4:30 am.
The bus driver and cleaner died after being thrown out of the vehicle and were crushed under the cement bags, sources said.
The injured were admitted to K.R. Hospital in Mysuru.
Traffic on the Mysore-Hunsur Road was disrupted following the accident, and scattered cement bags were cleared using an earth mover.
Bilikeri police have registered a case.
Published - October 10, 2025 07:37 pm IST","727","CBMitAFBVV95cUxPMlo1ZUFNRWlRaDNhWW1uVzJMNmNrcXllbHNRVjRkWUdVcHR4bDhfOEt5aS1jZ0kwbG1VQUwxUnlsamhTUWx5UHhQdm5fV0lEbEIydDJuQm5pQjZNWkpDTGFMTlRDVDJkVFM3VEhjc2R1WEJtQnRzX25JVDdKYUlNRWhaZ21YY3pQd2tDYnhCcE1wcm45RWMzOE52SHpUT0dtdEVkWkxCOUNqSGdZM1JGV3QyekzSAbsBQVVfeXFMUEZfcE1XYVc4Q3AwSGRtUXh1dl8yeU5GekFnTGdORE4zRXN3MVVhaUU0RnF3NXRkU25mVkNwTnhlY2lJdG45Rmw1eklrMWtQeHFJYkpGN2M4b25PSkRZek95elR4QVVNeHNtMDJld0E3Y05CNVVqeXJ5Y3F4eVBYZURsVXZicU42X0oxTFk0aTZDaU1VMWRRanY0NXlMbEktQ0dFYmpMd2U5OEplTFpBVjZzclB1c2hnMWdpYw","",,"2025-10-10T07:00:00+00:00","""two killed"" accident ""Bengaluru"" ""Karnataka"" after:2022-12-31 before:2026-01-01","true","2026-09-24T19:04:07.863744+00:00","google-news","thehindu.com","The Hindu","Two killed in bus-truck collision near Hunsur The Hindu","Two killed in bus-truck collision near Hunsur - The Hindu","https://www.thehindu.com/news/national/karnataka/two-killed-in-bus-truck-collision-near-hunsur/article70148679.ece"
,"https://thehindu.com/news/national/karnataka/22-yr-old-student-killed-in-accident-while-navigating-a-bad-stretch-of-road/article70108669.ece",,"A 22-year-old student was killed when a speeding truck knocked her down while she was negotiating a bad patch of road near Budigere cross in Avalahalli Police Station limits on Monday.
The victim identified as Dhanushree, a resident of Hoskote and a final-year BCom student at a private college. On her way to college, while passing through Boodigere Cross she was trying to to avoid a bad patch of road when a truck from behind knocked her down. Dhanushree lost balance and slipped under the moving truck, and was killed on the spot.
The truck driver escaped soon after the accident. The police rushed to the spot and shifted the body for autopsy while registering a case of hit and run against the driver. The police have recovered the CCTV camera footage for further investigations, while the passers-by vented their ire blaming the bad road stretch for the accident.
A week ago, residents of Varthur and Gunjur staged a peaceful protest demanding pothole-free roads and urgent development of the nearby Varthur–Gunjur stretch, which has become hazardous due to poor maintenance.
The residents, including children and senior citizens, stood with placards calling for safer roads citing repeated accidents and a recent incident of a school bus breaking down as examples of the civic mess in the area. Their demands include resurfacing of the road, installation of traffic signals and turn-over, and long-term infrastructure upgrades.
Published - September 29, 2025 09:29 pm IST","1479","CBMi3AFBVV95cUxQRmwydmFSdktjNzlDNUR4Tzk3NmQ5NFhNQVJzaEFxWjZuTXQwN2Y5aHVxS2pTQzJPYUMwSVRHbnhwVFNLaXVqdDhPbl96TXVlSGhfMk1xSG5UMW5RNXoyanFiRTh3OUhPQW9xT01ES2pxSHBvQTJzRGhKcmw5SHF1QWtzUENVdU9aYV83MGFuMS1LVjZoX1JVcTl1U3JmTHB5VTVkR0RXS3ZWUDlRMnUzaHl4NzBDdXkzUllEcWNQSkdldUZNNkVSN2hMdi1ReEtXRHBzVExmLVVUR2V30gHjAUFVX3lxTE5obTJWS2ZwRnQ3V0x0VDlwSGczWUVCN2dwMU5DS21lTFZFelVlOC1Wc1ViMGFRc193WFh0MUFMalRueV8tWFM5YVMteTVnSHkwSmlzaG9yckhrVnN5VTI0aVl3U0l2QmdXVU1YM1pDX1ZRTFBTdVJJVnpXU09Qbjl0ekt6aVRXOENBdkp4UGpaRlY2TUlaMGR2R3VWRTZCYTJtclF5UHhvYlJqdTdRTjBpWm9ZRUVYVlNYVk9vTDVVQzlHQ2ZadmhOVE1GQkRMV0V0ZFJaT0Y0WTJETjM3a3Z3SmQ0","",,"2025-09-29T07:00:00+00:00","""two killed"" accident ""Bengaluru"" ""Karnataka"" after:2022-12-31 before:2026-01-01","true","2026-09-24T19:04:07.863796+00:00","google-news","thehindu.com","The Hindu","Bengaluru: 22-yr-old student killed in accident while navigating a bad stretch of road The Hindu","Bengaluru: 22-yr-old student killed in accident while navigating a bad stretch of road - The Hindu","https://www.thehindu.com/news/national/karnataka/22-yr-old-student-killed-in-accident-while-navigating-a-bad-stretch-of-road/article70108669.ece"
,"https://thehindu.com/news/national/karnataka/two-killed-in-bus-pile-up-near-malavalli/article70183408.ece",,"A pile-up involving three KSRTC buses near Malavalli in Mandya district resulted in the death of two persons while scores of passengers were injured, on Sunday evening.
The accident took place on National Highway 948 near Bachanahalli, and the condition of 10 of the injured is said to be critical.
According to the police, the accident occurred when a KSRTC bus from Kollegal which was proceeding towards Bengaluru lost control after a tyre burst and collided with another bus coming from the opposite direction. A third bus on the same stretch of road then rammed into the pile-up.
The local people immediately alerted the police and the injured were shifted to the taluk hospital. Those with severe injuries were taken to Mysuru and Mandya. The impact of the collision was such that the front portion of the vehicles was reduced to a mass of mangled metal.
Vehicle movement on the highway was affected for nearly an hour. Senior police officials visited the spot.
Published - October 19, 2025 09:57 pm IST","1008","CBMirgFBVV95cUxOUzN2bDdCNWVDNF9KQklWNVZvMDlSYlJSN1FVOWx2S3owNDZyRFlyb1daRno2ZUlxSVBOOTZJVHpqYlViLUtFVzRTTzZUYkNDOUZ6SWw0UndlbkJPMnN4YmEtS0Y5WUY3ZVZXeVJQdk9IQlMyTW9FQ1dOS0tYZWV2TnlzMWVyWkEzUjFnRTlRSjVpckpqNlBVckMwb050ZGEwWVI2Ti16VUlTMXpLZ3fSAbQBQVVfeXFMTmRZeHdEWnRMdHE0U2RYeXliRjZDVHBfdlFhVWdvZ3Y4MmVZNm11dUxXbnJVU3F6MGtQZkktWUNSRzJtUVZnVlFkLUFFVWJFT0djZ3pBcW9wWHJKSkdxVjF4ejBpZ2liWjhpMlJZbzlETnVOUjBQUkVCSGMzM19uQmMyX2c5Q1Y3bmI2Y1kyb0VuUTl1QklGdTVuZzlhUGFLYmUwaXVkMmRrLXhRWUNhZVc3aTJs","",,"2025-10-19T07:00:00+00:00","""two killed"" accident ""Bengaluru"" ""Karnataka"" after:2022-12-31 before:2026-01-01","true","2026-09-24T19:04:07.863843+00:00","google-news","thehindu.com","The Hindu","Two killed in bus pile-up near Malavalli The Hindu","Two killed in bus pile-up near Malavalli - The Hindu","https://www.thehindu.com/news/national/karnataka/two-killed-in-bus-pile-up-near-malavalli/article70183408.ece"
